Dates,FutRet,xomRet,bpRet,rdsaRet,gb03
1/1/2003,#N/A N/A,0.5468,0.3704,-0.757,1.195
1/2/2003,#N/A N/A,1.5169,1.599,3.6234,1.205
1/3/2003,#N/A N/A,0.0846,-0.3874,-1.4723,1.215
1/6/2003,#N/A N/A,2.4789,1.7987,2.7084,1.195
1/7/2003,#N/A N/A,-3.381,-3.3668,-0.7729,1.195
1/8/2003,#N/A N/A,-0.4267,-0.7907,-1.5808,1.185
1/9/2003,#N/A N/A,2.1143,1.4944,0.5587,1.195
1/10/2003,#N/A N/A,-1.399,-0.3436,-0.463,1.195
1/13/2003,#N/A N/A,-0.3973,-1.0835,-0.8605,1.184
1/14/2003,#N/A N/A,0.9117,-1.2945,-1.0087,1.195
1/15/2003,#N/A N/A,-1.3834,-1.3115,-0.8768,1.185
1/16/2003,#N/A N/A,0.4581,0.8178,0.1434,1.174
1/17/2003,#N/A N/A,-1.0544,-1.09,-1.7427,1.174
1/20/2003,#N/A N/A,-1.0544,-1.09,-3.1341,1.174
1/21/2003,#N/A N/A,-2.3041,-3.8954,-1.8059,1.164
1/22/2003,#N/A N/A,-1.2677,-1.1467,-2.2989,1.164
1/23/2003,#N/A N/A,-0.2389,-0.8632,-0.4706,1.164
1/24/2003,#N/A N/A,-2.155,-2.0408,-1.1032,1.144
1/27/2003,#N/A N/A,-2.6614,-1.75,-3.6122,1.164
1/28/2003,#N/A N/A,2.6398,3.1665,0.8542,1.175
1/29/2003,#N/A N/A,3.6436,4.9603,3.1421,1.174
1/30/2003,#N/A N/A,-1.8316,-2.0627,1.8278,1.164
1/31/2003,#N/A N/A,2.7686,3.9989,0.3382,1.174
2/3/2003,#N/A N/A,1.4056,-0.5127,1.0111,1.174
2/4/2003,#N/A N/A,0,0.0773,-2.4127,1.164
2/5/2003,#N/A N/A,-1.4438,-0.3347,1.6307,1.164
2/6/2003,#N/A N/A,-0.8497,-2.6866,-4.1667,1.164
2/7/2003,#N/A N/A,-0.7736,0.0265,-1.5663,1.164
2/10/2003,#N/A N/A,0.7796,0.7431,1.0974,1.174
2/11/2003,#N/A N/A,-0.7141,0.3688,1.1126,1.175
2/12/2003,#N/A N/A,-2.0078,-1.0499,-2.8717,1.164
2/13/2003,#N/A N/A,1.315,0.9284,-1.5198,1.164
2/14/2003,#N/A N/A,0.9357,1.3141,1.9641,1.174
2/17/2003,#N/A N/A,0.9357,1.3141,1.3759,1.166
2/18/2003,#N/A N/A,0.927,0.856,1.6015,1.174
2/19/2003,#N/A N/A,0.0889,-1.0802,-1.9236,1.174
2/20/2003,#N/A N/A,-0.444,0.052,-0.681,1.185
2/21/2003,#N/A N/A,1.6354,3.8721,1.4262,1.185
2/24/2003,#N/A N/A,-0.5266,-0.4253,0.5949,1.195
2/25/2003,#N/A N/A,0.4118,-0.5025,-2.0699,1.195
2/26/2003,#N/A N/A,-0.8787,-0.9933,-1.4548,1.195
2/27/2003,#N/A N/A,0.4137,-1.0828,0.8635,1.195
2/28/2003,#N/A N/A,0.1177,-0.6776,1.4913,1.195
3/3/2003,#N/A N/A,1.2934,3.0701,1.6327,1.184
3/4/2003,#N/A N/A,-0.6674,0.1527,-0.6693,1.185
3/5/2003,#N/A N/A,2.0158,-0.1779,-1.0782,1.174
3/6/2003,#N/A N/A,-1.0309,-0.4329,-0.4087,1.164
3/7/2003,#N/A N/A,0.6655,-0.6138,-2.7086,1.113
3/10/2003,#N/A N/A,-1.2647,-1.9557,-0.7312,1.072
3/11/2003,#N/A N/A,0.6405,0.3937,0.17,1.083
3/12/2003,#N/A N/A,-1.4753,-2.6144,-5.2885,1.083
3/13/2003,#N/A N/A,1.2625,3.0604,5.8226,1.134
3/14/2003,#N/A N/A,-0.2899,-0.026,2.9345,1.123
3/17/2003,#N/A N/A,1.9192,2.7879,4.1667,1.144
3/18/2003,#N/A N/A,0.5706,-0.6337,-0.6842,1.154
3/19/2003,#N/A N/A,0.9645,0.4082,1.9608,1.154
3/20/2003,#N/A N/A,0,-0.0254,-1.4813,1.154
3/21/2003,#N/A N/A,1.152,1.7281,2.4796,1.174
3/24/2003,#N/A N/A,-1.9167,-2.1984,-3.1918,1.174
3/25/2003,#N/A N/A,1.0195,2.2989,3.1641,1.175
3/26/2003,#N/A N/A,0.5327,0.9738,1.1082,1.164
3/27/2003,#N/A N/A,0.1673,-2.3244,-2.6765,1.144
3/28/2003,#N/A N/A,0.3062,-0.3797,1.8072,1.123
3/31/2003,#N/A N/A,-2.9975,-1.9314,-4.0134,1.113
4/1/2003,#N/A N/A,2.0029,2.695,2.7875,1.113
4/2/2003,#N/A N/A,0.1403,-3.1037,1.382,1.123
4/3/2003,#N/A N/A,-1.8207,-0.1042,0.6173,1.103
4/4/2003,#N/A N/A,1.3409,2.0594,0.4601,1.103
4/7/2003,#N/A N/A,-1.3232,-1.2771,2.5191,1.154
4/8/2003,#N/A N/A,-1.3409,-0.5175,-1.7126,1.144
4/9/2003,#N/A N/A,-0.3181,0.3901,0.2525,1.123
4/10/2003,#N/A N/A,0.6092,1.0363,-2.3929,1.134
4/11/2003,#N/A N/A,-1.0092,-1.6667,0.9548,1.164
4/14/2003,#N/A N/A,1.573,2.0078,0.4857,1.174
4/15/2003,#N/A N/A,0.5162,-0.4346,1.0939,1.175
4/16/2003,#N/A N/A,-1.0271,-1.0013,-0.8556,1.164
4/17/2003,#N/A N/A,0.9801,0.778,0.6345,1.174
4/18/2003,#N/A N/A,0.9801,0.778,0.6345,1.164
4/21/2003,#N/A N/A,-0.4568,0.0515,0.6345,1.174
4/22/2003,#N/A N/A,1.5773,1.5947,-0.5801,1.164
4/23/2003,#N/A N/A,-0.2259,-0.8608,0.6342,1.164
4/24/2003,#N/A N/A,-0.5942,0.5873,-2.0671,1.144
4/25/2003,#N/A N/A,-0.9678,-2.7418,-2.5099,1.134
4/28/2003,#N/A N/A,1.7821,1.1224,2.4119,1.134
4/29/2003,#N/A N/A,-1.638,-0.9551,-1.6671,1.134
4/30/2003,#N/A N/A,1.0623,0.4431,-1.3724,1.113
5/1/2003,#N/A N/A,0.7955,0.2335,-1.3724,1.093
5/2/2003,#N/A N/A,1.5784,1.9933,2.5921,1.123
5/5/2003,#N/A N/A,-1.6371,0,0.8511,1.103
5/6/2003,#N/A N/A,-0.7052,1.1929,1.6614,1.103
5/7/2003,#N/A N/A,0.5966,0.0502,-0.3372,1.103
5/8/2003,#N/A N/A,-0.1977,-0.5766,-1.5617,1.093
5/9/2003,#N/A N/A,1.0753,1.059,1.2692,1.103
5/12/2003,#N/A N/A,0.2255,1.2974,0.5222,1.072
5/13/2003,#N/A N/A,-0.0563,0.8867,0.5195,1.073
5/14/2003,#N/A N/A,-0.9006,-0.7153,0.2584,1.032
5/15/2003,#N/A N/A,0.2272,1.2174,0.6959,1.052
5/16/2003,#N/A N/A,0.4534,0.3927,0.3583,1.032
5/19/2003,#N/A N/A,-1.1566,-1.956,-2.8309,1.052
5/20/2003,#N/A N/A,0.7991,2.0948,0.8399,1.021
5/21/2003,#N/A N/A,1.3307,1.0992,-1.3795,1.073
5/22/2003,#N/A N/A,0.4471,-0.0725,1.6363,1.072
5/23/2003,#N/A N/A,0.0834,-0.6044,-0.4414,1.072
5/26/2003,#N/A N/A,0.0834,-0.6044,-0.2347,1.072
5/27/2003,#N/A N/A,2.0289,2.773,0.3137,1.082
5/28/2003,#N/A N/A,-0.7083,-0.355,1.6419,1.093
5/29/2003,#N/A N/A,-1.3169,-0.2613,-0.8718,1.093
5/30/2003,#N/A N/A,1.1954,-0.2382,-0.5691,1.103
6/2/2003,#N/A N/A,0.4945,0.6207,1.5869,1.123
6/3/2003,#N/A N/A,1.0935,0.8304,0.1536,1.086
6/4/2003,#N/A N/A,1.1357,1.9765,2.0967,1.045
6/5/2003,#N/A N/A,-0.6417,-0.3922,-1.3774,1.045
6/6/2003,#N/A N/A,0.4844,-0.7413,1.8283,1.045
6/9/2003,#N/A N/A,0.3214,-0.4201,-0.9227,1.024
6/10/2003,#N/A N/A,0.2136,1.6639,1.3088,0.973
6/11/2003,#N/A N/A,1.7581,2.8124,2.2609,0.932
6/12/2003,#N/A N/A,0,-0.0448,1.9679,0.912
6/13/2003,#N/A N/A,-0.7068,-1.5253,-2.2159,0.851
6/16/2003,#N/A N/A,1.0018,1.2528,1.7057,0.861
6/17/2003,#N/A N/A,-1.6706,-0.8999,-0.3594,0.892
6/18/2003,#N/A N/A,-0.876,0.1589,0.6492,0.881
6/19/2003,#N/A N/A,-1.2319,-1.3373,-1.505,0.81
6/20/2003,#N/A N/A,0.0271,-0.023,1.5038,0.82
6/23/2003,#N/A N/A,0.1355,-0.4825,-1.4337,0.83
6/24/2003,#N/A N/A,-0.1083,-0.7619,0,0.82
6/25/2003,#N/A N/A,-0.6504,-0.3723,0.2667,0.912
6/26/2003,#N/A N/A,0.1091,-0.724,-0.3868,0.881
6/27/2003,#N/A N/A,-0.8992,-0.9645,-0.2184,0.861
6/30/2003,#N/A N/A,-1.2648,-0.19,-1.6784,0.851
7/1/2003,#N/A N/A,0.7519,0.0714,-1.3855,0.881
7/2/2003,#N/A N/A,0.2764,-0.5232,1.3297,0.861
7/3/2003,#N/A N/A,-0.6064,-1.028,-0.5694,0.851
7/4/2003,#N/A N/A,-0.6064,-1.028,-0.1494,0.861
7/7/2003,#N/A N/A,-0.0277,0.1208,2.3691,0.891
7/8/2003,#N/A N/A,-1.1096,-0.7238,-0.3898,0.902
7/9/2003,#N/A N/A,0.5891,-1.2151,-1.5407,0.881
7/10/2003,#N/A N/A,-1.0039,-0.9594,-1.4655,0.881
7/11/2003,#N/A N/A,0.2817,0.919,1.3612,0.881
7/14/2003,#N/A N/A,-0.8427,-1.4275,0.8704,0.891
7/15/2003,#N/A N/A,-0.3116,-1.8727,-1.9724,0.902
7/16/2003,#N/A N/A,-0.7673,0.7125,0,0.902
7/17/2003,#N/A N/A,0.8018,1.5664,1.2072,0.892
7/18/2003,#N/A N/A,1.9318,0.7463,0.2485,0.891
7/21/2003,#N/A N/A,-1.3935,-0.8642,-0.8428,0.902
7/22/2003,#N/A N/A,0.961,2.0922,1.25,0.922
7/23/2003,#N/A N/A,-0.14,-0.2684,-0.4938,0.912
7/24/2003,#N/A N/A,-1.1775,0.7828,-0.0248,0.912
7/25/2003,#N/A N/A,1.4468,0.6068,-2.2338,0.922
7/28/2003,#N/A N/A,-0.028,1.3752,0.7762,0.953
7/29/2003,#N/A N/A,-0.8951,-0.7853,-2.0282,0.984
7/30/2003,#N/A N/A,-0.3105,0.2399,-0.2883,0.963
7/31/2003,#N/A N/A,0.7361,-0.5743,2.4967,0.943
8/1/2003,#N/A N/A,-0.7026,-0.698,-2.3077,0.932
8/4/2003,#N/A N/A,0.7925,0.5817,-0.21,0.963
8/5/2003,#N/A N/A,-0.7301,-0.0482,0.7365,0.953
8/6/2003,#N/A N/A,1.1315,0.0241,-0.3133,0.943
8/7/2003,#N/A N/A,1.3986,1.8318,1.8858,0.932
8/8/2003,#N/A N/A,0.7448,0.355,1.5424,0.963
8/11/2003,#N/A N/A,0.6846,1.4151,2.481,0.943
8/12/2003,#N/A N/A,0.5203,-0.6977,-0.0741,0.943
8/13/2003,#N/A N/A,-0.5721,0.3115,-0.445,0.943
8/14/2003,#N/A N/A,1.2055,1.1792,1.9369,0.953
8/15/2003,#N/A N/A,-0.2978,-1.1655,-0.2436,0.953
8/18/2003,#N/A N/A,0.2444,0.7075,0.8303,0.953
8/19/2003,#N/A N/A,-0.6501,-1.1007,-0.6297,0.953
8/20/2003,#N/A N/A,0.3272,0.4973,-0.7799,0.953
8/21/2003,#N/A N/A,0.6793,-0.6126,1.351,0.963
8/22/2003,#N/A N/A,-1.4035,-0.9009,0.4847,0.973
8/25/2003,#N/A N/A,0.657,0.5024,-0.6995,0.994
8/26/2003,#N/A N/A,0.1632,-0.7855,-1.093,0.994
8/27/2003,#N/A N/A,1.1404,0.3839,0.5648,0.994
8/28/2003,#N/A N/A,0.8054,0.8604,0.6105,0.973
8/29/2003,#N/A N/A,0.3995,-1.1374,-1.335,0.973
9/1/2003,#N/A N/A,0.3995,-1.1374,1.23,0.973
9/2/2003,#N/A N/A,0.7162,1.3902,0.6075,0.963
9/3/2003,#N/A N/A,0.2897,1.3712,1.2077,0.973
9/4/2003,#N/A N/A,0.2101,0.2799,-0.1193,0.963
9/5/2003,#N/A N/A,-0.4979,-0.9767,-0.8124,0.943
9/8/2003,#N/A N/A,1.3168,1.4561,0.7709,0.953
9/9/2003,#N/A N/A,-0.9358,-1.0417,-1.5061,0.953
9/10/2003,#N/A N/A,-0.2886,-0.4444,-0.9951,0.953
9/11/2003,#N/A N/A,0,0.9398,0.1716,0.953
9/12/2003,#N/A N/A,-0.7105,0.2793,-1.2726,0.953
9/15/2003,#N/A N/A,-0.5831,-0.4875,-0.5454,0.943
9/16/2003,#N/A N/A,0.5332,0.3732,0.8225,0.953
9/17/2003,#N/A N/A,-2.3071,-0.8831,-0.445,0.943
9/18/2003,#N/A N/A,0.6515,-0.5393,-1.2665,0.953
9/19/2003,#N/A N/A,-0.2427,-0.4715,-0.4024,0.943
9/22/2003,#N/A N/A,-0.7299,0.8527,-1.2374,0.932
9/23/2003,#N/A N/A,0.9259,-0.775,-0.6392,0.943
9/24/2003,#N/A N/A,-0.4317,0.9467,1.0036,0.932
9/25/2003,#N/A N/A,0.6775,0.6096,0.8917,0.932
9/26/2003,#N/A N/A,-0.996,-1.3983,-2.3232,0.943
9/29/2003,#N/A N/A,0.6525,-0.7327,-0.6722,0.943
9/30/2003,#N/A N/A,-1.1345,0.2381,-1.848,0.943
10/1/2003,#N/A N/A,2.0492,2.4941,1.5115,0.943
10/2/2003,#N/A N/A,0.5622,-0.8575,-0.4963,0.932
10/3/2003,#N/A N/A,0.5059,1.8467,2.6254,0.932
10/6/2003,#N/A N/A,0.9007,0.2066,-0.5372,0.922
10/7/2003,#N/A N/A,0.6563,0.71,-0.7202,0.912
10/8/2003,#N/A N/A,-0.7825,-0.705,-0.6995,0.892
10/9/2003,#N/A N/A,-0.2366,0.1374,1.5914,0.902
10/10/2003,#N/A N/A,0.9223,0.7777,0.3852,0.902
10/13/2003,#N/A N/A,0.47,1.5207,2.0721,0.902
10/14/2003,#N/A N/A,0.6757,-1.252,-0.4261,0.902
10/15/2003,#N/A N/A,-0.6453,-0.6113,0.8558,0.922
10/16/2003,#N/A N/A,1.0912,-0.3417,-0.1497,0.922
10/17/2003,#N/A N/A,-0.6425,-0.3429,0,0.922
10/20/2003,#N/A N/A,-0.1035,-0.2752,-0.4249,0.932
10/21/2003,#N/A N/A,-0.6991,-0.782,-0.1004,0.953
10/22/2003,#N/A N/A,-2.6076,-0.5563,-1.3568,0.953
10/23/2003,#N/A N/A,0.6693,-0.7226,-2.5726,0.943
10/24/2003,#N/A N/A,0.6649,0.5166,-0.8889,0.943
10/27/2003,#N/A N/A,-0.2906,-0.8409,-0.0264,0.963
10/28/2003,#N/A N/A,0.6889,-0.5183,0.1847,0.953
10/29/2003,#N/A N/A,-0.5,0.0474,-0.237,0.953
10/30/2003,#N/A N/A,-3.9937,-1.3018,-0.3432,0.953
10/31/2003,#N/A N/A,0.7713,1.6307,1.1126,0.953
11/3/2003,#N/A N/A,0.2734,0.2124,1.9911,0.932
11/4/2003,#N/A N/A,-0.9815,0.1884,0.0514,0.943
11/5/2003,#N/A N/A,-0.7985,0.094,-0.8216,0.953
11/6/2003,#N/A N/A,-0.3053,-0.1878,0.6213,0.943
11/7/2003,#N/A N/A,-0.3062,0.6351,0.5145,0.953
11/10/2003,#N/A N/A,0.5624,-0.4675,-0.7423,0.942
11/11/2003,#N/A N/A,0.811,0.047,-0.5673,0.943
11/12/2003,#N/A N/A,-0.0832,1.0164,-1.0373,0.943
11/13/2003,#N/A N/A,0.6663,-0.2347,0.131,0.953
11/14/2003,#N/A N/A,-0.717,0.9647,0.4187,0.953
11/17/2003,#N/A N/A,-1.1111,-0.7924,-1.7462,0.943
11/18/2003,#N/A N/A,-1.264,-1.0806,-0.7958,0.953
11/19/2003,#N/A N/A,0.825,0.9261,0.0267,0.943
11/20/2003,#N/A N/A,-0.3668,0.4706,0.2406,0.943
11/21/2003,#N/A N/A,0.085,-0.2342,-0.3467,0.932
11/24/2003,#N/A N/A,0.6225,0.8216,1.8464,0.932
11/25/2003,#N/A N/A,0.7312,-0.8149,-0.5518,0.932
11/26/2003,#N/A N/A,1.2842,0.6808,-0.317,0.932
11/27/2003,#N/A N/A,1.2842,0.6808,0.159,0.932
11/28/2003,#N/A N/A,-0.2205,-0.4663,-0.8203,0.932
12/1/2003,#N/A N/A,0.5249,1.1947,1.6809,0.912
12/2/2003,#N/A N/A,0.3023,-0.5093,0.0787,0.932
12/3/2003,#N/A N/A,0.1096,0.5119,0.3408,0.932
12/4/2003,#N/A N/A,1.3136,1.1111,0.0261,0.912
12/5/2003,#N/A N/A,-0.6483,-0.1832,0.209,0.912
12/8/2003,#N/A N/A,1.6857,1.8349,-0.6517,0.912
12/9/2003,#N/A N/A,0.6417,1.509,2.3616,0.912
12/10/2003,#N/A N/A,0.3985,0.3328,0.0513,0.902
12/11/2003,#N/A N/A,0.3175,1.0615,0.7686,0.892
12/12/2003,#N/A N/A,0.3957,1.4223,-0.1271,0.891
12/15/2003,#N/A N/A,-0.6831,-1.6181,-0.1527,0.891
12/16/2003,#N/A N/A,1.7725,0.5044,0.5354,0.902
12/17/2003,#N/A N/A,1.0658,2.7275,1.4456,0.892
12/18/2003,#N/A N/A,1.3632,2.3152,1.75,0.881
12/19/2003,#N/A N/A,0.4821,0.5398,1.1057,0.871
12/22/2003,#N/A N/A,-0.3283,-0.0619,-0.3645,0.881
12/23/2003,#N/A N/A,0.7094,-0.6198,-0.5122,0.892
12/24/2003,#N/A N/A,0.2013,0.7484,0.2697,0.892
12/25/2003,#N/A N/A,0.2013,0.7484,0.2697,0.891
12/26/2003,#N/A N/A,0.5523,0.6397,0.2697,0.861
12/29/2003,#N/A N/A,1.3233,0.4101,0.8557,0.871
12/30/2003,#N/A N/A,0.2464,0.2246,0.6061,0.932
12/31/2003,#N/A N/A,0.7866,0.5501,0.7229,0.922
1/1/2004,#N/A N/A,0.7866,0.5501,0.7229,0.922
1/2/2004,#N/A N/A,-0.9024,0.1013,0.4785,0.902
1/5/2004,#N/A N/A,2.3382,1.0121,0,0.922
1/6/2004,#N/A N/A,-0.6734,0.6413,0.381,0.912
1/7/2004,#N/A N/A,-0.7264,-2.3895,-1.6603,0.902
1/8/2004,#N/A N/A,-0.2439,0.102,-0.0724,0.871
1/9/2004,#N/A N/A,-1.4914,0.0204,-7.6515,0.861
1/12/2004,#N/A N/A,1.4147,1.2021,-0.3136,0.871
1/13/2004,#N/A N/A,-0.4405,-0.5436,0.0787,0.881
1/14/2004,#N/A N/A,0,-1.6194,-0.8122,0.871
1/15/2004,#N/A N/A,-0.9833,-0.7202,-0.1057,0.871
1/16/2004,#N/A N/A,0.5462,-0.4974,-0.0264,0.881
1/19/2004,#N/A N/A,0.5462,-0.4974,0.767,0.881
1/20/2004,#N/A N/A,0.9383,1.5622,-0.5249,0.871
1/21/2004,#N/A N/A,1.3454,2.5021,0.9763,0.881
1/22/2004,#N/A N/A,-0.3621,-0.7203,-0.81,0.871
1/23/2004,#N/A N/A,-0.5814,-1.7533,-0.2634,0.881
1/26/2004,#N/A N/A,1.2427,-0.3077,0.2113,0.902
1/27/2004,#N/A N/A,-0.8664,0.1235,0.3954,0.912
1/28/2004,#N/A N/A,-0.9226,-0.4521,0.8401,0.932
1/29/2004,#N/A N/A,1.6173,-0.7638,0.2343,0.932
1/30/2004,#N/A N/A,-1.6397,-0.9777,-1.3247,0.912
2/2/2004,#N/A N/A,-0.2452,-0.084,0.2632,0.922
2/3/2004,#N/A N/A,-0.6881,0.4415,-0.105,0.932
2/4/2004,#N/A N/A,-0.1485,-0.3977,-0.1314,0.922
2/5/2004,#N/A N/A,0.0743,-0.6515,-1.3158,0.932
2/6/2004,#N/A N/A,0.3219,0.6981,-1.9733,0.922
2/9/2004,#N/A N/A,1.1602,1.6807,1.0609,0.932
2/10/2004,#N/A N/A,0.8839,-1.7562,0.5114,0.943
2/11/2004,#N/A N/A,2.02,0.7781,0.2142,0.922
2/12/2004,#N/A N/A,-0.0239,-0.3965,0.3474,0.912
2/13/2004,#N/A N/A,0,0.6704,-0.5859,0.912
2/16/2004,#N/A N/A,0,0.6704,0.5626,0.912
2/17/2004,#N/A N/A,0.7635,1.3944,0.5328,0.912
2/18/2004,#N/A N/A,-1.0182,-0.7594,-0.265,0.932
2/19/2004,#N/A N/A,0.3589,0.4802,1.1955,0.932
2/20/2004,#N/A N/A,0.1907,0.748,0.7088,0.932
2/23/2004,#N/A N/A,1.3086,0.0206,1.0688,0.943
2/24/2004,#N/A N/A,-0.6341,0.0619,-0.9543,0.953
2/25/2004,#N/A N/A,0.8036,0.4327,1.1458,0.963
2/26/2004,#N/A N/A,-0.7972,0.595,1.8023,0.953
2/27/2004,#N/A N/A,-0.3309,0.3467,0.4047,0.943
3/1/2004,#N/A N/A,0.83,2.0935,1.7632,0.953
3/2/2004,#N/A N/A,-1.1289,-1.2542,0.8911,0.963
3/3/2004,#N/A N/A,-0.333,0.121,1.472,0.953
3/4/2004,#N/A N/A,-0.358,0.6041,-0.6044,0.963
3/5/2004,#N/A N/A,1.7725,0.2802,-1.873,0.953
3/8/2004,#N/A N/A,0.1647,-0.3194,1.1155,0.943
3/9/2004,#N/A N/A,0.5169,-0.841,-1.0787,0.953
3/10/2004,#N/A N/A,-0.8181,-0.3029,1.3631,0.953
3/11/2004,#N/A N/A,-2.5454,-1.1343,-3.0562,0.943
3/12/2004,#N/A N/A,1.6445,0.3893,0.2522,0.953
3/15/2004,#N/A N/A,-0.5948,0.7347,-1.283,0.943
3/16/2004,#N/A N/A,0.6941,0.6078,-0.3568,0.953
3/17/2004,#N/A N/A,0.4041,0.6041,1.1509,0.932
3/18/2004,#N/A N/A,0.5208,0.4404,-3.3375,0.932
3/19/2004,#N/A N/A,-2.261,-0.1993,0.2093,0.932
3/22/2004,#N/A N/A,-1.3494,-2.2963,-1.4096,0.932
3/23/2004,#N/A N/A,-0.4397,0.4496,-0.4766,0.943
3/24/2004,#N/A N/A,-1.6192,-1.4242,0.6385,0.932
3/25/2004,#N/A N/A,0.3741,-1.0114,0.2379,0.932
3/26/2004,#N/A N/A,1.2174,1.0425,1.0021,0.943
3/29/2004,#N/A N/A,0.8591,2.0429,0.9922,0.943
3/30/2004,#N/A N/A,1.1195,3.3771,0.5688,0.953
3/31/2004,#N/A N/A,0.0963,0.1565,-0.6427,0.943
4/1/2004,#N/A N/A,-0.1683,-0.625,0.414,0.932
4/2/2004,#N/A N/A,0.9393,2.2013,1.7264,0.943
4/5/2004,#N/A N/A,0.8113,1.8269,1.1145,0.932
4/6/2004,#N/A N/A,-0.142,0.9065,0.5762,0.932
4/7/2004,#N/A N/A,-0.6874,0.2995,-0.1743,0.932
4/8/2004,#N/A N/A,1.3126,-0.1493,0.0998,0.932
4/9/2004,#N/A N/A,1.3126,-0.1493,0.0998,0.932
4/12/2004,#N/A N/A,1.5548,0.542,0.0998,0.932
4/13/2004,#N/A N/A,-0.6727,-0.3532,1.9442,0.943
4/14/2004,#N/A N/A,1.121,-1.1192,-0.5379,0.953
4/15/2004,#N/A N/A,0.8776,2.1694,1.647,0.943
4/16/2004,#N/A N/A,0.4121,0.1662,0.7255,0.932
4/19/2004,#N/A N/A,-0.2964,-0.5899,-0.1441,0.943
4/20/2004,#N/A N/A,-2.2868,-2.3364,0.2645,0.994
4/21/2004,#N/A N/A,0.5149,-0.4177,-0.5516,0.983
4/22/2004,#N/A N/A,0.8149,1.4871,0.2653,0.953
4/23/2004,#N/A N/A,-0.7621,-0.3945,0.1924,0.973
4/26/2004,#N/A N/A,0.0931,-0.1886,0.168,0.963
4/27/2004,#N/A N/A,1.7205,1.4739,0.0246,0.973
4/28/2004,#N/A N/A,-1.44,-1.0987,-0.9086,0.983
4/29/2004,#N/A N/A,-1.3451,-1.9959,0.7187,0.973
4/30/2004,#N/A N/A,0.0235,1.633,-0.1722,0.963
5/3/2004,#N/A N/A,2.6557,0.7183,0.9367,0.973
5/4/2004,#N/A N/A,-0.3663,0.4129,0.8303,1.004
5/5/2004,#N/A N/A,1.08,1.7196,0.9445,0.983
5/6/2004,#N/A N/A,-0.3637,0.2205,-0.3119,0.994
5/7/2004,#N/A N/A,-1.3233,-1.0634,0.361,1.055
5/10/2004,#N/A N/A,-2.7746,-3.2246,-2.3022,1.045
5/11/2004,#N/A N/A,1.9501,0.8234,1.1291,1.045
5/12/2004,#N/A N/A,0.939,0.3514,-0.4126,1.024
5/13/2004,#N/A N/A,-0.6279,-0.0572,0.4874,0.994
5/14/2004,#N/A N/A,1.2637,1.0115,-0.0243,0.983
5/17/2004,#N/A N/A,-0.5084,-0.8691,-1.6982,0.994
5/18/2004,#N/A N/A,-0.8362,-2.2108,-0.4442,1.045
5/19/2004,#N/A N/A,-0.2108,0.955,1.0164,1.035
5/20/2004,#N/A N/A,0.3052,-0.7722,-0.5644,1.024
5/21/2004,#N/A N/A,-0.3042,0.2335,-0.0247,1.024
5/24/2004,#N/A N/A,0.4695,1.8439,0.7159,1.034
5/25/2004,#N/A N/A,2.3832,2.4967,0.5392,1.075
5/26/2004,#N/A N/A,-0.6162,-0.4091,0.9508,1.075
5/27/2004,#N/A N/A,-0.4133,-0.1867,-0.5071,1.065
5/28/2004,#N/A N/A,-0.2767,-0.8605,-0.4854,1.065
5/31/2004,#N/A N/A,-0.2767,-0.8605,0.6098,1.065
6/1/2004,#N/A N/A,1.0405,0.6604,-0.5818,1.116
6/2/2004,#N/A N/A,0.1831,0.956,0.7803,1.164
6/3/2004,#N/A N/A,-0.5254,-0.2599,0.121,1.164
6/4/2004,#N/A N/A,-0.4133,-0.8749,-0.4108,1.195
6/7/2004,#N/A N/A,1.4526,1.3521,0.5096,1.205
6/8/2004,#N/A N/A,-0.25,-0.4076,0.2897,1.256
6/9/2004,#N/A N/A,-1.0025,-1.5814,-0.4092,1.266
6/10/2004,#N/A N/A,1.2198,0.3592,1.0394,1.276
6/11/2004,#N/A N/A,1.2198,0.3592,0.3349,1.287
6/14/2004,#N/A N/A,-0.2956,-1.9966,-0.9537,1.368
6/15/2004,#N/A N/A,0.5245,1.576,0.2648,1.328
6/16/2004,#N/A N/A,1.4746,1.684,2.569,1.287
6/17/2004,#N/A N/A,0.0894,0.6141,0.8895,1.256
6/18/2004,#N/A N/A,0.4691,0.8323,1.3225,1.266
6/21/2004,#N/A N/A,-0.5558,-1.5224,-0.4351,1.256
6/22/2004,#N/A N/A,0.3801,-0.0931,-1.6559,1.307
6/23/2004,#N/A N/A,1.2472,1.3796,0.1637,1.287
6/24/2004,#N/A N/A,-0.4179,-0.331,1.0974,1.276
6/25/2004,#N/A N/A,-2.2531,-0.8856,0,1.297
6/28/2004,#N/A N/A,0.2938,-0.0372,-0.2079,1.307
6/29/2004,#N/A N/A,0.4281,-0.5028,-0.7869,1.379
6/30/2004,#N/A N/A,-0.359,0.262,-1.6095,1.266
7/1/2004,#N/A N/A,0.4053,-0.2427,0.2608,1.215
7/2/2004,#N/A N/A,0.2915,-0.6737,-0.8513,1.286
7/5/2004,#N/A N/A,0.2915,-0.6737,0,1.286
7/6/2004,#N/A N/A,0.8497,1.2057,0.0477,1.266
7/7/2004,#N/A N/A,0.5987,-0.0372,0.1907,1.297
7/8/2004,#N/A N/A,-0.1102,1.0801,0.2855,1.266
7/9/2004,#N/A N/A,0.2868,1.5107,0.9015,1.266
7/12/2004,#N/A N/A,-0.022,-0.726,-0.7759,1.286
7/13/2004,#N/A N/A,-0.5062,-0.7313,-0.3555,1.338
7/14/2004,#N/A N/A,0.553,0.3683,0.1427,1.338
7/15/2004,#N/A N/A,-0.308,0.5321,0.1662,1.338
7/16/2004,#N/A N/A,1.1253,1.8252,0.3319,1.338
7/19/2004,#N/A N/A,0.1527,-0.8245,-0.6616,1.327
7/20/2004,#N/A N/A,0,0.1807,0.1189,1.348
7/21/2004,#N/A N/A,-1.5904,-2.0927,0.095,1.348
7/22/2004,#N/A N/A,0.487,-0.0369,-1.6853,1.358
7/23/2004,#N/A N/A,-0.1542,0.1843,0.2897,1.358
7/26/2004,#N/A N/A,0.0221,-0.368,-1.4685,1.419
7/27/2004,#N/A N/A,0.1765,-0.4617,0.8063,1.46
7/28/2004,#N/A N/A,0.8809,1.8924,0.3635,1.45
7/29/2004,#N/A N/A,0.4802,1.9483,2.2217,1.44
7/30/2004,#N/A N/A,0.5866,0.6608,0.2126,1.44
8/2/2004,#N/A N/A,-0.108,-0.1419,-0.7199,1.46
8/3/2004,#N/A N/A,1.3838,0.8351,1.7404,1.481
8/4/2004,#N/A N/A,-1.3862,-1.1982,-0.4039,1.47
8/5/2004,#N/A N/A,-0.8867,-0.3032,-1.0735,1.47
8/6/2004,#N/A N/A,-1.5492,-1.6995,-3.0866,1.429
8/9/2004,#N/A N/A,0.9752,1.0737,0.2488,1.48
8/10/2004,#N/A N/A,-0.5926,-0.162,0.9183,1.491
8/11/2004,#N/A N/A,0.2429,-0.7286,-0.91,1.43
8/12/2004,#N/A N/A,-1.263,-1.3182,0.6701,1.44
8/13/2004,#N/A N/A,0.8079,-0.1113,-0.9615,1.429
8/16/2004,#N/A N/A,0.3785,1.3001,1.8173,1.45
8/17/2004,#N/A N/A,-1.619,-1.9985,-0.709,1.471
8/18/2004,#N/A N/A,1.0144,0.4864,0.2955,1.47
8/19/2004,#N/A N/A,0.6249,-0.5213,0,1.47
8/20/2004,#N/A N/A,0.3548,-0.1123,0.5401,1.48
8/23/2004,#N/A N/A,-0.5746,-1.068,1.3187,1.501
8/24/2004,#N/A N/A,-0.3112,-1.0417,-0.9882,1.532
8/25/2004,#N/A N/A,0.7581,0.134,0.0974,1.542
8/26/2004,#N/A N/A,0.1328,0.4969,0.7053,1.542
8/27/2004,#N/A N/A,0.4199,2.035,1.135,1.552
8/30/2004,#N/A N/A,-0.6822,-0.7269,-0.382,1.562
8/31/2004,#N/A N/A,2.1493,0.8261,-0.6232,1.583
9/1/2004,#N/A N/A,0.7375,1.4525,0.7477,1.573
9/2/2004,#N/A N/A,1.1628,0.7342,1.0534,1.593
9/3/2004,#N/A N/A,0.1703,-1.0569,0.8766,1.644
9/6/2004,#N/A N/A,0.1703,-1.0569,0.2818,1.644
9/7/2004,#N/A N/A,0.1912,-0.0921,-0.2108,1.623
9/8/2004,#N/A N/A,-0.1697,-0.0922,-0.3286,1.644
9/9/2004,#N/A N/A,0.871,0.7749,-0.2826,1.634
9/10/2004,#N/A N/A,-0.2317,0.1465,-0.0945,1.654
9/13/2004,#N/A N/A,0.2744,0.3473,0.3545,1.644
9/14/2004,#N/A N/A,-0.0632,0.0364,-0.6123,1.654
9/15/2004,#N/A N/A,-0.0843,-0.1275,0.4739,1.665
9/16/2004,#N/A N/A,0.253,0.5106,-0.2123,1.665
9/17/2004,#N/A N/A,1.7245,2.3766,0.8509,1.695
9/20/2004,#N/A N/A,-0.3308,0.4962,0.3281,1.695
9/21/2004,#N/A N/A,2.6551,2.4511,1.168,1.716
9/22/2004,#N/A N/A,-1.273,-0.8606,-2.4013,1.705
9/23/2004,#N/A N/A,-2.2513,-0.8333,-1.6797,1.716
9/24/2004,#N/A N/A,0.1466,0.7528,-0.2647,1.726
9/27/2004,#N/A N/A,0.2718,0.5734,0.2413,1.715
9/28/2004,#N/A N/A,1.1885,1.0539,0.2407,1.716
9/29/2004,#N/A N/A,-0.783,-1.932,-0.4802,1.705
9/30/2004,#N/A N/A,0.3738,0.2964,0.0483,1.705
10/1/2004,#N/A N/A,1.1587,1.1472,1.9291,1.685
10/4/2004,#N/A N/A,0.0614,-1.0998,-0.2366,1.685
10/5/2004,#N/A N/A,0.8177,1.7897,0.5691,1.706
10/6/2004,#N/A N/A,1.4396,1.6559,0.6131,1.705
10/7/2004,#N/A N/A,-0.5797,-0.5374,0.3047,1.695
10/8/2004,#N/A N/A,0.201,0.4221,-0.2804,1.685
10/11/2004,#N/A N/A,-0.1003,-0.1177,0.5155,1.685
10/12/2004,#N/A N/A,-0.8435,-1.3466,-0.7226,1.684
10/13/2004,#N/A N/A,-1.8027,-1.0408,-0.7044,1.716
10/14/2004,#N/A N/A,0.4744,1,0.4729,1.726
10/15/2004,#N/A N/A,0.6364,0.6999,-0.2589,1.746
10/18/2004,#N/A N/A,-0.5508,-0.7628,-0.0708,1.777
10/19/2004,#N/A N/A,-0.9026,-0.2392,-0.0708,1.818
10/20/2004,#N/A N/A,1.1592,1.2671,-0.6853,1.818
10/21/2004,#N/A N/A,-0.1228,-0.1015,0.7376,1.838
10/22/2004,#N/A N/A,-0.2254,-0.1862,0.0709,1.838
10/25/2004,#N/A N/A,0.2259,0.8648,-2.0297,1.869
10/26/2004,#N/A N/A,1.1883,-0.9247,-0.1927,1.91
10/27/2004,#N/A N/A,-0.8909,-0.4921,2.0758,1.91
10/28/2004,#N/A N/A,-0.6946,-1.7394,1.2296,1.9
10/29/2004,#N/A N/A,1.2549,1.0934,-0.5139,1.899
11/1/2004,#N/A N/A,-0.8127,0.2918,-0.3052,1.92
11/2/2004,#N/A N/A,-0.7989,-0.7189,0.0942,1.982
11/3/2004,#N/A N/A,1.7345,2.2069,0.3529,1.951
11/4/2004,#N/A N/A,1.8673,1.3833,-0.0234,1.971
11/5/2004,#N/A N/A,0.3985,-0.8819,0.3752,2.022
11/8/2004,#N/A N/A,-0.4366,-0.0504,-0.0467,2.043
11/9/2004,#N/A N/A,-1.176,0.0605,0.1636,2.084
11/10/2004,#N/A N/A,0.7301,-0.0507,0.3267,2.064
11/11/2004,#N/A N/A,-0.0201,-0.3383,0.5815,2.073
11/12/2004,#N/A N/A,1.5304,1.6972,-0.1388,2.063
11/15/2004,#N/A N/A,-1.666,-1.0347,-0.6484,2.094
11/16/2004,#N/A N/A,-0.3429,-0.5734,-0.2797,2.136
11/17/2004,#N/A N/A,1.1941,1.2551,0.5143,2.125
11/18/2004,#N/A N/A,0.1,-0.067,-0.4186,2.135
11/19/2004,#N/A N/A,0.6593,0.5028,0.4204,2.135
11/22/2004,#N/A N/A,1.052,0.05,-0.5581,2.155
11/23/2004,#N/A N/A,0.5696,0.4667,0.0234,2.177
11/24/2004,#N/A N/A,0.5664,0.8794,-0.4676,2.176
11/25/2004,#N/A N/A,0.5664,0.8794,1.9497,2.176
11/26/2004,#N/A N/A,0.3107,1.4145,0.2304,2.196
11/29/2004,#N/A N/A,-0.5421,-0.3081,-0.5977,2.217
11/30/2004,#N/A N/A,-0.2336,-0.1952,-0.3238,2.228
12/1/2004,#N/A N/A,-0.1951,-0.7009,0.58,2.217
12/2/2004,#N/A N/A,-1.9159,-2.8234,-1.2457,2.217
12/3/2004,#N/A N/A,0.1993,0.3209,0,2.207
12/6/2004,#N/A N/A,-0.2586,0.8587,-0.6774,2.227
12/7/2004,#N/A N/A,-0.8775,-1.0684,-0.0941,2.248
12/8/2004,#N/A N/A,0.6439,-0.27,-0.2119,2.238
12/9/2004,#N/A N/A,0.5998,0.1015,-0.2595,2.238
12/10/2004,#N/A N/A,-0.3378,-1.3523,0.2365,2.248
12/13/2004,#N/A N/A,1.0369,1.3365,0.4247,2.227
12/14/2004,#N/A N/A,-0.0197,-0.1522,-0.0705,2.228
12/15/2004,#N/A N/A,-0.2961,0.5927,-0.4938,2.207
12/16/2004,#N/A N/A,-0.8117,-2.0202,-0.3544,2.197
12/17/2004,#N/A N/A,-0.5988,0.2749,-0.8774,2.196
12/20/2004,#N/A N/A,2.5301,0.7368,0.1675,2.196
12/21/2004,#N/A N/A,1.2338,0.4082,0.1433,2.218
12/22/2004,#N/A N/A,-0.7738,-0.4235,0.0477,2.187
12/23/2004,#N/A N/A,1.3258,0.1701,0.6198,2.186
12/24/2004,#N/A N/A,1.3258,0.1701,-0.0711,2.186
12/27/2004,#N/A N/A,-2.0974,-0.3906,-0.3319,2.237
12/28/2004,#N/A N/A,0.3341,0.3069,0.4044,2.259
12/29/2004,#N/A N/A,0.1567,0.153,-0.4738,2.228
12/30/2004,#N/A N/A,-0.1956,-0.3225,0.2618,2.228
12/31/2004,#N/A N/A,0.4507,-0.5619,0.5461,2.217
1/3/2005,#N/A N/A,-2.2825,-2.1918,-0.2125,2.247
1/4/2005,#N/A N/A,-0.6788,-0.8929,-0.2603,2.351
1/5/2005,#N/A N/A,-0.5226,0.159,-0.4033,2.32
1/6/2005,#N/A N/A,1.273,0.97,0.9052,2.31
1/7/2005,#N/A N/A,-0.6584,-0.0349,0.543,2.319
1/10/2005,#N/A N/A,0.3816,-0.0874,0.0235,2.319
1/11/2005,#N/A N/A,-0.2601,-0.3148,-0.2347,2.351
1/12/2005,#N/A N/A,1.4845,1.4035,-0.9412,2.33
1/13/2005,#N/A N/A,-0.0791,0,1.2352,2.34
1/14/2005,#N/A N/A,1.0287,0.2422,0.0235,2.36
1/17/2005,#N/A N/A,1.0287,0.2422,0.1173,2.36
1/18/2005,#N/A N/A,0.842,0,0.2109,2.339
1/19/2005,#N/A N/A,-0.8738,0.2934,0.3975,2.371
1/20/2005,#N/A N/A,-0.6464,-1.2562,0.2096,2.351
1/21/2005,#N/A N/A,-0.5521,0.2963,1.65,2.35
1/24/2005,#N/A N/A,1.368,1.3032,0.8459,2.35
1/25/2005,#N/A N/A,0.3912,0.6518,0.136,2.412
1/26/2005,#N/A N/A,0.7208,2.0791,0.6113,2.412
1/27/2005,#N/A N/A,0.0967,0.5008,0.045,2.433
1/28/2005,#N/A N/A,-0.9275,-1.196,-0.3374,2.453
1/31/2005,#N/A N/A,0.6437,0.2354,0.5416,2.463
2/1/2005,#N/A N/A,3.2364,1.4928,2.9181,2.515
2/2/2005,#N/A N/A,1.239,0.2314,0.7634,2.505
2/3/2005,#N/A N/A,1.094,-0.2638,-1.3636,2.484
2/4/2005,#N/A N/A,1.4123,0.6447,2.8089,2.483
2/7/2005,#N/A N/A,0.199,-0.1807,0.2838,2.494
2/8/2005,#N/A N/A,1.1733,0.4278,0.0871,2.515
2/9/2005,#N/A N/A,-0.4303,-0.0655,-1.0874,2.515
2/10/2005,#N/A N/A,1.4404,1.9347,0,2.515
2/11/2005,#N/A N/A,-0.4082,0.0483,0.5937,2.545
2/14/2005,#N/A N/A,1.2832,0.0804,-0.459,2.535
2/15/2005,#N/A N/A,0.1584,0.3373,1.2297,2.577
2/16/2005,#N/A N/A,2.7407,2.1134,0.7375,2.577
2/17/2005,#N/A N/A,-0.5985,-0.4425,0.9259,2.576
2/18/2005,#N/A N/A,2.202,0.3334,0.7467,2.596
2/21/2005,#N/A N/A,2.202,0.3334,1.6518,2.596
2/22/2005,#N/A N/A,-1.9525,0.5063,-1.2083,2.627
2/23/2005,#N/A N/A,2.0086,0.5982,-1.6027,2.679
2/24/2005,#N/A N/A,2.8778,-0.0782,-0.1286,2.689
2/25/2005,#N/A N/A,3.4844,1.9107,1.9099,2.73
2/28/2005,#N/A N/A,0.079,-0.2305,0.2316,2.75
3/1/2005,#N/A N/A,-1.9112,-1.2477,0.5882,2.751
3/2/2005,#N/A N/A,0.934,0.8423,0.3968,2.731
3/3/2005,#N/A N/A,0.5903,1.2065,0.9361,2.741
3/4/2005,#N/A N/A,0.8247,1.4214,1.0717,2.75
3/7/2005,#N/A N/A,-0.8966,-1.0247,-0.7953,2.73
3/8/2005,#N/A N/A,0.1587,0.8678,-0.3289,2.751
3/9/2005,#N/A N/A,-3.6609,-2.4151,-1.1961,2.751
3/10/2005,#N/A N/A,-0.6909,-0.727,-2.1081,2.73
3/11/2005,#N/A N/A,1.1264,0.4519,0.3625,2.761
3/14/2005,#N/A N/A,0.3767,0.2792,-0.1062,2.771
3/15/2005,#N/A N/A,-1.5176,-0.6806,0.6806,2.793
3/16/2005,#N/A N/A,-0.0994,0.2492,-1.4998,2.792
3/17/2005,#N/A N/A,1.9904,0.6991,-0.7291,2.782
3/18/2005,#N/A N/A,1.8865,0.8485,1.2314,2.802
3/21/2005,#N/A N/A,-0.7981,-0.8414,-0.2774,2.812
3/22/2005,#N/A N/A,-2.0113,-2.0056,0.3638,2.864
3/23/2005,#N/A N/A,-1.33,-2.3772,-1.4499,2.823
3/24/2005,#N/A N/A,-1.8139,-0.4838,-0.0433,2.833
3/25/2005,#N/A N/A,-1.8139,-0.4838,-0.0433,2.832
3/28/2005,#N/A N/A,-0.1864,-0.3889,-0.0433,2.832
3/29/2005,#N/A N/A,-1.0528,0.1789,0.4978,2.834
3/30/2005,#N/A N/A,1.6647,1.1692,-0.4092,2.823
3/31/2005,#N/A N/A,0.6077,0.1605,-0.2595,2.772
4/1/2005,#N/A N/A,1.594,0.5769,0,2.781
4/4/2005,#N/A N/A,0.1652,0.0956,1.2576,2.74
4/5/2005,#N/A N/A,-0.9728,0.3661,1.1349,2.782
4/6/2005,#N/A N/A,1.3986,0.3331,-0.3176,2.761
4/7/2005,#N/A N/A,-0.0821,0.6165,1.9541,2.761
4/8/2005,#N/A N/A,-1.3804,-0.6599,-0.7292,2.771
4/11/2005,#N/A N/A,0.4666,0.6168,-0.7975,2.75
4/12/2005,#N/A N/A,0.2322,-1.5404,-0.1481,2.762
4/13/2005,#N/A N/A,-2.1182,-2.2031,-0.2542,2.772
4/14/2005,#N/A N/A,-0.6762,-1.0447,-0.3398,2.772
4/15/2005,#N/A N/A,-4.3574,-2.0125,-1.3427,2.781
4/18/2005,#N/A N/A,1.8865,0.6902,-1.8146,2.873
4/19/2005,#N/A N/A,2.4105,2.2404,1.2321,2.906
4/20/2005,#N/A N/A,-2.5414,-1.8806,-1.2171,2.864
4/21/2005,#N/A N/A,3.7452,1.25,-0.6601,2.885
4/22/2005,#N/A N/A,0.2362,0.5103,1.5504,2.915
4/25/2005,#N/A N/A,0.9088,0.8844,1.0251,2.884
4/26/2005,#N/A N/A,-1.1508,-0.2597,0.0216,2.906
4/27/2005,#N/A N/A,-1.5016,-1.5951,-1.7915,2.875
4/28/2005,#N/A N/A,-4.0767,0.5624,-0.3516,2.874
4/29/2005,#N/A N/A,1.8393,0.1645,0.7719,2.894
5/2/2005,#N/A N/A,1.245,0.5419,0.5527,2.884
5/3/2005,#N/A N/A,-2.1476,-0.7513,-0.088,2.906
5/4/2005,#N/A N/A,1.292,1.6126,-0.1761,2.844
5/5/2005,#N/A N/A,0.996,0.5668,1.5653,2.792
5/6/2005,#N/A N/A,-0.346,-0.4509,0.9985,2.863
5/9/2005,#N/A N/A,0.7118,0.1294,-0.9671,2.853
5/10/2005,#N/A N/A,-1.3446,-0.7108,-0.217,2.895
5/11/2005,#N/A N/A,0.6116,-0.6183,-0.9134,2.864
5/12/2005,#N/A N/A,-4.3114,-2.2618,0.0878,2.874
5/13/2005,#N/A N/A,-2.043,-1.0642,-0.9868,2.812
5/16/2005,#N/A N/A,-0.6518,-0.2049,-0.9081,2.801
5/17/2005,#N/A N/A,0.956,1.1463,0.3353,2.875
5/18/2005,#N/A N/A,-0.3899,1.0656,1.9158,2.854
5/19/2005,#N/A N/A,2.1994,0.3849,1.3333,2.864
5/20/2005,#N/A N/A,-1.4955,-0.8003,0.1941,2.884
5/23/2005,#N/A N/A,1.3701,0.4538,0.5382,2.904
5/24/2005,#N/A N/A,0.5297,0.4685,0.5567,2.947
5/25/2005,#N/A N/A,1.1628,1.0824,0.1917,2.936
5/26/2005,#N/A N/A,0.9698,0.8731,1.0414,2.926
5/27/2005,#N/A N/A,1.0317,0.245,-0.2314,2.945
5/30/2005,#N/A N/A,1.0317,0.245,0.5903,2.945
5/31/2005,#N/A N/A,-1.0563,-1.9225,-0.8594,2.945
6/1/2005,#N/A N/A,1.6904,1.4452,2.389,2.977
6/2/2005,#N/A N/A,0.2975,0.2129,0.4336,2.977
6/3/2005,#N/A N/A,-0.2966,0.2124,-0.5962,2.997
6/6/2005,#N/A N/A,0.7874,-0.0163,-0.4137,2.986
6/7/2005,#N/A N/A,-0.2604,0.2772,0.9969,3.009
6/8/2005,#N/A N/A,-1.2533,-0.7156,-0.4935,3.008
6/9/2005,#N/A N/A,3.0143,1.8673,0.062,2.987
6/10/2005,#N/A N/A,-0.1027,-0.0322,1.4457,2.997
6/13/2005,#N/A N/A,0.1199,0.37,1.4862,2.997
6/14/2005,#N/A N/A,0.1711,0.5288,1.1033,2.998
6/15/2005,#N/A N/A,1.1956,0.0478,-0.2976,2.988
6/16/2005,#N/A N/A,1.4684,0.8126,1.4925,2.957
6/17/2005,#N/A N/A,1.2808,2.2127,1.0784,2.976
6/20/2005,#N/A N/A,-0.0657,0.0464,1.0669,2.976
6/21/2005,#N/A N/A,-2.2021,-1.4219,-0.2879,3.019
6/22/2005,#N/A N/A,0.2689,-0.4233,-0.1925,3.029
6/23/2005,#N/A N/A,-1.0893,0.2047,1.1572,3.06
6/24/2005,#N/A N/A,-1.4741,-0.22,0.286,3.09
6/27/2005,#N/A N/A,1.9776,0.8661,0.7605,3.1
6/28/2005,#N/A N/A,-0.3541,0.5464,3.4906,3.132
6/29/2005,#N/A N/A,-1.1,-1.3199,-1.5497,3.122
6/30/2005,#N/A N/A,-1.6598,-1.8411,0,3.121
7/1/2005,#N/A N/A,1.4616,1.3626,1.7593,3.161
7/4/2005,#N/A N/A,1.4616,1.3626,2.0928,3.161
7/5/2005,#N/A N/A,3.1384,4.3808,-0.2674,3.161
7/6/2005,#N/A N/A,-1.7127,-0.7273,0.8043,3.183
7/7/2005,#N/A N/A,0.6936,-0.4731,-2.6596,3.142
7/8/2005,#N/A N/A,-0.2016,1.6869,0.8197,3.172
7/11/2005,#N/A N/A,0.9596,0.181,-2.439,3.161
7/12/2005,#N/A N/A,-0.1334,-1.0989,-1.1111,3.204
7/13/2005,#N/A N/A,-0.2171,0,0.6554,3.214
7/14/2005,#N/A N/A,-1.9578,-0.9741,0.3721,3.224
7/15/2005,#N/A N/A,-0.7339,-0.0461,-0.9268,3.244
7/18/2005,#N/A N/A,-0.0172,0.7074,-1.2161,3.254
7/19/2005,#N/A N/A,1.0834,0.7177,-2.6515,3.297
7/20/2005,#N/A N/A,0.3743,-0.6519,-1.1673,3.297
7/21/2005,#N/A N/A,-1.8814,-1.053,-0.4331,3.348
7/22/2005,#N/A N/A,2.7811,1.7119,-0.5536,3.368
7/25/2005,#N/A N/A,0.7395,1.4102,0.994,3.388
7/26/2005,#N/A N/A,-0.5672,-2.0634,-0.3937,3.421
7/27/2005,#N/A N/A,0,1.1145,-0.9486,3.389
7/28/2005,#N/A N/A,0.6711,0.4832,-1.237,3.399
7/29/2005,#N/A N/A,-2.0833,-1.0068,2.4646,3.398
8/1/2005,#N/A N/A,0.817,1.1384,1.5379,3.429
8/2/2005,#N/A N/A,0.9792,1.3207,1.0097,3.472
8/3/2005,#N/A N/A,-1.3543,1.0517,0.7305,3.451
8/4/2005,#N/A N/A,-0.8136,-0.2785,-0.8471,3.461
8/5/2005,#N/A N/A,-0.7348,-0.1911,-0.0777,3.512
8/8/2005,#N/A N/A,1.3083,1.9146,0.8939,3.501
8/9/2005,#N/A N/A,1.0365,1.4162,1.8875,3.514
8/10/2005,#N/A N/A,1.2277,1.333,2.155,3.503
8/11/2005,#N/A N/A,1.7529,0,0.6292,3.492
8/12/2005,#N/A N/A,0.1641,-0.0425,-0.4046,3.512
8/15/2005,#N/A N/A,-1.0319,-0.893,0.1108,3.501
8/16/2005,#N/A N/A,-2.2344,-1.659,-1.1435,3.534
8/17/2005,#N/A N/A,-1.5067,-1.1635,-0.4478,3.513
8/18/2005,#N/A N/A,-0.1203,-1.1183,-1.7241,3.472
8/19/2005,#N/A N/A,1.2218,1.2798,0.7246,3.512
8/22/2005,#N/A N/A,0.425,-0.5289,-0.1136,3.501
8/23/2005,#N/A N/A,-0.1185,-0.8567,-0.7202,3.514
8/24/2005,#N/A N/A,-0.2034,0.4172,-0.84,3.493
8/25/2005,#N/A N/A,0.5095,-0.3412,-0.3466,3.513
8/26/2005,#N/A N/A,-1.3011,-1.5632,0,3.543
8/29/2005,#N/A N/A,0.0171,0.3479,-0.541,3.563
8/30/2005,#N/A N/A,0.3252,0.6782,0.9713,3.555
8/31/2005,#N/A N/A,2.201,2.3653,1.7314,3.503
9/1/2005,#N/A N/A,2.9716,2.296,1.1725,3.42
9/2/2005,#N/A N/A,-1.6213,-0.2144,-0.6355,3.45
9/5/2005,#N/A N/A,-1.6213,-0.2144,0.3386,3.449
9/6/2005,#N/A N/A,0.6262,0.5014,-0.2625,3.49
9/7/2005,#N/A N/A,0.6551,-0.9123,-1.2782,3.482
9/8/2005,#N/A N/A,-0.2603,-0.5898,-1.1043,3.461
9/9/2005,#N/A N/A,3.0995,2.3734,0.5006,3.471
9/12/2005,#N/A N/A,-1.0759,-1.2864,0.1533,3.481
9/13/2005,#N/A N/A,-1.0397,-1.4464,-0.7651,3.472
9/14/2005,#N/A N/A,0.9698,0.5086,0.347,3.431
9/15/2005,#N/A N/A,-0.016,1.1421,1.9593,3.441
9/16/2005,#N/A N/A,1.9853,0.9291,1.2434,3.481
9/19/2005,#N/A N/A,1.46,1.4729,1.6747,3.522
9/20/2005,#N/A N/A,-0.1547,-0.3489,-0.2196,3.596
9/21/2005,#N/A N/A,0.6819,0.7003,-0.1834,3.389
9/22/2005,#N/A N/A,0.0154,-0.7371,0.2573,3.451
9/23/2005,#N/A N/A,-1.7698,-1.247,-1.0264,3.471
9/26/2005,#N/A N/A,1.2063,1.1776,0,3.501
9/27/2005,#N/A N/A,0.031,-0.3646,0.1111,3.483
9/28/2005,#N/A N/A,0.1238,1.7171,0.7769,3.462
9/29/2005,#N/A N/A,0.1546,-0.2214,0.514,3.534
9/30/2005,#N/A N/A,-1.9444,-1.7473,0.3287,3.543
10/3/2005,#N/A N/A,-1.6525,-0.3529,0.6917,3.563
10/4/2005,#N/A N/A,-3.1045,-2.5496,-2.0969,3.606
10/5/2005,#N/A N/A,-2.6424,-3.343,-1.551,3.554
10/6/2005,#N/A N/A,-0.6446,-1.3534,-2.2506,3.595
10/7/2005,#N/A N/A,1.7586,0.4116,-0.2302,3.604
10/10/2005,#N/A N/A,-1.8456,0.8046,-0.3462,3.604
10/11/2005,#N/A N/A,1.5385,1.0542,0.193,3.645
10/12/2005,#N/A N/A,-0.7744,-1.0134,-1.1171,3.699
10/13/2005,#N/A N/A,-1.3234,-1.4453,-0.9739,3.74
10/14/2005,#N/A N/A,0.8253,1.1457,-0.7081,3.79
10/17/2005,#N/A N/A,0.3752,0.6343,0.4358,3.78
10/18/2005,#N/A N/A,-4.3493,-3.557,-0.1578,3.854
10/19/2005,#N/A N/A,1.5453,1.6807,-2.4101,3.854
10/20/2005,#N/A N/A,-3.4459,-2.3263,-0.2024,3.833
10/21/2005,#N/A N/A,0.308,0.7208,-1.3387,3.852
10/24/2005,#N/A N/A,2.6729,0.5756,1.4803,3.852
10/25/2005,#N/A N/A,0.6157,1.191,-0.2026,3.927
10/26/2005,#N/A N/A,-1.7483,0.9936,1.2992,3.895
10/27/2005,#N/A N/A,-1.0676,-1.3925,0.4409,3.885
10/28/2005,#N/A N/A,1.277,2.0107,0.7183,3.914
10/31/2005,#N/A N/A,-0.3019,-0.0903,1.9414,3.883
11/1/2005,#N/A N/A,0.4631,-0.2259,-0.2721,3.958
11/2/2005,#N/A N/A,1.7376,1.5849,0.4677,3.926
11/3/2005,#N/A N/A,2.0739,1.7831,1.4873,3.936
11/4/2005,#N/A N/A,-1.1439,-2.3796,0.4628,3.956
11/7/2005,#N/A N/A,-1.3817,-0.5683,-0.7678,3.914
11/8/2005,#N/A N/A,0.9807,0.8204,0.3868,3.958
11/9/2005,#N/A N/A,0.2266,-1.3534,0.1156,3.957
11/10/2005,#N/A N/A,-1.8261,-1.9817,-0.9623,3.966
11/11/2005,#N/A N/A,0.124,0.6532,-0.5052,3.966
11/14/2005,#N/A N/A,0.23,1.2052,0.6641,3.975
11/15/2005,#N/A N/A,-0.3883,-0.3664,1.0089,4.009
11/16/2005,#N/A N/A,1.3291,-0.3065,-0.3842,3.999
11/17/2005,#N/A N/A,0.3498,0.83,1.0798,4.009
11/18/2005,#N/A N/A,1.5162,1.2652,1.1064,4.007
11/21/2005,#N/A N/A,1.9227,1.7311,0.9057,3.976
11/22/2005,#N/A N/A,0.4885,1.1986,0.8227,3.916
11/23/2005,#N/A N/A,0.352,-0.7896,-0.0371,3.947
11/24/2005,#N/A N/A,0.352,-0.7896,-0.4824,3.945
11/25/2005,#N/A N/A,0.4009,-0.0295,-0.0746,3.945
11/28/2005,#N/A N/A,-2.2792,-2.5358,-1.6045,3.924
11/29/2005,#N/A N/A,-0.681,-0.2118,0.4551,3.978
11/30/2005,#N/A N/A,-0.5314,-0.1971,-1.3968,3.937
12/1/2005,#N/A N/A,2.2747,2.9769,1.5697,3.967
12/2/2005,#N/A N/A,-0.4718,0.4572,1.1685,3.987
12/5/2005,#N/A N/A,0.7449,0.646,0.3353,3.997
12/6/2005,#N/A N/A,0.3025,0.3063,-0.0371,4.03
12/7/2005,#N/A N/A,-1.1225,-2.0797,-0.8915,4.019
12/8/2005,#N/A N/A,0.6777,1.6189,1.5742,3.936
12/9/2005,#N/A N/A,-1.5483,-1.9,-1.0332,3.935
12/12/2005,#N/A N/A,0.6154,0.3129,-1.0067,3.914
12/13/2005,#N/A N/A,0.3398,-0.6683,0.7533,3.906
12/14/2005,#N/A N/A,1.3546,0.5532,-1.271,3.885
12/15/2005,#N/A N/A,-0.6181,-1.487,-1.0602,3.947
12/16/2005,#N/A N/A,-2.4038,-0.8,0.1148,3.925
12/19/2005,#N/A N/A,-0.62,-0.6695,-1.2615,3.955
12/20/2005,#N/A N/A,0.3986,-0.4289,0.0774,3.968
12/21/2005,#N/A N/A,-0.5697,0.1538,0.9284,3.988
12/22/2005,#N/A N/A,-0.8681,-0.5069,-0.115,3.988
12/23/2005,#N/A N/A,0,0.0463,-0.2302,3.986
12/26/2005,#N/A N/A,0,0.0463,-0.2302,3.986
12/27/2005,#N/A N/A,-2.1541,-2.2685,-0.5385,3.965
12/28/2005,#N/A N/A,0.6802,1.2159,-0.2707,3.947
12/29/2005,#N/A N/A,-0.0178,0.156,0.1163,3.998
12/30/2005,#N/A N/A,-0.1245,0.0312,-0.1549,4.079
1/2/2006,#N/A N/A,-0.1245,0.0312,0.6206,4.079
1/3/2006,#N/A N/A,4.0947,3.4257,2.0817,4.12
1/4/2006,#N/A N/A,0.171,0.6474,0.7931,4.185
1/5/2006,#N/A N/A,-0.4951,-0.5236,-0.6369,4.184
1/6/2006,#N/A N/A,1.9732,2.2556,1.3198,4.204
1/9/2006,#N/A N/A,-0.0505,0.1618,0.0744,4.214
1/10/2006,#N/A N/A,0.7744,0.1028,-0.1859,4.289
1/11/2006,#N/A N/A,0.6849,-0.4107,0,4.299
1/12/2006,#N/A N/A,-1.0453,0.0736,0.9314,4.309
1/13/2006,#N/A N/A,2.23,2.6049,-0.9967,4.327
1/16/2006,#N/A N/A,2.23,2.6049,0.783,4.327
1/17/2006,#N/A N/A,0.9349,0.9897,-0.222,4.326
1/18/2006,#N/A N/A,-1.3975,-1.3208,-0.2595,4.351
1/19/2006,#N/A N/A,1.3514,1.1658,-0.9294,4.35
1/20/2006,#N/A N/A,-1.5772,-0.1565,0.5253,4.359
1/23/2006,#N/A N/A,1.1069,0.8122,-0.1866,4.348
1/24/2006,#N/A N/A,-0.3922,-0.2968,-0.4488,4.393
1/25/2006,#N/A N/A,-1.2303,-0.5812,0.263,4.423
1/26/2006,#N/A N/A,-0.4318,-0.1283,0.4121,4.433
1/27/2006,#N/A N/A,2.2352,1.3849,2.3881,4.442
1/30/2006,#N/A N/A,2.9695,1.7744,1.7128,4.452
1/31/2006,#N/A N/A,-0.5704,0.0553,0.3941,4.465
2/1/2006,#N/A N/A,-1.2749,-1.6457,0.3926,4.475
2/2/2006,#N/A N/A,0,-2.1232,-2.6306,4.474
2/3/2006,#N/A N/A,-0.904,-0.6752,-0.9858,4.473
2/6/2006,#N/A N/A,0.9448,1.2005,0.0369,4.483
2/7/2006,#N/A N/A,-2.2914,-3.5301,-1.4744,4.496
2/8/2006,#N/A N/A,0.2642,-0.4444,-0.9727,4.506
2/9/2006,#N/A N/A,-0.7783,0.0893,0.5716,4.516
2/10/2006,#N/A N/A,-0.8178,0.1784,-0.72,4.535
2/13/2006,#N/A N/A,0.2861,-0.1187,0.7634,4.534
2/14/2006,#N/A N/A,-0.0839,-0.312,-1.3258,4.559
2/15/2006,#N/A N/A,0.3526,0.164,0.9597,4.548
2/16/2006,#N/A N/A,0.8199,1.8006,-0.7605,4.537
2/17/2006,#N/A N/A,0.4979,0.1462,0.4598,4.534
2/20/2006,#N/A N/A,0.4979,0.1462,0.4577,4.534
2/21/2006,#N/A N/A,0.3468,1.0072,-0.2278,4.554
2/22/2006,#N/A N/A,-0.8229,-1.1958,-1.446,4.568
2/23/2006,#N/A N/A,-0.7136,-0.6046,-0.7336,4.588
2/24/2006,#N/A N/A,0.9861,0.2967,-0.0389,4.587
2/27/2006,#N/A N/A,-0.8275,-0.8876,0.1946,4.597
2/28/2006,#N/A N/A,-0.9179,-0.8657,-1.6311,4.621
3/1/2006,#N/A N/A,1.6338,1.1442,2.6451,4.599
3/2/2006,#N/A N/A,0.8452,-0.4019,-1.3846,4.599
3/3/2006,#N/A N/A,0.2136,0.3587,0.546,4.607
3/6/2006,#N/A N/A,-1.6399,-1.385,-0.6206,4.565
3/7/2006,#N/A N/A,-0.2167,-0.302,-0.1171,4.6
3/8/2006,#N/A N/A,-0.2339,0.1515,0.1563,4.579
3/9/2006,#N/A N/A,-1.3231,-0.1664,-0.1171,4.578
3/10/2006,#N/A N/A,0.4413,0.6211,0.7812,4.607
3/13/2006,#N/A N/A,0.7773,1.7615,0.1163,4.586
3/14/2006,#N/A N/A,1.9618,1.3907,-0.2323,4.59
3/15/2006,#N/A N/A,0.3453,2.0283,0.1164,4.61
3/16/2006,#N/A N/A,1.0161,-0.0286,-0.3101,4.599
3/17/2006,#N/A N/A,-0.9572,-0.5293,-0.8942,4.618
3/20/2006,#N/A N/A,-0.6388,-1.1218,-0.8239,4.638
3/21/2006,#N/A N/A,0.0989,-0.7273,-0.3956,4.683
3/22/2006,#N/A N/A,0.5435,0.6154,0.2383,4.682
3/23/2006,#N/A N/A,0.3276,-0.2476,-0.0792,4.661
3/24/2006,#N/A N/A,-0.1306,1.4307,1.5464,4.639
3/27/2006,#N/A N/A,0.1962,0.072,0,4.628
3/28/2006,#N/A N/A,-0.5547,-0.8342,0.2733,4.642
3/29/2006,#N/A N/A,0.5414,1.2038,0.8178,4.62
3/30/2006,#N/A N/A,-0.2611,-0.0143,0.8884,4.609
3/31/2006,#N/A N/A,-0.4254,-1.1896,-1.1485,4.607
4/3/2006,#N/A N/A,0.2793,1.0734,1.1232,4.638
4/4/2006,#N/A N/A,1.1797,0.8898,-0.766,4.662
4/5/2006,#N/A N/A,0.664,1.0526,0.9263,4.672
4/6/2006,#N/A N/A,-0.1126,-0.6898,0.7266,4.671
4/7/2006,#N/A N/A,-1.224,0.5103,0.6454,4.68
4/10/2006,#N/A N/A,0.9946,1.9884,2.037,4.679
4/11/2006,0.2646,0.0969,0.0968,0.8133,4.693
4/12/2006,-0.5279,-0.871,-0.1796,-0.5501,4.703
4/13/2006,1.4446,0.1627,-0.0692,0.1844,4.69
4/14/2006,1.4446,0.1627,-0.0692,0.1844,4.69
4/17/2006,1.4095,0.796,1.0248,0.1844,4.689
4/18/2006,1.3756,2.4013,2.9198,1.509,4.714
4/19/2006,1.5548,1.1961,0.919,0.0363,4.714
4/20/2006,-1.0578,-0.591,-1.135,-0.7974,4.723
4/21/2006,2.4195,1.6896,1.8556,2.5941,4.742
4/24/2006,-2.4722,-0.9077,-0.6291,0.641,4.742
4/25/2006,-0.5211,-0.7142,-1.2398,-0.6723,4.776
4/26/2006,-1.5572,-1.3292,-1.5224,0.1425,4.776
4/27/2006,-1.2079,-1.0777,-0.0407,-2.0277,4.775
4/28/2006,1.3392,1.0574,0.0136,-1.3072,4.763
5/1/2006,2.7004,0.539,0.9224,-1.3072,4.773
5/2/2006,1.1748,1.971,2.5538,1.5085,4.808
5/3/2006,-2.9306,-1.3917,-1.6383,-1.4498,4.817
5/4/2006,-2.7058,-0.7213,0.2798,0.1471,4.796
5/5/2006,-0.4684,1.0899,1.6078,0.3305,4.815
5/8/2006,-0.1765,-0.4531,-1.1115,-1.0615,4.825
5/9/2006,0.7661,0.361,0.8596,0.6289,4.88
5/10/2006,2.0029,0.4066,0.8293,-0.6985,4.869
5/11/2006,0.7596,-0.6575,-1.0741,0.9342,4.817
5/12/2006,-1.6927,-1.9225,-1.1653,-2.2954,4.815
5/15/2006,-3.5885,-0.3856,-1.5943,-1.1747,4.804
5/16/2006,0.1051,-0.0645,-0.8441,0.3451,4.818
5/17/2006,-1.4993,-2.8728,-3.2953,-2.5984,4.817
5/18/2006,1.583,-0.4819,-0.8235,0.0392,4.827
5/19/2006,-1.7531,0.935,1.403,-0.0784,4.815
5/22/2006,1.0828,0.5459,-0.9036,-1.5306,4.804
5/23/2006,2.248,-0.6417,0.7978,2.3117,4.818
5/24/2006,-2.4642,-0.4802,-1.7102,-1.2076,4.828
5/25/2006,2.5719,2.3627,2.9911,2.011,4.817
5/26/2006,-0.0737,0.0975,0,0.8118,4.835
5/29/2006,-0.0737,0.0975,0,-0.3451,4.835
5/30/2006,0.8413,-2.241,-2.0385,-1.5391,4.813
5/31/2006,-0.8636,1.1794,0.7697,0.3908,4.838
6/1/2006,-1.3436,0.3284,0.5375,0,4.827
6/2/2006,3.1128,0.8837,1.1536,-0.5839,4.804
6/5/2006,-0.2322,-2.5953,-1.5021,0.5482,4.814
6/6/2006,0.0291,0.5828,-1.0731,-1.5966,4.86
6/7/2006,-2.1524,-2.6159,-2.1696,0.2374,4.849
6/8/2006,-0.2378,1.2751,-0.5252,-2.9214,4.858
6/9/2006,1.4154,-1.2926,-1.0267,1.952,4.877
6/12/2006,-1.4544,-0.9524,-1.4967,-0.1197,4.897
6/13/2006,-2.8324,-2.7301,-2.708,-1.4377,4.891
6/14/2006,0.9359,2.03,0.7886,-0.8104,4.89
6/15/2006,0.5624,2.2837,2.8997,2.2059,4.827
6/16/2006,0.136,-0.5413,-0.5517,-0.1599,4.867
6/19/2006,-1.0717,-2.398,-2.054,-0.4404,4.876
6/20/2006,-0.3814,0,0.5664,0.8444,4.922
6/21/2006,1.6235,1.1675,1.9939,-0.319,4.911
6/22/2006,0.9797,-0.155,-0.9252,0.6,4.9
6/23/2006,-0.1642,0.2243,0.964,1.1928,4.96
6/26/2006,1.2109,1.2392,0.6564,-1.0609,4.98
6/27/2006,0.5613,1.4111,-0.7559,0.1986,5.036
6/28/2006,0.3378,2.4644,1.5084,1.5061,4.994
6/29/2006,1.7567,2.0452,1.8832,1.7181,4.993
6/30/2006,0.374,-1.6354,0.5199,0.9597,4.981
7/3/2006,0.2293,1.304,1.0774,0.7605,5.011
7/4/2006,0.2293,1.304,1.0774,-0.0377,5.067
7/5/2006,1.5301,0.6436,-0.4832,-0.453,5.014
7/6/2006,-0.3239,1.4708,0.2714,0.2655,4.993
7/7/2006,-1.3,-0.9926,1.3388,0.6808,5.002
7/10/2006,-0.4152,0.3183,-0.3514,0.6386,5.001
7/11/2006,0.7476,1.4911,0.6629,-0.0373,5.057
7/12/2006,1.5126,-0.0156,-1.4292,0,5.067
7/13/2006,2.966,0.1563,0.8955,-0.4854,5.045
7/14/2006,-0.041,1.2955,0.5495,-0.1501,5.054
7/17/2006,-2.1442,-1.3867,-2.5081,0.0376,5.074
7/18/2006,-1.2561,0.9531,-0.115,-0.3757,5.13
7/19/2006,-1.2721,0.0774,0.259,0.5279,5.108
7/20/2006,-1.0737,-0.6341,-1.5499,-0.4501,5.087
7/21/2006,0.6078,-0.4981,-0.5977,-0.1507,5.074
7/24/2006,0.935,2.2368,2.2731,1.3962,5.084
7/25/2006,-1.6674,0.5814,-0.3298,0.2233,5.13
7/26/2006,0.2464,1.3082,1.8558,1.5967,5.098
7/27/2006,0.7373,-0.1952,1.3701,2.4488,5.097
7/28/2006,-1.6935,0.7974,0.8499,-0.0714,5.054
7/31/2006,1.4891,1.1045,0.1934,-1.2139,5.074
8/1/2006,0.9062,0.6495,-0.0276,0,5.109
8/2/2006,1.3828,0.44,0.3862,1.4456,5.108
8/3/2006,-0.7874,-0.1606,-1.0717,-1.1503,5.108
8/4/2006,-1.0629,0.468,0.75,0.6182,5.074
8/7/2006,3.1371,0.7861,-2.8812,0.253,5.105
8/8/2006,-0.9722,0.0578,-0.44,-0.3605,5.099
8/9/2006,-0.1823,0.0289,1.0115,1.013,5.067
8/10/2006,-2.206,0.534,-0.7116,-1.3252,5.045
8/11/2006,0.1868,0.5624,-0.6307,0.0363,5.064
8/14/2006,-1.6349,-0.6884,-0.0289,0.0363,5.084
8/15/2006,-0.554,-0.8087,0.7792,0.3264,5.088
8/16/2006,-1.51,-1.6305,-1.8757,-0.2531,5.067
8/17/2006,-1.682,0.7548,0.7442,-1.0511,5.087
8/18/2006,0.1968,1.4982,1.347,1.3187,5.095
8/21/2006,1.8737,1.0564,0.3573,1.0846,5.084
8/22/2006,-0.5488,0.5442,-0.5269,-0.2861,5.099
8/23/2006,-1.6406,-0.8261,-1.0451,-0.538,5.088
8/24/2006,1.213,1.5654,-0.2749,-0.0361,5.088
8/25/2006,-0.2996,-0.4101,-0.8995,0.0361,5.106
8/28/2006,-2.5094,-0.4686,-0.0146,-0.4688,5.085
8/29/2006,-1.0635,-0.9843,-1.4641,-1.0507,5.067
8/30/2006,1.0282,-1.5992,0.7727,0.1098,5.046
8/31/2006,-0.0771,-0.9224,0.3391,-1.2802,5.035
9/1/2006,-1.6204,0.6354,-0.0735,0.2223,5.011
9/4/2006,-1.6204,0.6354,-0.0735,0.1109,5.011
9/5/2006,-0.6902,0.558,0.8824,-0.0739,4.979
9/6/2006,-1.7533,-1.8984,-2.4344,-0.9608,4.963
9/7/2006,-0.418,0.7592,-1.7481,-1.2687,4.962
9/8/2006,-1.679,-1.3,0.0912,0,4.929
9/11/2006,-1.4122,-2.799,-1.4129,-1.8896,4.928
9/12/2006,-2.1319,-0.3696,0.5702,0.1156,4.901
9/13/2006,0.4084,1.0201,2.1299,-0.2309,4.9
9/14/2006,-1.4407,-0.9945,-1.2003,-0.3857,4.931
9/15/2006,-0.1548,-0.0927,-1.5034,-0.6581,4.939
9/18/2006,0.4478,2.5522,1.0638,0.3897,4.939
9/19/2006,-3.5494,-1.2066,-0.5339,-0.5047,4.943
9/20/2006,-2.1333,-2.1221,-0.3067,0.039,4.921
9/21/2006,1.5259,1.0451,1.4769,0.624,4.91
9/22/2006,-2.2365,0.2007,-1.1522,-1.2016,4.919
9/25/2006,1.8851,0.2311,-0.2147,-0.7846,4.897
9/26/2006,-0.4491,2.1057,0.0307,1.1467,4.88
9/27/2006,3.1397,1.0537,1.721,0.7037,4.88
9/28/2006,-0.8922,0.4916,-0.6042,1.0481,4.869
9/29/2006,0.2824,-0.5336,-0.3343,-0.2305,4.877
10/2/2006,-2.6404,-0.149,-0.305,0,4.887
10/3/2006,-3.7425,-2.3731,-2.539,-1.2707,4.912
10/4/2006,1.5026,1.8346,2.0873,-0.702,4.911
10/5/2006,1.0178,1.0659,-0.3536,0.5499,4.931
10/6/2006,-0.4396,0.2971,-0.2006,0.0781,4.939
10/9/2006,0.46,-1.4366,-0.572,0.2342,4.938
10/10/2006,-1.7033,0.9767,0.3265,0.8178,4.968
10/11/2006,-1.9005,-0.997,-1.0383,0,5.015
10/12/2006,1.4815,1.6835,1.8948,0.4249,5.045
10/13/2006,0.4118,1.1086,1.3831,0.7308,5.054
10/16/2006,1.9944,2.0906,2.3647,1.2218,5.053
10/17/2006,-1.3341,-0.6015,0.3406,0.4904,5.088
10/18/2006,-2.1115,-0.3458,-1.7857,-0.3378,5.088
10/19/2006,1.9868,0.8096,2.299,-0.339,5.097
10/20/2006,-2.1336,-0.2581,-0.4113,-0.1512,5.085
10/23/2006,-0.7204,0.532,0.0885,-0.3028,5.105
10/24/2006,0.8975,-0.0429,0.6484,0.6074,5.119
10/25/2006,3.5201,1.6025,1.347,0.8302,5.119
10/26/2006,-1.9196,0.859,-1.1124,2.2081,5.108
10/27/2006,0.6524,-0.2234,-0.5698,-0.4028,5.095
10/30/2006,-3.7407,-0.8676,-1.4399,0.1103,5.074
10/31/2006,0.2309,0.8187,0.0298,-0.2938,5.078
11/1/2006,0.0384,-0.5041,0.149,0.0368,5.056
11/2/2006,-1.1896,0.1829,0.0744,-0.3344,5.056
11/3/2006,2.2913,1.3485,0.1487,1.3796,5.085
11/6/2006,1.4617,1.0534,1.4254,0.8459,5.074
11/7/2006,-1.5903,-0.5212,-0.2781,0.5106,5.078
11/8/2006,1.5209,2.206,1.8196,0.5443,5.098
11/9/2006,2.0599,1.0792,-0.538,0.1804,5.097
11/10/2006,-2.2018,-0.2547,0.0585,0.3602,5.085
11/13/2006,-1.7824,0.0134,-1.9141,-0.682,5.074
11/14/2006,-0.4011,0.0269,0.7448,0,5.088
11/15/2006,0.6904,0.4701,0.0148,0.1084,5.088
11/16/2006,-3.6381,-2.8476,-1.508,0,5.097
11/17/2006,0.6918,0.5642,-0.3603,-1.4079,5.085
11/20/2006,0.0589,-0.8894,-0.226,-0.4028,5.053
11/21/2006,1.9816,1.3254,1.1777,0,5.057
11/22/2006,-1.289,-0.654,-0.5969,-0.5147,5.056
11/23/2006,-1.289,-0.654,-0.5969,-0.5543,5.054
11/24/2006,0.955,-0.7269,-0.1651,-0.223,5.032
11/27/2006,0.9653,0.1243,-0.1203,-0.5214,5.032
11/28/2006,0.7839,2.332,1.4002,0.2995,5.042
11/29/2006,2.713,2.5216,1.069,0.3733,5.036
11/30/2006,0.8127,1.0259,0.0147,-0.8553,5.024
12/1/2006,0.8611,0.5077,-0.235,-0.2626,5.022
12/4/2006,-1.5441,0.7383,-0.53,-0.7146,5.001
12/5/2006,0.1845,0.3729,1.569,1.5909,4.984
12/6/2006,-0.7551,-2.2419,-0.9618,0,4.984
12/7/2006,-0.0557,-0.7863,0.309,-0.261,4.973
12/8/2006,-0.5199,-0.2774,0.4841,0.3364,4.95
12/11/2006,-1.0825,-0.1854,-0.292,-0.3353,4.928
12/12/2006,-0.8491,1.181,-0.0732,-0.5234,4.932
12/13/2006,0.628,1.4557,0.4982,0.8643,4.932
12/14/2006,1.6074,1.7709,-0.7727,0.5961,4.941
12/15/2006,1.0609,-1.8163,-0.2645,0.6667,4.908
12/18/2006,-2.0994,-2.3157,-1.6647,-0.7358,4.928
12/19/2006,1.5801,1.96,1.7079,0.1112,4.953
12/20/2006,0.0926,-1.182,-1.4435,-0.8886,4.963
12/21/2006,-1.3136,-0.276,0,0,4.962
12/22/2006,-0.7874,-0.6063,-0.5679,-1.2701,4.98
12/25/2006,-0.7874,-0.6063,-0.5679,-1.2701,4.98
12/26/2006,-2.4187,0.8487,0.2255,-1.2701,4.979
12/27/2006,-0.5616,1.1966,0.9748,1.7783,4.973
12/28/2006,-0.0974,0.4808,-0.1931,-0.4089,4.993
12/29/2006,0.5848,-0.9052,-0.1488,-0.2613,5.011
1/1/2007,0.5848,-0.9052,-0.1488,-0.2613,5.011
1/2/2007,0.5848,-0.9052,-0.1488,0.7111,5.041
1/3/2007,-4.2636,-3.2885,-1.6692,-0.5574,5.046
1/4/2007,-4.1498,-1.8756,-1.3186,-1.3079,5.035
1/5/2007,1.0137,0.7151,-0.215,-2.4612,5.043
1/8/2007,-0.7109,-0.8056,-1.0466,-0.5823,5.053
1/9/2007,-0.4001,-0.7708,-2.8776,-0.3905,5.078
1/10/2007,-4.2706,-1.5259,-1.5535,0.1176,5.088
1/11/2007,-2.076,-0.0141,0.1952,1.8011,5.097
1/12/2007,0.654,2.3669,4.9521,0.1538,5.084
1/15/2007,0.654,2.3669,4.9521,1.2673,5.083
1/16/2007,-2.756,-1.4176,-2.104,-0.8343,5.083
1/17/2007,1.8894,1.1587,0.4899,0.3824,5.108
1/18/2007,-2.2388,-0.69,0.0315,0,5.118
1/19/2007,2.7759,2.1818,1.4306,0.6476,5.137
1/22/2007,-1.3279,-0.8568,-0.9454,-0.4164,5.126
1/23/2007,4.1286,2.1811,2.0498,0.2661,5.14
1/24/2007,0.9858,0.5504,-0.2453,0.6065,5.129
1/25/2007,-1.8004,-1.8425,-2.1672,-0.7536,5.139
1/26/2007,2.2311,0.1224,0.1257,-0.1898,5.126
1/29/2007,-2.8306,-0.557,-1.4122,-0.3804,5.126
1/30/2007,5.3147,1.6257,1.2255,0.2673,5.135
1/31/2007,1.8581,-0.3898,-0.1415,-1.1043,5.108
2/1/2007,-0.8292,1.3225,0.3936,2.0408,5.118
2/2/2007,3.1355,0.6127,-0.1725,-1.434,5.137
2/5/2007,-0.4864,0.1721,0.22,0.804,5.126
2/6/2007,0.224,-0.2775,-0.8465,-0.3798,5.145
2/7/2007,-1.9508,-0.4638,0.3636,0.0762,5.15
2/8/2007,3.1088,0.8958,0.0315,-0.8846,5.149
2/9/2007,0.4824,-0.318,-0.9449,-0.3104,5.147
2/12/2007,-3.2406,-0.8242,-1.1447,-0.6617,5.157
2/13/2007,2.0467,1.1394,1.0132,0.1176,5.166
2/14/2007,-1.8436,0.1988,0.0318,-0.0391,5.15
2/15/2007,-0.2064,-0.3439,0.4138,-0.1175,5.16
2/16/2007,2.0683,-0.0664,-0.6816,-0.6272,5.167
2/19/2007,2.0683,-0.0664,-0.6816,0,5.166
2/20/2007,-1.3779,-0.5578,-0.6543,-1.1834,5.166
2/21/2007,2.445,-0.1202,-0.2096,-0.0798,5.176
2/22/2007,0.9426,0.4012,0.4715,0.5194,5.18
2/23/2007,0.2583,0.1865,2.2172,1.1129,5.178
2/26/2007,0.872,0.2393,1.1558,0.4717,5.167
2/27/2007,-1.8664,-4.7347,-3.1617,-0.7825,5.114
2/28/2007,2.4625,-0.2088,-0.5334,-2.9574,5.129
3/1/2007,0.1172,-0.9626,-0.78,1.8285,5.128
3/2/2007,-0.4489,-1.3805,-1.5886,-2.4342,5.095
3/5/2007,-2.725,-0.0429,-2.1468,-1.1043,5.084
3/6/2007,1.4107,1.4576,1.2415,1.158,5.114
3/7/2007,1.9277,0.9014,1.9318,0.4906,5.088
3/8/2007,0,0.2931,0.0824,0.773,5.076
3/9/2007,-2.3006,-1.016,0.7575,0.4037,5.085
3/12/2007,-1.5167,-0.3515,-0.3595,-1.1259,5.084
3/13/2007,-0.8308,-1.3546,-2.001,-0.6507,5.062
3/14/2007,0.4087,1.5878,0.3013,-1.6783,5.046
3/15/2007,-0.9565,-0.4647,-0.3337,0.6661,5.035
3/16/2007,-0.5137,-1.1741,-0.2679,-1.2407,5.022
3/19/2007,0.5783,1.775,0.8897,1.005,5.022
3/20/2007,-0.4928,1.2658,0.2995,-0.1244,5.052
3/21/2007,0.7016,1.7083,2.0239,0.4566,5.036
3/22/2007,2.8279,1.5431,1.2358,1.281,5.045
3/23/2007,0.7772,0.8932,2.3129,1.3056,5.064
3/26/2007,1.1865,0.5942,1.0832,0.1208,5.063
3/27/2007,0.0586,0.318,-0.2174,0.1207,5.052
3/28/2007,1.5625,-0.1981,0.7004,0.6027,5.046
3/29/2007,3.1154,0.8999,1.6229,0.8387,5.035
3/30/2007,-0.5035,-1.0362,-1.5209,-1.3861,5.033
4/2/2007,0.3936,0.941,0.4479,0.1606,5.032
4/3/2007,-2.0538,0.8403,0.2153,-0.0802,5.041
4/4/2007,-0.2478,0.4036,-0.1381,-0.4013,5.036
4/5/2007,-0.6117,0.1427,0.2458,0.282,5.022
4/6/2007,-0.6117,0.1427,0.2458,0.282,5.032
4/9/2007,-3.1915,-0.5439,-0.6284,0.282,5.021
4/10/2007,0.5164,1.0026,1.5114,-0.3616,5.01
4/11/2007,-0.2964,-1.0313,0.2735,0.6855,5.015
4/12/2007,2.3583,0.8076,2.1364,-0.04,5.014
4/13/2007,-0.2517,0.0258,1.4835,2.0433,5.002
4/16/2007,-0.6211,0.9818,0.5116,0.5889,4.991
4/17/2007,-1.7773,0.2942,0.3636,0.6245,4.989
4/18/2007,-0.2983,-0.2551,-0.1014,-0.3103,4.973
4/19/2007,-1.8349,-0.9463,-0.4207,-0.3891,4.973
4/20/2007,1.6863,2.9693,0.0291,0.3906,4.97
4/23/2007,2.3377,-0.7021,0.1019,0.5837,4.97
4/24/2007,-1.6205,-0.7576,-1.4257,-0.8897,4.969
4/25/2007,1.8456,1.6794,1.83,0.6635,4.952
4/26/2007,-0.7405,0.7883,-1.4203,0,4.931
4/27/2007,1.7668,-0.2359,-0.441,-1.0081,4.919
4/30/2007,-1.1574,-1.2195,-0.5907,0.3917,4.845
5/1/2007,-1.7174,0.3527,0,0.3917,4.886
5/2/2007,-1.529,0.2009,0.9507,1.0535,4.88
5/3/2007,-0.6251,1.0774,0.9564,1.8919,4.879
5/4/2007,-1.9886,-0.1611,-0.1458,1.0989,4.877
5/7/2007,-0.4969,0.3476,0.1606,-0.7496,4.856
5/8/2007,1.2068,0.6804,-0.3643,-0.2644,4.886
5/9/2007,-1.2952,0.0492,-0.1909,-0.209,4.859
5/10/2007,0.2916,-2.0634,-2.3957,-1.1882,4.838
5/11/2007,0.8723,2.3177,0.9091,0.3879,4.836
5/14/2007,-0.0206,0.0246,0.1952,0.5023,4.814
5/15/2007,0.8855,-0.1477,-0.9291,-0.2307,4.823
5/16/2007,-0.939,0.3944,0.4084,0.0771,4.734
5/17/2007,3.3587,0.4297,1.9434,3.2345,4.786
5/18/2007,-0.1196,1.7848,1.8176,2.238,4.804
5/21/2007,1.4371,0.3963,0.7837,1.7877,4.835
5/22/2007,-1.771,-0.981,-1.8145,-0.2151,4.845
5/23/2007,0.5008,0.2658,-0.0587,0.5747,4.89
5/24/2007,-2.4716,-0.8555,-1.3061,-0.4286,4.889
5/25/2007,1.1649,1.4949,0.7732,-0.5022,4.866
5/28/2007,1.1649,1.4949,0.7732,-0.0721,4.865
5/29/2007,-2.2222,-1.0657,-0.7673,-0.469,4.803
5/30/2007,-0.3926,1.6703,0.4164,-0.9424,4.836
5/31/2007,1.5557,-0.9881,-0.77,1.2441,4.736
6/1/2007,1.0212,1.2625,0.8954,1.2288,4.786
6/4/2007,1.7994,0,1.1093,0.9639,4.765
6/5/2007,-0.6554,0.0475,-1.3166,0.5304,4.826
6/6/2007,0.5821,-0.7596,-1.0969,-0.3869,4.789
6/7/2007,0.6734,-1.9852,-0.8094,0.459,4.799
6/8/2007,-3.1392,0.8785,1.1937,0.8084,4.766
6/11/2007,1.5899,0.4596,0.3285,-0.5579,4.723
6/12/2007,-0.5618,-1.2762,-0.3572,-1.0168,4.732
6/13/2007,1.0694,1.6463,2.106,0.3542,4.643
6/14/2007,2.0164,1.7037,0.7314,2.3297,4.632
6/15/2007,0.8415,1.3802,0.6245,2.1042,4.547
6/18/2007,1.1838,0.4887,-0.0289,0.1351,4.526
6/19/2007,-0.0384,-0.6021,0.6352,-0.2699,4.68
6/20/2007,-1.0936,-3.5182,-1.1763,-0.1691,4.726
6/21/2007,0.097,1.787,0.4935,0.7455,4.695
6/22/2007,0.562,-2.1115,0.7656,-0.8409,4.714
6/25/2007,0.1349,-0.1818,0.5017,0.1357,4.775
6/26/2007,-1.6166,-0.6677,0.4136,-0.9146,4.816
6/27/2007,1.4867,2.0288,0.7813,-0.547,4.779
6/28/2007,1.1372,0.1437,1.198,2.4751,4.767
6/29/2007,1.0101,0.3349,0.4735,1.2747,4.807
7/2/2007,1,1.1206,1.608,1.3581,4.869
7/3/2007,0.0187,0.6366,0.2865,0.6209,4.956
7/4/2007,0.0187,0.6366,0.2865,-0.2273,4.955
7/5/2007,1.1393,-0.2343,-0.8026,-0.9115,4.942
7/6/2007,0.9788,1.5265,0.7954,2.6938,4.942
7/9/2007,-0.6035,1.1335,0.7891,-0.2559,4.921
7/10/2007,0.6808,-1.075,-0.621,-1.0584,4.946
7/11/2007,-0.1096,0.9133,0.5162,-1.0697,4.945
7/12/2007,0.1464,2.6693,1.0541,1.2123,4.955
7/13/2007,1.4615,0.7922,0.3076,-1.0359,4.963
7/16/2007,0.3961,-0.6974,-1.4265,-1.3412,4.931
7/17/2007,-0.2152,-0.68,-0.0135,0.8621,4.967
7/18/2007,1.6894,2.3123,0.8116,-1.2163,4.956
7/19/2007,0.8837,1.2507,-0.1878,0.5324,4.976
7/20/2007,-0.1402,-0.3792,-0.699,-1.5889,4.974
7/23/2007,-1.0877,1.6315,0.7446,1.3791,4.994
7/24/2007,-2.1639,-2.7825,-2.8487,-2.3889,5.008
7/25/2007,4.1334,2.1466,0.4011,0.17,4.976
7/26/2007,-2.124,-4.9143,-2.3281,-1.7645,4.913
7/27/2007,2.7037,-2.9922,-2.0451,-2.1416,4.849
7/30/2007,-0.4157,0.4907,0.6623,-0.1765,4.859
7/31/2007,1.7913,-1.0231,-0.7295,1.3083,4.946
8/1/2007,-1.3156,0.834,0.4323,-0.2,4.883
8/2/2007,-0.1039,-0.7689,-1.033,-1.306,4.882
8/3/2007,-2.1837,-3.6394,-3.5952,-1.824,4.828
8/6/2007,-3.9688,1.7788,1.5639,-0.9107,4.859
8/7/2007,0.2952,2.5856,0.7107,1.6912,4.935
8/8/2007,-0.1656,2.5671,1.0725,1.6631,4.945
8/9/2007,-0.9029,-4.4937,-3.6123,-2.027,4.778
8/10/2007,-0.2603,1.0885,-0.6246,-3.0853,4.547
8/13/2007,0.3915,-1.8814,0.3679,2.5468,4.692
8/14/2007,0.7057,0.2533,-1.2983,-1.0226,4.633
8/15/2007,1.6596,-1.7322,-1.4392,1.0332,4.093
8/16/2007,-2.8115,-1.2486,-1.0834,-4.1636,3.864
8/17/2007,0.8399,4.3015,2.5079,2.9726,3.759
8/20/2007,-0.9069,0.4635,0.031,0.6662,3.093
8/21/2007,-2.0732,-1.6326,-0.8514,0.1471,3.606
8/22/2007,-0.1526,0.5171,1.9048,0.5507,3.658
8/23/2007,0.5731,0.2034,0.9346,0.4016,3.896
8/24/2007,1.8803,2.3164,1.7608,0.8364,4.226
8/27/2007,1.2864,-0.6652,-0.4922,-0.9016,4.506
8/28/2007,-0.5522,-2.4906,-2.8332,-1.3828,4.332
8/29/2007,2.8133,2.6867,2.2061,1.0332,4.01
8/30/2007,-0.09,0.1995,0.2415,2.1914,3.802
8/31/2007,0.5045,0.3864,1.4305,1.7155,4.111
9/3/2007,0.5045,0.3864,1.4305,0.0351,4.111
9/4/2007,1.739,1.7497,1.1431,2.6344,4.411
9/5/2007,0.8987,-0.0115,-0.1615,-0.9582,4.389
9/6/2007,0.6462,0.3096,0.4999,1.5549,4.31
9/7/2007,0.2256,-1.9888,-0.2194,-1.7013,4.06
9/10/2007,1.7832,-1.0379,0.1906,-0.3461,4.007
9/11/2007,0.2892,2.4511,1.2291,0.9031,4.098
9/12/2007,1.7639,0.8167,0.3469,0.7917,3.999
9/13/2007,0.2833,1.1067,0.1873,1.571,4.051
9/14/2007,-0.6315,0.0564,-1.0784,-1.0087,3.987
9/17/2007,1.4718,0.6654,-0.6977,-1.087,4.09
9/18/2007,2.2746,2.8008,2.386,0.7555,4.005
9/19/2007,-0.3707,0.3923,0.829,1.7723,3.906
9/20/2007,1.3426,-0.0326,0.7373,0.2344,3.792
9/21/2007,-0.814,0.2389,0.5067,-0.2673,3.759
9/24/2007,-0.515,-0.6283,-0.2381,0,3.8
9/25/2007,-1.2132,0.2507,-2.6811,-2.1776,3.798
9/26/2007,1.0316,0.4458,-1.0529,-0.2055,3.699
9/27/2007,2.8201,0.6496,0.4956,0.0686,3.698
9/28/2007,-1.4029,-0.441,0.5947,-0.6859,3.801
10/1/2007,-1.5348,1.5017,0.3749,0.3108,3.904
10/2/2007,0.0649,-1.8201,-1.2498,-1.5835,3.953
10/3/2007,-0.5517,-0.9866,-1.6293,-1.3991,3.947
10/4/2007,2.1537,-0.4489,2.3366,-0.2483,3.937
10/5/2007,-0.5271,0.4839,1.4595,0.4267,3.976
10/8/2007,-2.4406,-0.7443,-0.7834,-0.2125,3.976
10/9/2007,1.0533,2.1945,2.182,1.7033,4.017
10/10/2007,1.6287,0.4964,0.2388,-0.0698,4.041
10/11/2007,1.9071,-0.5047,0.6587,1.5712,4.113
10/12/2007,0.6448,0.885,5.0265,0.8938,4.194
10/15/2007,2.9531,1.4335,0.6496,0.6133,4.277
10/16/2007,1.6543,-0.0844,0.5137,1.253,4.249
10/17/2007,-0.5225,0.0633,-0.8649,-0.0669,3.999
10/18/2007,2.3113,0.2637,0.4759,-0.3012,3.854
10/19/2007,-1.5109,-3.0615,-1.5261,-0.8392,3.821
10/22/2007,-0.8937,-1.3349,-1.2959,-1.3879,3.966
10/23/2007,-1.067,0.484,2.1115,0.2746,3.979
10/24/2007,3.266,0.8539,0.1723,1.4721,3.854
10/25/2007,3.148,-0.6078,0.3838,-0.1687,3.926
10/26/2007,1.4974,0.6989,2.531,2.636,3.946
10/29/2007,1.8688,1.5183,0.54,0.5927,3.966
10/30/2007,-4.0828,-2.6386,-2.0077,-1.1784,3.958
10/31/2007,5.3638,0.9326,1.7748,0.9374,3.916
11/1/2007,-1.5013,-3.7939,-2.0387,-1.6876,3.802
11/2/2007,3.0206,-0.6441,2.6047,-0.9088,3.604
11/5/2007,-1.0894,-0.3071,0.5103,-0.8152,3.728
11/6/2007,2.4476,3.1029,1.155,-0.7534,3.741
11/7/2007,-1.1415,-3.1312,-1.7572,1.0697,3.45
11/8/2007,-0.5371,2.5459,-0.9659,-1.2291,3.409
11/9/2007,0.9314,-2.8741,-2.3017,-1.6592,3.253
11/12/2007,-2.6749,-2.6598,-4.0197,-1.406,3.252
11/13/2007,-2.5285,2.7679,2.1356,-1.7825,3.459
11/14/2007,2.3544,-0.6561,-0.258,0.2541,3.399
11/15/2007,-0.4132,-2.1087,-2.8859,-0.9776,3.305
11/16/2007,2.213,0.722,1.5559,-0.3291,3.418
11/19/2007,0.7984,-1.1633,-2.9538,-0.1834,3.366
11/20/2007,3.826,4.4109,2.1334,1.8376,3.285
11/21/2007,-1.1637,-0.8882,-0.9748,1.1548,3.089
11/22/2007,-1.1637,-0.8882,-0.9748,0.2854,3.088
11/23/2007,0.4186,1.4361,0.2813,-1.6364,3.222
11/26/2007,-0.6644,-2.9562,-1.1359,-0.7957,3.108
11/27/2007,-2.5574,0.817,0.3972,-0.8385,3.156
11/28/2007,-3.3647,1.7828,2.4159,0.8456,3.037
11/29/2007,-0.2228,0.7621,-0.2345,-0.3281,2.965
11/30/2007,-2.4149,0.6434,0.5808,0.8413,3.15
12/3/2007,1.13,-0.3477,0.8249,-0.7617,2.995
12/4/2007,-1.8388,-0.8216,-1.3499,-0.2193,3.053
12/5/2007,-1.0231,2.0427,1.8383,2.4176,3.058
12/6/2007,3.3921,1.6904,1.3979,0.0358,3.078
12/7/2007,-2.2388,0.0656,0.937,-0.2145,3.067
12/10/2007,-0.1008,0.5792,-0.0265,-0.6808,3.036
12/11/2007,1.2976,-1.9016,-1.1805,0.1443,2.908
12/12/2007,5.1808,1.8166,2.1477,1.4769,2.862
12/13/2007,-0.9878,0.8703,-1.2878,-0.923,2.893
12/14/2007,-1.2437,-1.6609,-1.2513,1.2182,2.871
12/17/2007,-0.512,-1.4148,-1.2267,-0.885,2.984
12/18/2007,-1.085,1.7021,0.1911,-0.3571,3.043
12/19/2007,1.4625,0.0109,-1.1987,1.3978,2.893
12/20/2007,-0.0693,0.7656,0.1517,1.3432,2.934
12/21/2007,2.3578,1.411,1.0187,0.8022,2.974
12/24/2007,0.2033,0.2462,0.0818,-0.2422,3.283
12/25/2007,0.2033,0.2462,0.0818,-0.2422,3.306
12/26/2007,2.6504,1.2278,0.2996,-0.2422,3.316
12/27/2007,0.4479,-1.2024,0.5023,0.7284,3.119
12/28/2007,-0.4721,1.4199,-0.1081,-0.792,3.15
12/31/2007,-0.1713,-1.3789,-1.0548,-0.2083,3.242
1/1/2008,-0.1713,-1.3789,-1.0548,-0.2083,3.332
1/2/2008,3.5771,-0.1921,0.2597,-0.5913,3.254
1/3/2008,-0.1274,0.3422,1.9084,1.9944,3.223
1/4/2008,-1.3526,-1.8651,-1.458,-1.5094,3.191
1/7/2008,-2.3412,-0.934,1.7918,2.2292,3.242
1/8/2008,0.7417,-1.2826,-1.6002,-2.3169,3.218
1/9/2008,-1.0649,1.6768,-2.7104,0.2093,3.233
1/10/2008,-1.6346,0.1092,-0.4457,-1.8448,3.212
1/11/2008,-1.2564,-1.4837,-1.8469,-1.5957,3.098
1/14/2008,1.5871,0.5869,0.114,-0.2162,3.16
1/15/2008,-1.9798,-1.9927,-4.0866,-2.1668,3.156
1/16/2008,-1.2778,-2.7971,-2.1378,-1.735,3.13
1/17/2008,-1.1413,-3.0279,-2.23,-1.5778,2.996
1/18/2008,0.718,1.3944,0.8844,-1.7176,2.85
1/21/2008,0.718,1.3944,0.8844,-4.699,2.85
1/22/2008,-1.3838,-3.0912,-3.9065,0.2445,2.274
1/23/2008,-1.4883,1.2129,-1.7606,-5.2846,2.208
1/24/2008,2.0576,3.0557,3.5354,5.6652,2.367
1/25/2008,1.3853,-2.3953,-0.4406,0.528,2.254
1/28/2008,0.6082,1.4177,0.3477,-1.1313,2.254
1/29/2008,0.8708,-0.0587,0.252,-0.4904,2.29
1/30/2008,0.137,0.2351,-1.8225,-1.1088,2.152
1/31/2008,-0.9989,1.3133,2.3364,-0.1246,1.946
2/1/2008,-2.5985,-0.5208,0.4691,-0.3326,2.089
2/4/2008,1.2771,-0.5934,0.249,0.7509,2.223
2/5/2008,-1.7094,-3.8975,-1.4439,-1.8634,2.167
2/6/2008,-1.6108,-0.816,0.3623,0.9852,2.09
2/7/2008,1.1301,0.9823,-1.0516,-2.5327,2.193
2/8/2008,4.4413,-0.2198,1.9987,0.2165,2.223
2/11/2008,2.2634,1.848,0.7776,-0.1729,2.254
2/12/2008,-1.2877,1.3939,1.1728,4.4589,2.29
2/13/2008,0.7066,1.3155,1.8304,0.4973,2.265
2/14/2008,2.2264,0.0702,-0.4943,-0.1237,2.285
2/15/2008,0.2244,-0.2104,-1.129,-2.5186,2.192
2/18/2008,0.2244,-0.2104,-1.129,2.0754,2.192
2/19/2008,3.793,1.921,1.9945,0.5809,2.223
2/20/2008,0.6471,1.2527,-0.1769,-1.6089,2.229
2/21/2008,-2.5088,-1.3394,-2.4826,0.7128,2.193
2/22/2008,1.6423,0.2876,1.7541,0.8743,2.192
2/25/2008,0.1733,2.2485,1.8917,1.1556,2.182
2/26/2008,1.7321,0.8527,0.8834,-0.0408,2.105
2/27/2008,-1.4732,-0.5562,-1.3802,-0.4898,1.967
2/28/2008,3.2438,-0.0112,-0.4364,-1.7227,1.905
2/29/2008,-1.3009,-2.6516,-1.9498,-1.0434,1.843
3/3/2008,1.1191,0.8505,-0.37,-2.5728,1.648
3/4/2008,-2.361,-1.208,-0.8201,-1.8615,1.654
3/5/2008,4.9118,0.5768,2.5741,1.985,1.495
3/6/2008,0.7083,-3.0737,-3.0266,-1.6869,1.362
3/7/2008,-0.1907,-2.3902,0.1568,-1.3198,1.444
3/10/2008,2.2692,-0.0364,1.0179,0.2229,1.331
3/11/2008,0.8291,5.1176,1.9687,0.3559,1.48
3/12/2008,0.6718,-0.8191,0.2128,0.9752,1.413
3/13/2008,0.3336,1.2563,-0.622,-1.2291,1.362
3/14/2008,-0.8027,-1.3096,-1.9539,-0.5778,1.167
3/17/2008,-3.7106,-0.1397,-3.4252,-4.1574,1.004
3/18/2008,3.0012,3.1239,2.0635,2.472,0.886
3/19/2008,-4.0909,-4.5665,-5.1177,-1.502,0.565
3/20/2008,-1.2031,0.6751,-0.2997,-2.4492,0.575
3/21/2008,-1.2031,0.6751,-0.2997,-2.4492,0.575
3/24/2008,-1.2792,1.1176,1.3024,-2.4492,1.075
3/25/2008,1.5076,-0.8726,1.7801,2.2264,1.285
3/26/2008,4.0997,1.2441,0.3401,0.4171,1.27
3/27/2008,1.0848,-0.0696,-2.0981,0.1846,1.27
3/28/2008,-1.5864,-1.1369,-1.2199,-0.4606,1.372
3/31/2008,-3.5676,-0.751,1.2183,1.1569,1.321
4/1/2008,-0.3687,2.8848,1.2201,1.6011,1.398
4/2/2008,3.3555,1.7237,1.5801,0.2701,1.372
4/3/2008,-0.1552,-0.3276,0.2245,1.7063,1.393
4/4/2008,1.4704,0.578,0.768,0.883,1.372
4/7/2008,2.4152,0.2028,0.7621,0.8972,1.392
4/8/2008,0.2991,0.776,0.6146,-0.0434,1.377
4/9/2008,1.9612,0.1004,1.6601,0.7377,1.3
4/10/2008,-0.8099,-0.1672,0.0462,0.4308,1.239
4/11/2008,0.3402,-1.0385,-0.4466,-1.0294,1.188
4/14/2008,1.311,1.2187,1.4849,-0.3684,1.075
4/15/2008,2.008,1.2263,-0.2134,0.9134,1.142
4/16/2008,0.7765,2.3018,2.7799,2.4784,1.127
4/17/2008,0.2387,0.5275,0.3715,-0.3785,1.28
4/18/2008,1.5373,0.664,0.9772,1.7944,1.351
4/21/2008,0.6291,0.2766,0.3226,0.1037,1.3
4/22/2008,0.7417,0.1379,0.5992,-0.6008,1.275
4/23/2008,0.1052,-0.1801,0.4794,2.6469,1.219
4/24/2008,-2.0803,-1.7194,-1.952,-1.0355,1.249
4/25/2008,2.6395,-0.1512,2.0204,1.0669,1.362
4/28/2008,0.0314,-0.0108,-0.2891,0.406,1.372
4/29/2008,-2.8216,-0.7139,4.639,4.448,1.469
4/30/2008,-0.5269,1.3945,0.8451,-0.0387,1.382
5/1/2008,-2.2919,-3.6209,-1.209,-0.0387,1.403
5/2/2008,3.3414,-0.1003,0.4311,0.3292,1.505
5/5/2008,3.576,-0.1116,0.3462,0.2123,1.597
5/6/2008,1.6953,0.6256,0.5106,0.077,1.633
5/7/2008,1.4434,-1.3878,-0.9747,1.2702,1.669
5/8/2008,0.8617,1.2497,0.7902,-0.8552,1.659
5/9/2008,1.4504,-0.7895,-0.8253,-1.0734,1.689
5/12/2008,-1.9683,0.4166,1.2483,0.9494,1.792
5/13/2008,1.5982,0.5494,-0.7671,-1.19,1.828
5/14/2008,-1.4649,0.2565,0.5543,1.4207,1.823
5/15/2008,-0.01,1.546,1.7076,0.3675,1.833
5/16/2008,2.0557,1.5005,2.0748,2.5246,1.843
5/19/2008,0.5182,1.8237,0.0401,3.2143,1.853
5/20/2008,1.4591,0.212,0.1604,-1.4023,1.864
5/21/2008,3.8447,-0.9412,1.4547,3.4355,1.864
5/22/2008,-2.4744,-1.2384,0.1315,-1.0536,1.864
5/23/2008,1.2496,-1.9565,-1.3794,-1.8047,1.853
5/26/2008,1.2496,-1.9565,-1.3794,0.0551,1.853
5/27/2008,-2.5152,-0.9923,-2.0115,-0.6245,1.894
5/28/2008,1.5922,0.7016,-1.1555,1.22,1.885
5/29/2008,-3.4554,-1.1943,-0.9077,1.6801,1.905
5/30/2008,0.7823,-0.6603,0.6384,-1.4188,1.884
6/2/2008,-0.0097,-1.0703,-2.0549,-1.7672,1.833
6/3/2008,-2.329,-2.3915,-1.1546,0.2967,1.849
6/4/2008,-1.6592,0.0467,-3.8462,-3.1805,1.849
6/5/2008,5.0212,4.1516,2.8296,0.4966,1.849
6/6/2008,7.9076,-2.8216,-0.7492,0.076,1.838
6/9/2008,-2.7815,2.627,2.4822,2.1648,1.889
6/10/2008,-1.8615,-1.3248,-2.9745,-1.3941,2.013
6/11/2008,3.7096,0.8192,2.0146,0.0566,1.941
6/12/2008,0.2523,-1.7492,-1.0733,-1.4506,1.992
6/13/2008,-1.8603,1.4932,-1.056,-0.4779,1.971
6/16/2008,-0.1923,-0.4187,0.7018,0.6915,1.951
6/17/2008,-0.2844,0.716,1.1905,0.1908,1.982
6/18/2008,2.0335,-0.8914,-1.6212,-2.7037,1.92
6/19/2008,-3.5891,-2.3227,-1.6771,-0.5479,1.91
6/20/2008,2.0859,-1.0258,-0.1038,-2.558,1.859
6/23/2008,1.6309,3.2858,1.069,1.6761,1.889
6/24/2008,0.027,-0.8894,-1.1753,0.6157,1.839
6/25/2008,-2.2082,0.7823,2.319,-0.6711,1.798
6/26/2008,4.2581,-1.3584,-1.2785,0.0994,1.716
6/27/2008,0.5569,0.162,-0.2502,1.5485,1.664
6/30/2008,-0.0791,1.8255,2.6409,2.1896,1.736
7/1/2008,0.8182,0.2496,-2.0124,-2.468,1.869
7/2/2008,1.9635,-1.064,-3.858,-1.6673,1.818
7/3/2008,-0.0171,0.9839,1.2206,0.1795,1.848
7/4/2008,-0.0171,0.9839,1.2206,-0.9359,1.838
7/7/2008,-1.6008,-1.4954,0.1658,3.0754,1.817
7/8/2008,-4.3758,-1.1616,-0.8728,-1.9696,1.859
7/9/2008,-0.2456,-1.8967,-2.1558,-0.6565,1.798
7/10/2008,4.2772,2.0757,0.6982,-2.6832,1.665
7/11/2008,2.6675,-0.6739,-0.5701,0.1646,1.583
7/14/2008,0.0767,-0.0702,-0.3254,-1.2736,1.46
7/15/2008,-4.3327,-3.7813,-3.125,-2.372,1.338
7/16/2008,-2.7938,-1.679,-1.1074,-2.8133,1.358
7/17/2008,-3.405,-0.594,-0.1785,0.9649,1.399
7/18/2008,-1.0329,1.5063,1.4469,-0.2389,1.46
7/21/2008,2.1352,1.766,0.9455,0.4572,1.429
7/22/2008,-3.1405,-0.1446,-0.0476,1.4954,1.542
7/23/2008,-3.194,-2.2568,-1.5883,0.5766,1.552
7/24/2008,1.4397,-0.2346,-1.6785,-2.3567,1.644
7/25/2008,-2.1585,1.1139,1.067,0.8045,1.726
7/28/2008,1.2793,-1.2485,0.3736,0.2588,1.695
7/29/2008,-2.4866,0.2727,-2.5243,-0.9682,1.716
7/30/2008,4.1718,4.3016,3.071,1.499,1.685
7/31/2008,-2.0954,-4.6812,-1.0469,-2.012,1.665
8/1/2008,1.0501,-0.8828,-0.3906,-1.4417,1.664
8/4/2008,-3.4838,-3.9137,-1.634,-0.8865,1.695
8/5/2008,-1.9791,2.2846,0.0498,-0.1789,1.736
8/6/2008,-0.1778,-0.0255,2.258,1.9135,1.644
8/7/2008,1.0691,-1.1362,-0.4059,0.4891,1.675
8/8/2008,-3.8989,1.6529,-2.1519,-0.9735,1.695
8/11/2008,-0.1834,-0.2033,0.3665,1.8767,1.818
8/12/2008,-1.1026,-1.6377,1.2118,1.3596,1.859
8/13/2008,2.4702,1.6779,-0.9185,-1.6876,1.838
8/14/2008,-1.0773,-0.9211,-1.2422,1.8926,1.859
8/15/2008,-1.0136,-0.4906,-2.2268,-1.1879,1.838
8/18/2008,-0.5882,-0.7007,0,1.1148,1.766
8/19/2008,1.6217,1.8555,-0.1391,-1.9455,1.798
8/20/2008,1.3371,1.1033,0.0174,1.6755,1.685
8/21/2008,4.501,1.9541,1.6536,1.3443,1.716
8/22/2008,-5.7733,-0.0622,-2.1575,1.3693,1.695
8/25/2008,0.6051,-1.9801,-0.595,-1.794,1.674
8/26/2008,0.8593,1.5754,0.1761,0.6877,1.706
8/27/2008,1.8743,0.6504,2.2496,1.5582,1.675
8/28/2008,-2.373,0.8823,-0.9453,-0.021,1.736
8/29/2008,-0.5568,-1.4412,0,0.1682,1.715
9/1/2008,-0.5568,-1.4412,0,-2.4554,1.715
9/2/2008,-3.9625,-3.3621,-6.2815,-1.2263,1.685
9/3/2008,-0.8409,0.9053,0.7961,-1.0673,1.685
9/4/2008,-1.6056,-2.4096,-0.3306,-2.7741,1.675
9/5/2008,-1.1032,-0.683,-0.4239,-2.4909,1.777
9/8/2008,-0.1511,1.5208,0.6663,1.9275,1.705
9/9/2008,-4.1662,-4.5721,-3.6588,-1.2531,1.665
9/10/2008,0.7529,2.7164,2.0802,-0.0231,1.644
9/11/2008,-1.7838,0.412,-0.1309,0.4847,1.613
9/12/2008,0,2.5675,2.5646,1.9752,1.47
9/15/2008,-6.3689,-5.4839,-5.2199,-4.0991,0.813
9/16/2008,-1.7169,4.3413,0.751,-5.3311,0.701
9/17/2008,3.3471,-1.5046,-1.7393,0.7194,0.061
9/18/2008,2.1548,3.2811,0.0973,-0.1478,0.076
9/19/2008,4.3703,2.3923,6.0047,6.2654,0.92
9/22/2008,6.039,-0.917,1.1182,0.5571,0.838
9/23/2008,-1.7005,-1.5086,-1.9217,-0.1385,0.721
9/24/2008,-1.4745,0.4376,-1.0351,-0.3699,0.462
9/25/2008,2.1565,3.3833,3.362,1.4617,0.757
9/26/2008,-0.5537,-0.0248,-1.4275,-1.5779,0.848
9/29/2008,-10.5788,-8.1711,-9.9175,-5.0186,0.35
9/30/2008,6.3822,4.8609,2.0961,0.6605,0.91
10/1/2008,-2.9509,1.1847,-0.0997,0.1701,0.808
10/2/2008,-4.7368,-1.3744,-6.1453,-1.771,0.604
10/3/2008,-0.7518,0.5677,1.5094,3.4823,0.472
10/6/2008,-4.8372,-0.7955,-4.3979,-8.1623,0.472
10/7/2008,1.2289,-1.6167,-2.6944,3.6902,0.767
10/8/2008,-0.3173,1.2226,0.6303,-5.7644,0.614
10/9/2008,-3.6812,-11.6883,-8.9485,-3.1915,0.523
10/10/2008,-4.454,-8.2941,-0.3686,-8.9835,0.188
10/13/2008,1.9248,17.1905,14.6732,9.6891,0.188
10/14/2008,-4.0572,-0.8484,0.4516,5.4485,0.304
10/15/2008,-6.6123,-13.9525,-11.4537,-6.8372,0.218
10/16/2008,-2.2888,11.3873,7.4468,-6.3585,0.431
10/17/2008,0.0506,-2.0302,-0.315,7.6877,0.797
10/20/2008,4.093,10.2146,14.9661,10.0833,1.083
10/21/2008,-4.9029,-4.654,-7.1863,0.0252,1.073
10/22/2008,-6.5339,-9.6923,-8.5043,-6.1554,1.011
10/23/2008,3.0402,9.0135,4.185,4.8387,0.971
10/24/2008,-6.3604,-1.9179,-5.4816,-6.1538,0.848
10/27/2008,-4.0566,-4.2729,-5.729,-0.8197,0.757
10/28/2008,4.6608,13.2698,15.8655,5.5096,0.757
10/29/2008,4.6223,-0.2805,5.761,12.7937,0.584
10/30/2008,-3.0172,0.5358,0.7724,-5.0926,0.381
10/31/2008,2.9444,-1.2392,0.242,5.4634,0.438
11/3/2008,-5.5765,0.2294,-2.4748,0.3238,0.442
11/4/2008,9.3161,4.3074,5.7561,6.7312,0.482
11/5/2008,-6.1694,-4.9039,-4.5064,-4.0117,0.391
11/6/2008,-6.8536,-5.0617,-4.0245,-7.2798,0.309
11/7/2008,-0.2193,6.275,5.3427,2.3874,0.289
11/10/2008,2.3781,0.0947,-1.4548,0.1442,0.208
11/11/2008,-6.0902,-1.8509,-3.4857,-4.5847,0.431
11/12/2008,-4.9054,-5.1204,-8.7104,-3.9497,0.147
11/13/2008,7.1038,9.4008,5.8865,0.0524,0.188
11/14/2008,-5.7551,-2.2941,-1.5916,2.5916,0.137
11/17/2008,-2.2087,-0.4072,-0.2506,-1.48,0.096
11/18/2008,-0.8636,4.0202,3.9278,4.1181,0.117
11/19/2008,-3.3728,-3.8124,-4.6803,-5.2736,0.066
11/20/2008,-8.5761,-6.6876,-8.8059,-6.6964,0.025
11/21/2008,3.6662,10.6554,9.5551,-2.5049,0.015
11/24/2008,7.6341,3.9441,6.4605,14.0012,0.015
11/25/2008,-6.2769,-0.8756,2.7308,1.9499,0.106
11/26/2008,7.6886,3.5591,2.0464,-1.2171,0.046
11/27/2008,7.6886,3.5591,2.0464,4.8529,0.046
11/28/2008,-5.5007,-0.9148,0.6616,0.2158,0.046
12/1/2008,-5.2269,-7.2863,-10.5155,-7.5377,0.046
12/2/2008,-3.4846,4.4409,5.3018,2.7692,0.056
12/3/2008,-1.1688,1.7008,-1.1988,-1.8635,0.015
12/4/2008,-6.9382,-3.3701,-4.4121,-2.2325,-0.016
12/5/2008,-3.2759,0.4327,0.4385,-5.8268,0.028
12/8/2008,5.4599,3.9164,5.6296,8.1382,0.015
12/9/2008,-4.6235,-1.7588,-0.3263,2.8608,0.003
12/10/2008,3.9478,2.3913,0.7639,0.1754,-0.005
12/11/2008,7.9028,-0.0624,2.1009,1.5258,0.005
12/12/2008,-1.3975,0.5374,-0.2121,-4.0897,0.02
12/15/2008,-3.3045,-0.6215,1.5094,-0.2312,0.01
12/16/2008,-1.0885,3.99,3.3298,1.4418,0.003
12/17/2008,-4.4731,-2.5018,0.5067,-2.0305,0.015
12/18/2008,-5.9753,-5.0086,-6.3319,-0.9845,0.017
12/19/2008,1.0082,-2.5714,-2.8418,-0.4186,0.02
12/22/2008,-7.3503,-0.1466,-0.5096,-1.3137,0.018
12/23/2008,-2.0568,0.2536,-0.2895,-1.5708,0.01
12/24/2008,-3.2533,0.9055,-1.3402,-0.7574,0.023
12/25/2008,-3.2533,0.9055,-1.3402,-0.7574,0.01
12/26/2008,0.2619,1.8606,0.6339,-0.7574,0.024
12/29/2008,6.2543,1.0753,1.9573,-1.063,0.066
12/30/2008,-2.3286,0.7306,1.1033,2.1212,0.091
12/31/2008,9.6026,1.5778,2.0079,1.16,0.081
1/1/2009,9.6026,1.5778,2.0079,1.16,0.076
1/2/2009,7.6435,2.2673,3.6585,4.9867,0.084
1/5/2009,4.6871,-0.0122,1.1971,1.9812,0.091
1/6/2009,-0.134,-1.6293,0.0408,2.4408,0.14
1/7/2009,-10.6846,-2.5529,-3.2416,-2.4313,0.096
1/8/2009,-0.2104,1.0735,2.8445,1.0964,0.076
1/9/2009,-2.5,-1.9219,-3.4419,-0.3697,0.061
1/12/2009,-5.3136,-1.3278,-3.0342,-2.2761,0.064
1/13/2009,3.8825,1.803,-1.0503,0.6582,0.106
1/14/2009,-1.9158,-3.6191,-4.4892,-4.7032,0.096
1/15/2009,-3.3622,2.0772,0.7178,-1.9266,0.106
1/16/2009,-1.0603,1.8784,1.6322,2.2605,0.117
1/19/2009,-1.0603,1.8784,1.6322,-0.6053,0.117
1/20/2009,-4.0188,-2.3175,-6.6501,-1.2708,0.106
1/21/2009,8.2694,3.893,1.9869,-3.9689,0.115
1/22/2009,-3.2549,-1.2995,-1.5443,-0.1396,0.101
1/23/2009,7.6949,-0.2429,-1.5927,1.8736,0.101
1/26/2009,-0.5877,0.7176,4.7082,4.1998,0.101
1/27/2009,-8.2141,0.4071,0.8431,0.5796,0.135
1/28/2009,0.8475,0.4181,0.9057,0.3667,0.181
1/29/2009,-1.7815,-2.8391,-2.3245,2.9228,0.223
1/30/2009,0,-0.6753,0.0707,-1.6481,0.231
2/2/2009,-2.8063,0.2746,-2.1191,-0.7992,0.249
2/3/2009,1.6549,1.8646,1.732,0.6497,0.315
2/4/2009,-2.0783,-0.5888,1.6552,2.2592,0.294
2/5/2009,1.9102,2.7298,2.9309,0.4103,0.277
2/6/2009,-2.1173,1.2033,2.9153,1.9408,0.279
2/9/2009,0.1773,-1.0705,-0.1757,0.1754,0.276
2/10/2009,-4.7434,-4.2023,-4.3775,-3.6009,0.321
2/11/2009,-3.0844,-2.0489,0.3681,0.9079,0.309
2/12/2009,0.1917,0.8581,1.6273,-0.3085,0.294
2/13/2009,-2.0283,-0.8375,-1.1051,1.9598,0.294
2/16/2009,-2.0283,-0.8375,-1.1051,-1.0622,0.297
2/17/2009,-8.3594,-4.4376,-4.1733,-1.636,0.288
2/18/2009,-2.5575,0.9259,-1.0947,0.4158,0.309
2/19/2009,6.2117,0.3058,0.8104,-0.8282,0.305
2/20/2009,0.2883,-1.2888,-2.3143,-2.714,0.274
2/23/2009,-4.23,-2.7095,-3.616,-1.3144,0.274
2/24/2009,4.8027,4.026,3.674,-1.9842,0.307
2/25/2009,6.383,-0.0555,-0.3494,-0.4992,0.302
2/26/2009,4.7308,-1.5267,-2.3291,-0.6689,0.272
2/27/2009,-0.661,-4.2988,-1.641,-2.413,0.252
3/2/2009,-9.5009,-4.4035,-8.3681,-7.1305,0.238
3/3/2009,3.7173,-0.8473,-2.8734,-4.7678,0.259
3/4/2009,8.7436,2.051,4.9209,6.632,0.254
3/5/2009,-3.803,-5.268,-3.5734,-2.8354,0.192
3/6/2009,5.384,2.909,2.2583,3.1691,0.201
3/9/2009,2.358,0.8434,2.4349,0.3345,0.206
3/10/2009,-2.8621,4.3674,2.9022,3.6678,0.238
3/11/2009,-5.4977,-2.4039,-0.0537,-0.2339,0.223
3/12/2009,7.3422,2.0982,2.7681,1.0551,0.196
3/13/2009,-2.1289,0.0745,0.1308,1.6241,0.193
3/16/2009,2.2439,-0.3423,0.3395,1.484,0.229
3/17/2009,4.2124,3.1656,2.4206,-1.7717,0.232
3/18/2009,0.5774,0.1158,1.5248,-4.0366,0.203
3/19/2009,2.5329,-1.2144,0.6508,0.0597,0.191
3/20/2009,1.3175,-3.2782,-2.0144,-0.2385,0.206
3/23/2009,3.316,6.7181,6.3452,3.5864,0.193
3/24/2009,-0.5349,-1.6305,-1.4558,-0.6924,0.211
3/25/2009,-1.2654,1.1242,0.3875,1.627,0.188
3/26/2009,2.5953,1.5251,0.6514,-1.1721,0.145
3/27/2009,-3.9663,-1.7549,-1.9415,0.0868,0.132
3/30/2009,-6.6667,-1.9291,-3.6177,-3.4682,0.132
3/31/2009,1.2195,-0.7723,1.6992,1.3772,0.206
4/1/2009,-1.6179,1.6593,0.798,-1.4176,0.203
4/2/2009,8.3975,1.4733,3.0183,4.4638,0.211
4/3/2009,-0.1614,0.2705,-0.7445,-2.0361,0.206
4/6/2009,-2.2632,-0.5537,-1.5001,-1.9028,0.191
4/7/2009,-4.2673,-1.9129,-2.6283,-1.313,0.196
4/8/2009,1.9005,0.3638,-0.1009,-1.4212,0.181
4/9/2009,4.0692,1.2761,1.0354,-0.3988,0.181
4/10/2009,4.0692,1.2761,1.0354,-0.3988,0.181
4/13/2009,-3.291,-2.606,-0.2249,-0.3988,0.172
4/14/2009,-1.5836,-0.4704,-1.8287,-0.462,0.167
4/15/2009,0.3423,0.6499,0.3572,-0.1547,0.146
4/16/2009,-0.0682,-1.0713,1.729,1.6424,0.127
4/17/2009,0.5463,-0.9791,0.2999,0,0.135
4/20/2009,-7.5722,-2.1873,-3.065,-0.9756,0.127
4/21/2009,0.4041,1.4397,2.2365,0.9852,0.147
4/22/2009,0.0366,-2.2346,-1.6595,-0.0915,0.136
4/23/2009,1.9751,1.4826,4.449,1.7394,0.101
4/24/2009,3.6585,1.3088,2.9621,3.8992,0.101
4/27/2009,-2.8374,-0.661,-0.3329,0.3464,0.089
4/28/2009,-0.8191,1.4366,1.6698,-0.7768,0.122
4/29/2009,2.5494,2.0274,1.1497,0.9568,0.096
4/30/2009,0.2451,-2.5862,-1.5078,0.919,0.13
5/1/2009,3.4579,2.0099,3.3208,0.919,0.148
5/4/2009,3.1735,0.2794,2.6214,2.3904,0.184
5/5/2009,-1.3416,-0.8065,-0.3998,-0.139,0.188
5/6/2009,4.2454,1.3747,2.8858,1.2864,0.184
5/7/2009,0.1909,0.5104,0.078,-0.4755,0.183
5/8/2009,3.1756,2.7129,4.7,2.1922,0.176
5/11/2009,-0.6156,-1.5678,-2.772,-2.6953,0.165
5/12/2009,1.053,2.2376,2,2.035,0.186
5/13/2009,-1.3485,-1.4826,-2.2111,1.0526,0.17
5/14/2009,0.6524,-0.0143,0.391,-1.261,0.157
5/15/2009,-3.3951,-0.9318,-1.2981,0.111,0.161
5/18/2009,4.5048,2.0113,3.5949,2.8009,0.162
5/19/2009,0.2446,0.0284,-0.3386,0.4856,0.181
5/20/2009,3.2937,-1.2904,1.4437,1.4497,0.172
5/21/2009,-1.4467,-1.7526,-0.7744,-1.9053,0.181
5/22/2009,0.9587,0.6434,0.4008,-0.027,0.179
5/25/2009,0.9587,0.6434,0.4008,-0.1619,0.179
5/26/2009,1.2166,1.4238,1.9958,1.5946,0.175
5/27/2009,1.3838,-2.163,-0.9681,-0.1862,0.16
5/28/2009,2.1919,1.3616,1.5391,0,0.138
5/29/2009,2.9994,0.1733,1.3929,1.2793,0.135
6/1/2009,2.8297,3.4751,4.8081,2.7895,0.096
6/2/2009,0.4809,1.6165,0.8481,0.0768,0.131
6/3/2009,-3.6161,-1.1519,-3.0008,-1.5605,0.127
6/4/2009,3.9724,1.2486,0.3153,0.078,0.142
6/5/2009,-0.7694,-0.0137,-1.0803,1.0647,0.183
6/8/2009,0.3743,0.2741,1.9658,-0.2569,0.178
6/9/2009,1.7315,-0.0683,1.1879,-0.0515,0.175
6/10/2009,2.0424,0.9847,0.3849,1.6753,0.178
6/11/2009,1.8219,0.2844,0.0959,-0.3802,0.175
6/12/2009,-0.63,-0.3646,-1.9345,-1.2723,0.17
6/15/2009,-2.3079,-1.3147,-2.6367,-3.634,0.155
6/16/2009,-0.026,-1.6207,-1.1033,0.0267,0.168
6/17/2009,0.4934,-0.2932,-1.8256,-1.5508,0.165
6/18/2009,0.3876,0.028,-1.405,-0.6518,0.178
6/19/2009,-2.2651,-0.5459,2.3261,2.433,0.173
6/22/2009,-4.5299,-3.1105,-4.0549,-4.3501,0.188
6/23/2009,3.2,0.1598,0.555,-0.7533,0.198
6/24/2009,-0.8554,-0.7252,-0.2972,0.7872,0.186
6/25/2009,2.5883,2.0891,0.9793,-1.1158,0.17
6/26/2009,-1.4192,-1.1878,-0.4006,-0.1693,0.178
6/29/2009,3.0925,2.2158,1.5241,2.317,0.181
6/30/2009,-1.9136,-0.9493,-0.5838,-1.6846,0.188
7/1/2009,-1.2391,0.9298,0.6082,1.9944,0.167
7/2/2009,-3.764,-2.9337,-1.897,-3.4426,0.161
7/3/2009,-3.764,-2.9337,-1.897,0.0856,0.158
7/6/2009,-3.7171,-0.5694,-2.4012,-2.8213,0.157
7/7/2009,-2.5929,-2.2614,-1.3063,-1.1144,0.186
7/8/2009,-3.6676,-0.4507,-0.0441,-0.7414,0.181
7/9/2009,0.6141,-0.4377,0.5076,1.0756,0.181
7/10/2009,-1.1993,-1.2885,-0.7027,-1.0346,0.172
7/13/2009,-0.0216,0.8907,2.1672,1.3142,0.181
7/14/2009,-0.8032,0.7915,0.4329,0.9434,0.181
7/15/2009,4.2354,3.3525,4.1595,2.7745,0.181
7/16/2009,0.2689,0.0292,1.2622,0.7388,0.17
7/17/2009,2.0262,0.0876,-0.4495,0.3385,0.167
7/20/2009,1.7231,0.613,2.9351,1.5462,0.168
7/21/2009,0.3158,2.2193,-0.3988,0.4153,0.187
7/22/2009,-0.3721,-0.6811,-0.5806,-0.6617,0.186
7/23/2009,2.8153,2.3146,2.0942,1.582,0.186
7/24/2009,1.2042,0.9496,-0.0986,0.1366,0.183
7/27/2009,0.2733,0.6363,1.3623,1.3097,0.191
7/28/2009,-1.5419,-1.1821,-2.6101,-1.1042,0.188
7/29/2009,-6.4038,-0.6399,-0.66,0.9804,0.183
7/30/2009,6.0353,-0.994,0.4027,1.0248,0.181
7/31/2009,3.7194,-0.4666,0.3409,-1.5483,0.181
8/3/2009,3.0155,0.3694,4.0168,0.7321,0.175
8/4/2009,0.1319,-0.0708,-0.634,0.6191,0.183
8/5/2009,0.6057,-0.8074,-0.3287,-1.6121,0.181
8/6/2009,0.1832,-0.4284,-2.0175,0.0553,0.17
8/7/2009,-1.6201,-0.3729,1.1879,1.3536,0.175
8/10/2009,0.1594,-0.4174,0.1761,-0.7359,0.162
8/11/2009,-2.254,-0.9107,-0.7227,0.8237,0.181
8/12/2009,1.3294,1.4384,0.6099,1.1983,0.175
8/13/2009,1.2048,-0.5209,0.7555,-0.5113,0.172
8/14/2009,-4.6825,-0.7855,-0.4933,-0.1893,0.171
8/17/2009,-1.4155,-2.4337,-2.4787,-0.813,0.172
8/18/2009,3.7725,-0.0902,1.7893,0.6831,0.183
8/19/2009,3.4183,2.271,1.1586,0.19,0.162
8/20/2009,-1.1805,0.8676,1.0071,1.4626,0.157
8/21/2009,1.4866,1.9391,2.1505,2.5093,0.161
8/24/2009,0.1831,1.9737,-0.7081,0.3125,0.157
8/25/2009,-2.9504,-0.8696,0.0964,0.9865,0.16
8/26/2009,-0.5919,0.9762,-1.0784,-0.4627,0.15
8/27/2009,2.0839,-0.7146,0.9928,-0.439,0.145
8/28/2009,-0.1591,-1.0443,0.1928,0.9598,0.142
8/31/2009,-4.2751,-1.3833,-1.0196,-0.5396,0.132
9/1/2009,-2.1637,-1.0701,-1.9048,-1.0333,0.134
9/2/2009,-0.2552,-0.3362,4.0816,1.6967,0.134
9/3/2009,0.398,0.1173,0.514,-0.77,0.127
9/4/2009,-0.5379,1.3478,0.7386,0.2845,0.131
9/7/2009,-0.5379,1.3478,0.7386,0.5932,0.132
9/8/2009,5.1523,2.1249,1.8237,1.0256,0.127
9/9/2009,0,-0.2123,1.4586,1.5736,0.14
9/10/2009,1.164,0.2128,0.1638,0.05,0.142
9/11/2009,-4.1477,-0.9483,-0.8358,-0.3497,0.14
9/14/2009,-0.3071,0.0286,-0.5313,-0.9023,0.135
9/15/2009,2.7723,-0.7286,-0.3131,-0.0506,0.13
9/16/2009,1.9891,1.2232,0.9793,0.1518,0.106
9/17/2009,0.1603,-0.7108,0.2745,1.238,0.092
9/18/2009,-0.9869,0.2148,-0.0182,-1.0482,0.084
9/21/2009,-3.4213,-0.6001,-0.6936,0.681,0.089
9/22/2009,3.152,0.3737,1.8011,0.6513,0.102
9/23/2009,-5.0027,-1.1886,-2.0762,-0.8711,0.096
9/24/2009,-3.302,-0.1014,-1.9358,-1.2302,0.094
9/25/2009,0.0883,-0.3337,-0.5076,-0.6101,0.101
9/28/2009,1.5,1.2955,1.2094,1.5857,0.091
9/29/2009,-0.5795,-0.7472,0.0934,-0.3021,0.126
9/30/2009,5.4795,-0.666,-0.7088,-1.2626,0.113
10/1/2009,0.1105,-1.9531,-2.724,-0.9974,0.099
10/2/2009,-0.9937,-1.0257,-2.0278,-1.3175,0.093
10/5/2009,0.8642,1.502,1.3996,-0.4188,0.093
10/6/2009,0.995,1.5981,2.0607,2.3922,0.074
10/7/2009,-1.5873,0.0146,-0.5143,-0.7445,0.063
10/8/2009,2.0022,0.5534,1.0147,0,0.063
10/9/2009,1.3086,0.3186,-0.9287,0.4139,0.069
10/12/2009,1.4263,1.2415,0.7079,1.3138,0.066
10/13/2009,1.2205,0.1854,0.076,-0.4322,0.064
10/14/2009,1.2058,2.2488,1.8603,2.4259,0.071
10/15/2009,3.367,1.5312,2.0499,0.3989,0.058
10/16/2009,1.353,0.2468,0.4565,1.7383,0.062
10/19/2009,0.7664,0.6838,2.5268,2.0991,0.066
10/20/2009,-0.9078,-0.815,-0.3901,-0.1195,0.08
10/21/2009,2.3273,0.3972,0.4272,1.1728,0.069
10/22/2009,0.3387,1.5414,0.3899,-1.2538,0.049
10/23/2009,-1.3504,-1.1687,-2.154,-0.3594,0.056
10/26/2009,-1.9066,-0.4621,0.1083,0.2885,0.055
10/27/2009,1.1463,2.2941,4.2177,2.5653,0.076
10/28/2009,-2.7839,-1.4284,-1.7295,-0.935,0.064
10/29/2009,3.6493,0.1625,2.6047,-1.9349,0.053
10/30/2009,-3.8631,-3.0963,-2.8816,-2.743,0.05
11/2/2009,1.6531,0.6697,1.148,-0.5443,0.044
11/3/2009,1.6262,-0.5683,0.4889,0.4726,0.051
11/4/2009,0.9109,-0.6133,0.0521,1.0374,0.049
11/5/2009,-0.4635,1.683,1.6499,0.9692,0.039
11/6/2009,-2.6961,0.1103,-0.1709,-0.3938,0.047
11/9/2009,2.0151,0.9507,2.5672,2.0756,0.049
11/10/2009,-0.2222,-0.3294,0.0667,0.3147,0.063
11/11/2009,0.3464,0.4132,-1.353,0.4102,0.061
11/12/2009,-3.1566,-1.3853,-1.8172,-0.2644,0.056
11/13/2009,-0.382,0.7928,1.8858,0.2892,0.057
11/16/2009,2.9908,2.7046,1.5596,1.3695,0.061
11/17/2009,0.4716,0.8061,0.405,0.0711,0.059
11/18/2009,0.4694,0.3199,-0.437,-0.5211,0.025
11/19/2009,-2.4834,-0.8237,-1.0297,-1.6429,0.01
11/20/2009,-0.6051,-0.3617,-1.3645,-1.6945,0.01
11/23/2009,-0.1015,1.7747,1.4007,2.167,0.015
11/24/2009,-2.0315,0.3567,0.1364,-0.5061,0.041
11/25/2009,2.3847,0.6582,0.8515,0.0969,0.04
11/26/2009,2.3847,0.6582,0.8515,-2.8316,0.04
11/27/2009,-2.5316,-2.0923,-1.8744,0.7472,0.02
11/30/2009,1.6883,0.2671,-1.6004,-2.1508,0.052
12/1/2009,1.2005,1.2921,2.4484,2.1223,0.051
12/2/2009,-1.9687,-0.3288,0.1024,0.4453,0.044
12/3/2009,-0.8239,-1.0555,-1.7394,-0.2709,0.042
12/4/2009,-0.4933,-0.9868,0.4165,1.9511,0.044
12/7/2009,-2.1915,-0.6465,0.5358,-0.3149,0.02
12/8/2009,-1.7071,-1.1116,-1.9426,-1.1908,0.025
12/9/2009,-2.6594,-0.2193,-0.5961,-0.5657,0.025
12/10/2009,-0.3903,-0.5358,-0.5467,-0.0989,0.025
12/11/2009,-0.6997,0.5939,0.1064,0.3714,0.025
12/14/2009,0.2818,-4.3114,0.5669,0.7893,0.025
12/15/2009,0.9837,-0.7462,-0.5989,-0.2203,0.046
12/16/2009,2.2544,-1.0698,1.081,0.6132,0.039
12/17/2009,-1.0343,-0.3069,-1.9986,-0.902,0.042
12/18/2009,0.8251,-0.0147,0.5009,-0.4182,0.042
12/21/2009,-1.3639,0.4398,1.8868,2.0257,0.047
12/22/2009,1.1062,0.0876,0.4193,1.6223,0.075
12/23/2009,3.2276,-0.4521,0.7481,0.7386,0.059
12/24/2009,1.2189,0.586,0.5698,0.1892,0.045
12/25/2009,1.2189,0.586,0.5698,0.1892,0.045
12/28/2009,1.7277,0.6117,0.6696,0.0944,0.061
12/29/2009,-0.0515,-0.3474,-0.9893,0.0472,0.092
12/30/2009,0.7724,-0.1017,0.1895,-0.3772,0.046
12/31/2009,0.3577,-0.8434,-0.3267,-0.142,0.053
1/1/2010,0.3577,-0.8434,-0.3267,-0.142,0.061
1/4/2010,2.5204,1.4078,2.0355,2.2749,0.06
1/5/2010,0.3477,0.3905,0.7101,0.6719,0.066
1/6/2010,1.3858,0.8643,0.5204,-0.7135,0.054
1/7/2010,-0.6102,-0.3142,-0.0334,-0.3013,0.049
1/8/2010,0.5157,-0.4011,0.2339,-0.5813,0.045
1/11/2010,-0.9528,1.122,3.15,0.3274,0.025
1/12/2010,-2.2447,-0.4979,-0.6302,-1.3054,0.044
1/13/2010,-1.0598,-0.4003,0.4878,-0.7085,0.054
1/14/2010,-0.3826,0.0144,-0.1133,-0.0714,0.056
1/15/2010,-1.6897,-0.818,-0.1458,-0.2618,0.057
1/18/2010,-1.6897,-0.818,-0.1458,0.6444,0.059
1/19/2010,1.3802,0.2315,1.1032,1.4228,0.049
1/20/2010,-2.6715,-1.7901,-2.0218,-0.4442,0.051
1/21/2010,-1.7155,-1.955,-2.4402,-1.2447,0.044
1/22/2010,-2.4168,-0.8996,-2.8538,-1.6885,0.049
1/25/2010,1.2933,-0.3782,1.175,-0.4838,0.049
1/26/2010,-0.8422,0.1063,-0.1025,0.6077,0.066
1/27/2010,-1.1507,-0.5765,-0.7352,-1.1114,0.074
1/28/2010,0.2217,-0.885,-1.2573,-1.808,0.074
1/29/2010,-1.4381,-0.8159,-2.1106,0.4976,0.074
2/1/2010,3.0303,2.7161,1.9779,0.3466,0.089
2/2/2010,2.2015,1.1786,-3.0928,0.8882,0.092
2/3/2010,0.3241,-0.5376,-0.5229,-0.2446,0.092
2/4/2010,-4.9137,-2.8228,-3.0633,-2.2064,0.089
2/5/2010,-1.648,0.1236,-0.561,-0.8523,0.09
2/8/2010,-0.3408,-0.0463,-1.4103,1.1631,0.094
2/9/2010,3.1918,1.3209,2.2506,-0.2749,0.106
2/10/2010,0.8285,-0.5368,0.0746,-0.0411,0.104
2/11/2010,0.7395,0.6014,2.1435,2.2658,0.098
2/12/2010,-1.2779,-0.6744,-0.2372,-0.9211,0.092
2/15/2010,-1.2779,-0.6744,-0.2372,0.2261,0.092
2/16/2010,4.076,2.284,2.3413,1.1782,0.091
2/17/2010,0.4763,-0.7846,-1.555,0.5699,0.092
2/18/2010,2.0016,0.3041,0.9218,0.7145,0.112
2/19/2010,0.9295,-0.1364,-0.8038,0.2446,0.099
2/22/2010,-0.1535,-0.7135,-0.0921,-0.4392,0.089
2/23/2010,-1.7935,-0.7034,-1.8986,-0.7598,0.115
2/24/2010,1.7219,0.9393,0.6764,0.5186,0.115
2/25/2010,-2.257,-0.6255,-1.2878,-2.113,0.12
2/26/2010,1.863,-0.2149,0.605,0.4769,0.12
3/1/2010,-1.2107,0.6154,1.4471,2.0984,0.128
3/2/2010,1.1734,0.1376,0.0371,0.6117,0.13
3/3/2010,1.5464,-0.0916,1.5926,0.4864,0.14
3/4/2010,-0.6345,-0.0459,0.4192,0.1452,0.14
3/5/2010,1.788,1.6361,1.2525,0.9425,0.148
3/8/2010,-0.1506,0.015,0.6992,0.1436,0.15
3/9/2010,-0.6032,0.4513,-0.2314,0.4303,0.155
3/10/2010,0.885,0.6589,0.2677,0.8807,0.15
3/11/2010,0.3759,0,0.7297,0.0708,0.15
3/12/2010,-1.3483,-0.6248,0.4594,0.1179,0.147
3/15/2010,-1.7211,-0.7485,-0.4924,-0.7537,0.15
3/16/2010,2.4723,0.4072,1.0604,1.7086,0.165
3/17/2010,1.1058,1.1867,1.6964,2.0532,0.152
3/18/2010,-0.7706,0.0445,0,0.0914,0.15
3/19/2010,-1.8036,-0.5194,-0.7911,-1.3933,0.149
3/22/2010,0.9184,-0.1044,-0.5894,-0.2548,0.142
3/23/2010,0.3539,-0.0299,1.0462,0.418,0.135
3/24/2010,-1.9144,-0.6721,-1.2425,0.1388,0.138
3/25/2010,-0.1027,-0.3008,-1.2231,-0.485,0.135
3/26/2010,-0.1799,0.362,0.283,-0.6498,0.14
3/29/2010,2.9101,1.1422,0.3528,-0.3737,0.131
3/30/2010,-0.025,-0.3715,-0.1055,0.4455,0.155
3/31/2010,0.8511,-0.1044,0.4223,-0.0233,0.155
4/1/2010,2.3579,0.9406,1.174,1.5643,0.157
4/2/2010,2.3579,0.9406,1.174,1.5643,0.162
4/5/2010,2.0126,0.8579,1.3336,1.5643,0.165
4/6/2010,-0.1188,-0.4253,1.4527,1.954,0.168
4/7/2010,-1.1899,-0.8247,-0.9771,-0.4284,0.165
4/8/2010,-0.1927,0.7722,0.3232,-0.1585,0.16
4/9/2010,-0.6515,1.3263,0.8309,1.7464,0.152
4/12/2010,-0.5829,-0.0727,-0.2018,-0.2675,0.14
4/13/2010,-0.0977,-0.0728,-0.0843,-0.38,0.155
4/14/2010,2.1277,-0.0728,1.1975,1.4359,0.155
4/15/2010,-0.1197,-0.5101,0.95,0.6415,0.155
4/16/2010,-2.6612,-0.4834,-1.1392,-1.0769,0.156
4/19/2010,-1.2069,0.4416,-0.668,0.1555,0.151
4/20/2010,0.4737,1.0846,1.6812,1.7524,0.151
4/21/2010,-0.0744,-0.0725,-0.6448,0.1526,0.15
4/22/2010,0.0745,-0.5223,-0.8987,-0.6313,0.155
4/23/2010,1.6129,0.9918,0.5542,0.3505,0.155
4/26/2010,-1.4652,0.0722,-3.2899,0.6767,0.155
4/27/2010,-2.4287,-1.4721,-2.7284,0.4987,0.15
4/28/2010,1.524,1.3476,1.793,1.6397,0.157
4/29/2010,2.677,-0.766,-8.3362,-0.4458,0.157
4/30/2010,0.7066,-1.2962,-0.7801,0.5117,0.159
5/3/2010,0.3145,0.1033,-3.7584,-0.3182,0.165
5/4/2010,-4.2451,-2.0195,2.0124,-2.5963,0.166
5/5/2010,-3.5013,-0.4513,-0.4102,-0.6537,0.151
5/6/2010,-3.5242,-3.4457,-1.2904,-1.7841,0.11
5/7/2010,-1.7583,-0.2974,-2.5272,-3.4514,0.125
5/10/2010,2.5337,2.4019,-0.6319,3.6453,0.15
5/11/2010,-1.2624,-0.5059,-0.0205,0.4992,0.157
5/12/2010,0.0272,0.6981,-0.4924,-0.3161,0.155
5/13/2010,-1.7405,-0.2619,-0.8247,0.1359,0.16
5/14/2010,-3.6535,-1.7609,-2.5572,-1.606,0.15
5/17/2010,-2.6716,-0.5189,-0.6401,-0.1379,0.156
5/18/2010,-1.2102,-0.7587,-2.5553,0.7597,0.17
5/19/2010,0.1195,-0.5415,-0.2424,-2.3761,0.167
5/20/2010,-3.9093,-3.3947,-1.5242,-0.1404,0.16
5/21/2010,0.2174,0.9117,-1.6151,-2.1795,0.157
5/24/2010,-0.3099,-1.1334,-4.56,-0.4312,0.15
5/25/2010,-0.9947,-0.7975,1.6722,-0.3609,0.163
5/26/2010,2.3234,-0.6699,-0.3524,0.4588,0.165
5/27/2010,5.2777,3.625,7.0031,2.6442,0.165
5/28/2010,-0.7899,-1.6271,-5.3548,-0.0234,0.16
5/31/2010,-0.7899,-1.6271,-5.3548,-0.7262,0.157
6/1/2010,-2.5236,-2.0013,-14.9709,2.0765,0.151
6/2/2010,1.8385,2.5654,3.1216,0.3467,0.15
6/3/2010,1.3909,1.3,4.2751,1.5665,0.14
6/4/2010,-4.6118,-3.3057,-5.3731,-0.8392,0.126
6/7/2010,-0.2754,-0.378,-1.0764,-0.6862,0.112
6/8/2010,1.8411,3.2715,-5.6651,-1.2437,0.117
6/9/2010,2.2898,-1.9758,-15.7955,-0.0466,0.095
6/10/2010,2.4153,3.0985,12.2603,-0.2333,0.085
6/11/2010,-1.5531,-0.0485,3.6303,0.8887,0.074
6/14/2010,0.2921,-0.7921,-9.7145,0.1159,0.056
6/15/2010,2.6216,1.8576,2.3802,0.1852,0.081
6/16/2010,0.738,0,1.4331,1.6409,0.094
6/17/2010,-0.9862,0.144,-0.4396,0.1137,0.092
6/18/2010,0.7684,0.7987,0.1577,-0.2271,0.099
6/21/2010,-0.2259,0.0475,-4.5025,1.2748,0.113
6/22/2010,-0.9341,-1.885,-2.1431,0.1124,0.123
6/23/2010,-2.1714,-1.3562,-0.0337,-1.1226,0.125
6/24/2010,0.4381,-1.6858,-3.1345,-1.9528,0.126
6/25/2010,3.6929,-1.6148,-5.9847,-1.1116,0.132
6/28/2010,-1.2619,-1.066,0.111,1.3583,0.14
6/29/2010,-2.9537,-2.0181,2.2921,-2.4492,0.147
6/30/2010,-0.6146,-0.384,4.373,-1.7054,0.175
7/1/2010,-3.2097,-0.806,1.7659,-4.8193,0.17
7/2/2010,-0.8214,-0.0707,-0.1361,0.7848,0.165
7/5/2010,-0.8214,-0.0707,-0.1361,-0.7285,0.165
7/6/2010,0.0307,1.5733,8.7223,1.5688,0.165
7/7/2010,3.1892,1.6881,4.0113,0.6726,0.157
7/8/2010,1.7236,0.6504,1.6571,2.9943,0.15
7/9/2010,0.3214,-0.051,0.9188,1.1773,0.15
7/12/2010,-1.6308,0.2722,7.9589,0.7124,0.142
7/13/2010,2.8419,0.8144,0.3264,1.8156,0.152
7/14/2010,-0.2303,-0.2693,-1.898,1.0885,0.15
7/15/2010,-0.2308,0.0169,7.5732,-1.4662,0.152
7/16/2010,-1.2146,-2.2102,-4.6763,-1.0695,0.15
7/19/2010,0.8782,0.8109,-3.6388,-0.7521,0.152
7/20/2010,1.0447,0.89,-1.5385,-0.4026,0.155
7/21/2010,-1.7806,-1.3232,2.642,0.8084,0.155
7/22/2010,3.5673,2.0801,0.2768,2.0755,0.15
7/23/2010,-0.0847,0.5726,1.7389,0.9704,0.15
7/26/2010,-0.113,1.1219,4.8562,-0.4348,0.157
7/27/2010,-1.9236,0.6955,-1.6818,0.1609,0.152
7/28/2010,-0.8941,0.1644,-0.7632,-1.5145,0.151
7/29/2010,2.0373,-0.9358,2.0154,-0.5825,0.15
7/30/2010,0.7986,-1.0938,0,-0.9609,0.145
8/2/2010,3.2258,3.7869,2.4695,3.8571,0.145
8/3/2010,1.1787,1.2593,1.4713,0.7747,0.146
8/4/2010,-0.0271,0,-1.525,0.7131,0.15
8/5/2010,-0.5149,-0.0159,3.2749,-0.7745,0.145
8/6/2010,-1.3893,-1.18,1.5978,-0.8724,0.142
8/9/2010,0.9116,0.7746,-1.1372,1.6906,0.142
8/10/2010,-1.8067,-0.8327,-1.8355,-0.3188,0.15
8/11/2010,-3.1503,-1.7762,-3.2909,-1.0966,0.15
8/12/2010,-2.3604,-0.2649,-1.057,-0.1617,0.152
8/13/2010,-0.3833,-0.5313,1.433,0.4165,0.152
8/16/2010,-0.5327,-0.0501,-1.3614,-0.3687,0.155
8/17/2010,0.7736,1.5698,-0.9115,0.8557,0.158
8/18/2010,-0.561,-1.1016,-1.9711,-0.5274,0.155
8/19/2010,-1.2767,-1.4298,-2.8418,-2.4205,0.15
8/20/2010,-0.9023,-0.6747,0.4415,-0.4016,0.15
8/23/2010,-1.5781,1.0358,-0.7692,0.9962,0.155
8/24/2010,-2.0352,-0.9412,-3.3223,-1.4796,0.155
8/25/2010,1.8886,-0.0509,0.945,-0.6436,0.155
8/26/2010,0.7723,-0.7299,0.4823,0.4798,0.15
8/27/2010,2.9123,2.2572,0.3953,1.0029,0.143
8/30/2010,-1.6384,-1.3378,-0.8436,-0.5674,0.135
8/31/2010,-3.3313,0.1864,-1.2195,-0.2615,0.137
9/1/2010,3.2268,3.0452,3.8185,2.3123,0.135
9/2/2010,1.3354,0.2463,1.1338,-0.0233,0.133
9/3/2010,-0.8985,0.4258,2.3517,1.4216,0.13
9/6/2010,-0.8985,0.4258,2.3517,0.4596,0.13
9/7/2010,-0.9671,-1.2557,-0.6412,-0.5718,0.13
9/8/2010,1.1291,0.3303,3.1729,1.6793,0.135
9/9/2010,-0.7544,0.4938,-0.9122,0.2941,0.14
9/10/2010,2.6756,0.2457,0.526,0.4512,0.137
9/13/2010,0.7699,-0.3268,0.3401,0.3369,0.142
9/14/2010,-0.4114,0.0164,0.4433,-0.1791,0.145
9/15/2010,-1.1803,-0.0164,-0.8827,0.2242,0.151
9/16/2010,-1.5228,-0.0492,0.2357,0.4251,0.155
9/17/2010,-1.0006,-0.3116,-0.6271,-0.4233,0.152
9/20/2010,1.7427,1.2669,1.7092,1.4318,0.155
9/21/2010,-1.7129,-0.0162,-0.2327,-0.794,0.16
9/22/2010,-0.2144,-0.1462,-1.2957,-1.8453,0.157
9/23/2010,0.2762,-0.4882,0.105,1.0872,0.155
9/24/2010,2.2345,0.9812,0.8655,0.3361,0.145
9/27/2010,-0.479,-0.0648,0.65,0.3126,0.135
9/28/2010,-0.1504,0.5672,1.4983,-0.6901,0.152
9/29/2010,2.2597,-0.7573,1.8071,-0.6277,0.16
9/30/2010,2.6517,0.3247,2.925,0.1128,0.158
10/1/2010,2.2675,1.2138,1.8946,0.7436,0.155
10/4/2010,-0.1123,-0.5596,-2.6937,-0.8276,0.152
10/5/2010,1.4049,1.7205,1.2494,0.7442,0.118
10/6/2010,0.5265,1.0749,0.6775,0.9626,0.12
10/7/2010,-2.2602,-0.1408,-0.2163,-0.0443,0.12
10/8/2010,1.9459,0.8301,0.9634,-0.244,0.12
10/11/2010,-1.5214,0.2641,-1.6221,0.5115,0.12
10/12/2010,0.1404,0.2324,0.0485,-0.9956,0.12
10/13/2010,1.4306,0.5255,0.3635,1.4302,0.132
10/14/2010,-0.4425,0.3998,-0.9418,-0.4406,0.14
10/15/2010,-1.4722,-0.1685,-0.9751,0.2213,0.14
10/18/2010,2.2836,1.672,2.1418,0.7949,0.14
10/19/2010,-4.5755,-1.7502,-1.3256,-0.9419,0.14
10/20/2010,2.8018,1.3667,0.3908,-0.199,0.137
10/21/2010,-2.0792,0.4696,-1.0949,-0.3102,0.127
10/22/2010,1.8364,0.0302,-0.369,0.2445,0.125
10/25/2010,0.2254,-0.211,-0.716,0.133,0.12
10/26/2010,0.3092,0.4985,1.0943,1.0186,0.132
10/27/2010,-0.7287,-1.2926,-1.353,-0.6576,0.135
10/28/2010,-0.0847,0.8375,1.2469,0.4854,0.128
10/29/2010,-0.6216,0.4077,0.4926,2.3496,0.116
11/1/2010,1.8197,0.6918,-0.0735,1.3302,0.106
11/2/2010,1.2846,1.3294,1.5943,1.6938,0.123
11/3/2010,1.2958,0.1916,2.2936,-0.2951,0.123
11/4/2010,2.0414,2.0744,3.6346,0.9939,0.12
11/5/2010,0.4268,0.8936,-0.2733,0.6281,0.12
11/8/2010,-0.3187,0.4571,-1.2788,-0.5618,0.116
11/9/2010,-1.279,1.0666,-0.532,-0.0418,0.125
11/10/2010,2.6721,0.7079,1.2326,-0.1256,0.132
11/11/2010,-0.5258,0.9841,0.3446,1.1528,0.13
11/12/2010,-3.6205,-1.1694,-1.5797,-0.2694,0.13
11/15/2010,0.0823,-0.7184,0.1163,0.5194,0.132
11/16/2010,-2.8767,-2.185,-2.9275,-2.5837,0.138
11/17/2010,-2.031,0.1015,-0.4308,0.9336,0.137
11/18/2010,2.2171,1.8838,1.4663,1.0301,0.138
11/19/2010,-0.7887,0.3271,-0.4264,-1.186,0.135
11/22/2010,-0.4827,-0.4962,-0.9279,-1.116,0.13
11/23/2010,-0.2853,-1.7239,-1.8012,-1.2564,0.141
11/24/2010,3.2332,1.3047,1.4184,1.2724,0.157
11/25/2010,3.2332,1.3047,1.4184,0.0639,0.155
11/26/2010,-0.3049,-0.9302,-1.3021,-0.0638,0.157
11/29/2010,2.2519,0.3178,-0.8307,-1.4693,0.16
11/30/2010,-2.012,0.1584,-1.4536,0.2593,0.165
12/1/2010,3.2186,2.5446,1.55,2.091,0.161
12/2/2010,1.5323,0.2103,1.7233,0.5279,0.15
12/3/2010,1.4297,-0.4057,0.4114,-0.252,0.137
12/6/2010,-0.2349,0.1686,3.1815,0.7159,0.13
12/7/2010,-1.0989,0.2103,0.1869,1.1917,0.142
12/8/2010,0.4233,0.5458,0.886,0.2893,0.14
12/9/2010,-0.0527,0.2088,-1.1093,-0.1236,0.14
12/10/2010,-0.738,0.25,1.0516,0.9282,0.122
12/13/2010,0.6107,0.2494,0.4394,-0.1022,0.125
12/14/2010,0.0264,-0.2488,2.3256,0.6137,0.142
12/15/2010,0.2375,-0.4572,-1.3051,-0.732,0.14
12/16/2010,-0.5923,0.515,-0.2508,0,0.13
12/17/2010,0.1192,-0.0692,-1.1429,-0.1229,0.106
12/20/2010,0.6348,0.0693,0.9942,0.3076,0.106
12/21/2010,0.6307,0.6923,-0.3205,1.2881,0.137
12/22/2010,0.9141,0.11,0.1608,0.4845,0.135
12/23/2010,0.8799,0.5495,0.8943,0.3415,0.137
12/24/2010,0.8799,0.5495,0.8943,0.02,0.137
12/27/2010,-0.6927,-0.2596,-0.0682,0.1401,0.131
12/28/2010,0.5167,0.5616,0.3184,0.6796,0.143
12/29/2010,-0.2313,-0.0681,-0.3627,0.1985,0.125
12/30/2010,-1.8032,-0.0136,-0.1365,-0.9709,0.113
12/31/2010,2.3085,-0.3272,0.638,-1.0404,0.125
1/3/2011,0.1282,1.9557,2.2187,1.9207,0.125
1/4/2011,-2.484,0.4695,2.4585,0.3769,0.14
1/5/2011,1.1555,-0.267,0.5188,-0.0593,0.14
1/6/2011,-2.1807,0.6426,-0.5806,-0.4944,0.145
1/7/2011,-0.0265,0.5454,-0.3245,0.6558,0.14
1/10/2011,1.3273,-0.6085,-0.1085,1.3425,0.14
1/11/2011,1.8601,0.7454,1.738,0.1364,0.15
1/12/2011,0.2829,1.1758,1.8364,0.0584,0.147
1/13/2011,-0.872,0.1698,-0.3145,-1.5361,0.145
1/14/2011,0.6986,1.4731,3.597,-0.3752,0.15
1/17/2011,0.6986,1.4731,3.597,-0.1586,0.15
1/18/2011,-0.4882,1.1177,-0.0406,1.2309,0.15
1/19/2011,-0.4906,-0.5971,-2.0922,-0.6472,0.16
1/20/2011,-2.5169,-0.6263,-1.3071,-1.2436,0.16
1/21/2011,-0.1597,1.582,0.0841,0.9994,0.155
1/24/2011,-1.5463,-0.4938,0.9872,0.475,0.155
1/25/2011,-1.7872,0.1145,-1.8095,-0.8667,0.155
1/26/2011,1.5991,1.2456,-0.9532,0.8742,0.16
1/27/2011,-2.4695,0.2762,-0.1711,1.3394,0.145
1/28/2011,4.5632,-1.1142,-1.0069,-0.3304,0.145
1/31/2011,2.7408,2.1395,2.7267,0.5265,0.15
2/1/2011,-1.3986,4.0035,1.0744,2.7546,0.155
2/2/2011,0.2889,-0.5959,-1.7716,0.4153,0.155
2/3/2011,-0.2357,0.036,-1.167,-2.2373,0.147
2/4/2011,-1.969,-0.1918,-1.1808,-1.8269,0.15
2/7/2011,-1.8211,0.7805,1.108,1.1557,0.147
2/8/2011,-0.0546,-0.6076,0.5372,-0.5035,0.15
2/9/2011,-0.3821,-0.5182,-1.1541,-0.637,0.136
2/10/2011,0.1096,0.7874,0.2182,0.6146,0.115
2/11/2011,-1.341,-0.4567,-0.283,-0.7685,0.117
2/14/2011,-0.4716,2.5235,1.9432,-0.2383,0.115
2/15/2011,-1.3657,-2.2848,0.771,1.0151,0.125
2/16/2011,0.3956,0.8678,0.5313,0.4335,0.112
2/17/2011,1.4917,0.227,1.6913,1.4518,0.094
2/18/2011,0.8319,0.7392,-0.3534,0.5802,0.094
2/21/2011,0.8319,0.7392,-0.3534,-0.596,0.094
2/22/2011,5.8581,1.1124,-1.8777,0.1161,0.106
2/23/2011,3.4035,1.9078,1.1695,-0.5989,0.122
2/24/2011,-2.0854,-1.2634,-0.4203,0.3693,0.122
2/25/2011,1.8219,-0.7328,1.5196,0.2517,0.13
2/28/2011,-1.2349,0.2226,0.7692,0.6954,0.14
3/1/2011,3.2917,-0.8535,-1.7949,-0.633,0.14
3/2/2011,2.248,0.3302,0.2941,-0.9459,0.127
3/3/2011,-0.5074,0.8698,0.9845,0.8575,0.126
3/4/2011,2.7926,-0.8623,0.726,0.0966,0.116
3/7/2011,0.0945,-0.4231,-0.8443,-0.444,0.105
3/8/2011,-0.1416,-0.1416,-0.7061,-0.8726,0.11
3/9/2011,-0.6145,-0.26,-0.8366,-1.3302,0.096
3/10/2011,-1.5458,-3.5553,-3.6912,-1.1102,0.072
3/11/2011,-1.715,0.9093,0.1971,-1.0425,0.074
3/14/2011,0.5407,0.3166,-1.4863,-0.5267,0.079
3/15/2011,-3.7155,-1.2017,-2.8844,-1.3442,0.094
3/16/2011,0.7337,-2.5556,-1.188,-0.9083,0.089
3/17/2011,2.5533,2.3326,3.3064,2.375,0.079
3/18/2011,0.6829,-0.382,0.9624,0.1221,0.069
3/21/2011,0.3905,2.4613,1.5296,1.3618,0.074
3/22/2011,1.9451,-0.338,-0.131,0.9625,0.091
3/23/2011,0.4293,0.0484,1.0713,0.6554,0.089
3/24/2011,-0.1425,0.1574,1.2546,0.3749,0.079
3/25/2011,0.3092,1.0758,0.1282,1.1402,0.085
3/28/2011,-1.8018,-0.1794,-1.7709,-1.0496,0.084
3/29/2011,0.9899,-0.2636,-2.7368,0.3536,0.099
3/30/2011,-0.4064,1.4895,-0.4466,0.1566,0.094
3/31/2011,2.2564,-0.4261,-0.987,0.2345,0.094
4/1/2011,1.338,0.6538,3.4436,1.0333,0.061
4/4/2011,0.2085,0.2244,0.5037,0.1737,0.038
4/5/2011,-0.3699,0.648,1.8305,-0.1541,0.068
4/6/2011,0.6265,-0.281,0.2782,0.0386,0.058
4/7/2011,1.4296,0.6809,0.1921,-0.4822,0.038
4/8/2011,2.637,0.2215,-0.4473,1.0078,0.041
4/11/2011,-3.3444,-0.9191,-0.1498,-0.3262,0.038
4/12/2011,-3.0706,-2.325,-2.9355,-3.4071,0.048
4/13/2011,1.0638,-0.024,0.2208,0.7573,0.053
4/14/2011,1.2398,0.3367,0.3084,-0.3758,0.068
4/15/2011,0.9935,1.0187,-1.2736,0.3375,0.063
4/18/2011,-1.8989,-1.4118,-1.0899,-1.4246,0.053
4/19/2011,0.1632,0.8424,0.4722,-0.0201,0.056
4/20/2011,2.9569,2.2076,2.7529,2.5898,0.058
4/21/2011,0.7915,0.829,0.2614,0.7045,0.053
4/22/2011,0.7915,0.829,0.2614,0.7045,0.053
4/25/2011,-0.0897,-0.1621,-0.1086,0.7045,0.048
4/26/2011,-0.1123,1.3918,0.7395,0.1749,0.058
4/27/2011,1.214,0.4118,0.4534,1.0475,0.053
4/28/2011,-0.422,-0.5013,-0.5373,0.288,0.041
4/29/2011,0.7138,0.7328,-0.3025,-0.1531,0.041
5/2/2011,-0.4873,-1.148,-0.4768,0.0192,0.033
5/3/2011,-1.8918,-1.5523,-2.439,-0.9392,0.025
5/4/2011,-1.8603,-0.946,-0.9375,-2.0124,0.018
5/5/2011,-9.1077,-2.5822,-2.0279,-0.6714,0.013
5/6/2011,-1.1445,0.0847,1.8399,0.0994,0.008
5/9/2011,5.1454,0.5926,1.3324,-0.2781,0.008
5/10/2011,0.5138,0.1924,0.2452,1.8522,0.028
5/11/2011,-4.2113,-2.0998,-1.3339,0.2362,0.018
5/12/2011,-0.1779,-0.0863,-0.8644,-1.9143,0.018
5/13/2011,0.4073,-0.2221,-1.4915,-1.1268,0.025
5/16/2011,-2.358,-0.779,-1.0948,-0.4884,0.023
5/17/2011,0.1039,0.2119,0.8008,-1.0225,0.038
5/18/2011,2.4643,1.654,1.0981,1.157,0.041
5/19/2011,-1.0886,0.7218,1.4329,0.3881,0.043
5/20/2011,1.0238,-0.9231,2.529,-0.1424,0.046
5/23/2011,-2.5336,-1.1033,-2.1556,-1.8745,0.048
5/24/2011,2.1055,0.7686,0.7722,0.8721,0.053
5/25/2011,1.6548,0.8242,0.7663,0.4529,0.048
5/26/2011,-0.8264,0.5246,1.4985,1.0656,0.048
5/27/2011,0.2778,0.2913,0.3526,-0.2636,0.046
5/30/2011,0.2778,0.2913,0.3526,0.2846,0.046
5/31/2011,1.9894,1.0166,1.5371,0.4257,0.048
6/1/2011,-2.4198,-1.7252,-1.9464,-0.9891,0.043
6/2/2011,0.4049,-0.8533,-0.7499,-1.9164,0.038
6/3/2011,-0.0504,-0.1844,-0.8222,-0.3118,0.033
6/6/2011,-1.6641,-1.0963,-1.546,-0.1877,0.025
6/7/2011,0.1282,-0.3612,0.1365,-0.4805,0.038
6/8/2011,2.0487,0.95,-1.1591,0.1679,0.036
6/9/2011,0.7277,0.5201,1.7245,1.5507,0.038
6/10/2011,-2.6657,-1.7246,-2.6221,-0.9286,0.043
6/13/2011,-2.0732,-0.6894,-0.9053,0.3749,0.041
6/14/2011,2.1955,1.4515,1.8271,0.664,0.048
6/15/2011,-3.8875,-2.1398,-3.4967,-0.3504,0.048
6/16/2011,-0.4258,0.7119,-0.3576,-0.8482,0.036
6/17/2011,-2.1112,-0.2525,0.8612,0.0209,0.031
6/20/2011,0.2457,0.8732,-0.759,-0.2086,0.023
6/21/2011,0.1906,1.0789,3.7285,1.6095,0.023
6/22/2011,0.8426,-0.9309,-0.6682,-0.4526,0.015
6/23/2011,-2.938,-1.7289,-1.2294,-1.4466,0.008
6/24/2011,-0.5554,-2.1163,-1.597,-0.2726,0.01
6/27/2011,-0.4747,1.4848,0.8353,0.1682,0.015
6/28/2011,2.1886,2.1946,1.2071,0.3988,0.025
6/29/2011,2.2241,0.7786,1.6604,1.1499,0.025
6/30/2011,0.0269,1.4081,1.8864,1.1988,0.015
7/1/2011,-0.2417,0.7741,0.7451,0.4493,0.018
7/4/2011,-0.2417,0.7741,0.7451,1.098,0.018
7/5/2011,2.1803,-0.4999,-0.9189,0.362,0
7/6/2011,-0.1844,-0.0368,-0.6786,0.6012,0.008
7/7/2011,1.9002,0.9685,1.4348,1.3944,0.023
7/8/2011,-2.0979,0.0729,-0.0674,-0.1375,0.025
7/11/2011,-1.3492,-0.6309,-1.5053,0.1967,0.015
7/12/2011,1.7163,-0.0122,-0.9808,-1.021,0.023
7/13/2011,1.1073,0.7205,0.7602,0.5753,0
7/14/2011,-2.086,-0.291,1.3717,-0.6509,0.008
7/15/2011,1.5446,0.9241,-0.0226,1.2309,0.008
7/18/2011,-1.4162,-0.4217,-0.0451,-0.7845,0.008
7/19/2011,1.7558,1.1857,1.4669,0.257,0.018
7/20/2011,0.3922,-0.3946,1.7794,0,0.018
7/21/2011,0.8333,2.0648,0.6119,1.4196,0.038
7/22/2011,0.5424,0.2352,0.3475,0.3694,0.033
7/25/2011,-0.6422,-0.7627,1.2338,0.3293,0.035
7/26/2011,0.3361,-0.2365,-1.2615,0.3282,0.069
7/27/2011,-2.1644,-1.2564,-2.7285,-0.7697,0.079
7/28/2011,-0.158,-2.2206,0.2894,0.446,0.074
7/29/2011,-1.2925,-2.0501,0.8657,-1.1583,0.094
8/1/2011,-0.5879,-0.2381,-0.6822,-0.6641,0.076
8/2/2011,-2.1505,-2.2111,-3.368,-0.1376,0.058
8/3/2011,-1.4835,-0.1542,-0.0229,-3.3918,0.013
8/4/2011,-5.9509,-4.9923,-6.1603,-4.5792,0.008
8/5/2011,0.6642,1.3272,1.0118,-3.8046,0.008
8/8/2011,-7.187,-6.1882,-6.6944,-2.1573,0.023
8/9/2011,0.3491,2.0658,4.7133,1.4929,0.028
8/10/2011,0.506,-4.383,-4.2511,-1.9461,0.013
8/11/2011,4.7829,5.2183,3.6824,2.2617,0.013
8/12/2011,-0.2102,0.5868,1.1839,3.4755,0.013
8/15/2011,2.9792,3.1806,3.6843,-0.3053,0.003
8/16/2011,-1.1397,-1.0634,-1.6327,-0.0438,0.008
8/17/2011,0.5321,0.898,-0.1709,0.0438,0.008
8/18/2011,-6.7333,-4.342,-3.8631,-2.844,0.003
8/19/2011,1.261,-1.607,-2.1872,-2.7471,0.003
8/22/2011,1.868,0.5444,-0.286,1.5976,-0.003
8/23/2011,2.1394,4.9587,3.8592,1.7548,0.008
8/24/2011,-1.0174,-0.1629,-0.703,0.4255,-0.008
8/25/2011,-0.3325,-2.4069,-5.2592,-1.7841,-0.003
8/26/2011,0.546,1.2122,1.9215,0.3179,-0.003
8/29/2011,2.4434,2.0374,2.7756,0.9733,0.003
8/30/2011,1.4134,-0.2833,0.3567,1.4571,0.008
8/31/2011,0.2033,0.1488,0,2.8723,0.013
9/1/2011,-0.1159,-0.716,-4.0619,1.0095,0.013
9/2/2011,-2.4079,-1.837,-3.3342,-1.3183,0.018
9/5/2011,-2.4079,-1.837,-3.3342,-3.7492,0.018
9/6/2011,-0.1486,-1.3723,-0.3832,0.7164,0.02
9/7/2011,3.2748,3.5137,2.4732,3.4008,0.02
9/8/2011,-0.663,-1.127,-0.5632,1.4187,0.013
9/9/2011,-1.7702,-2.4856,-2.9126,-0.5935,0.008
9/12/2011,1.6839,1.1688,1.1944,-1.4712,0.008
9/13/2011,1.2493,-0.2645,0.0549,0.6276,0.003
9/14/2011,-1.4634,1.3817,5.048,0.5591,0.003
9/15/2011,0.7571,1.886,3.2123,2.5021,0.003
9/16/2011,-1.3295,0.7296,0.4302,0.2295,0.003
9/19/2011,-2.4897,-1.1402,-2.7211,-1.6653,0.003
9/20/2011,0.4205,0.4206,0.4144,2.6249,0.008
9/21/2011,-1.5256,-2.7564,-4.8233,-2.929,0.008
9/22/2011,-5.4374,-3.7932,-3.1707,-3.1449,0.003
9/23/2011,-0.1285,0.1011,0.3638,-0.1536,-0.003
9/26/2011,1.2223,3.4771,2.9838,-1.0327,0.003
9/27/2011,2.8599,1.6592,2.7349,3.9298,0.013
9/28/2011,-3.46,-1.1521,-3.98,-1.8799,0.008
9/29/2011,2.304,2.5114,1.5921,0.5443,0.013
9/30/2011,-4.6293,-1.6919,-2.5399,0.3681,0.023
10/3/2011,-2.4598,-2.0377,-2.3565,-1.2298,-0.003
10/4/2011,0.5716,2.3612,0.5679,-2.2936,0.003
10/5/2011,3.1093,1.5378,3.6138,3.7335,0.003
10/6/2011,3.6965,-0.0811,0.218,1.444,0.003
10/7/2011,0.1876,-0.4466,0.8972,1.7633,0.008
10/10/2011,3.7453,3.6977,3.2336,1.4196,0.008
10/11/2011,-0.6919,-0.0131,0.1305,-0.2264,0.003
10/12/2011,-0.2726,1.1669,0.7039,0.392,0.018
10/13/2011,-0.8202,-1.0238,0.3106,0.6987,0.018
10/14/2011,3.7366,2.2784,2.9161,1.5102,0.015
10/17/2011,-1.2991,-0.8194,0.7272,0.9047,0.023
10/18/2011,2.1538,1.833,2.3401,-0.3387,0.018
10/19/2011,-2.4597,-0.5831,-0.8027,1.7793,0.023
10/20/2011,0.06,0.357,1.3242,-0.1964,0.018
10/21/2011,1.5602,1.8041,2.4927,1.7319,0.018
10/24/2011,4.5199,0.0499,-1.2043,-0.6191,0.008
10/25/2011,1.1871,-0.9106,4.0153,-0.2336,0.008
10/26/2011,-2.067,2.0519,2.5965,1.0927,0.013
10/27/2011,3.2801,0.9991,1.7469,-0.1737,0.015
10/28/2011,-0.4971,-0.4885,0.1541,-1.0054,0.003
10/31/2011,-0.8049,-4.1605,-2.9011,0.1172,-0.013
11/1/2011,-1.5109,-2.7532,-3.3047,-0.9364,-0.008
11/2/2011,1.3352,1.8831,2.5983,0.2777,0.003
11/3/2011,1.8223,1.9258,1.4052,0.7752,0.003
11/4/2011,0.3855,-0.4311,-0.3862,-0.3353,-0.003
11/7/2011,1.7279,1.0571,0.3421,0.376,0.003
11/8/2011,0.9167,1.109,1.5909,1.3407,0.008
11/9/2011,-1.1488,-2.9714,-5.0783,-0.8755,0.008
11/10/2011,1.9459,1.6927,1.5791,-0.0393,0.003
11/11/2011,1.299,1.2961,2.1114,1.0799,0.003
11/14/2011,-0.916,-0.9533,-0.9998,0.6993,0.008
11/15/2011,1.5029,0.1646,0.2984,-0.1929,0.008
11/16/2011,2.3706,-1.0621,-0.4348,0.7344,0.008
11/17/2011,-2.8216,-0.4984,-2.0225,-0.3454,0.003
11/18/2011,-1.0725,0.0514,-0.3519,-0.9434,0.003
11/21/2011,-0.6081,-1.2709,-1.8362,-2.9543,0.008
11/22/2011,0.6119,-1.1442,-1.3909,-1.1817,0.018
11/23/2011,-1.7451,-1.9071,-3.5019,-0.527,0.018
11/24/2011,-1.7451,-1.9071,-3.5019,-1.793,0.018
11/25/2011,0,-0.9118,-0.6804,2.0539,0.018
11/28/2011,1.8568,2.6252,3.5778,1.1181,0.013
11/29/2011,1.8494,1.4372,0.441,0.8042,0.013
11/30/2011,0.5966,4.5626,6.2195,3.231,0.003
12/1/2011,-0.4384,-0.8081,-1.837,-0.6569,-0.003
12/2/2011,1.0878,0,1.2632,1.4391,-0.003
12/5/2011,-0.0512,0.8272,0.6468,0.9011,-0.003
12/6/2011,-0.0256,0.4599,-0.023,0.437,0.003
12/7/2011,-0.4872,0.3217,-1.2167,0.7,0.003
12/8/2011,-2.654,-1.4924,-2.231,-0.6012,0.003
12/9/2011,1.9058,1.8405,1.5213,1.3797,0.003
12/12/2011,-1.6104,-1.5859,-2.0604,-0.3356,0.003
12/13/2011,1.9271,0.5996,-0.4781,2.5814,0.008
12/14/2011,-5.0505,-1.3535,-1.2731,-1.8782,-0.003
12/15/2011,-1.4457,0.7427,0.7056,0.2602,-0.003
12/16/2011,0.3875,0.1624,0,0.4449,-0.003
12/19/2011,-0.193,-0.7859,-2.1744,-0.6459,-0.003
12/20/2011,3.7431,3.1057,3.4576,1.1887,0.008
12/21/2011,1.4778,1.3659,-0.3581,0.826,0.003
12/22/2011,0.4461,1.4076,2.9229,1.2197,0.003
12/23/2011,0.5486,1.1033,0.7449,0.3957,-0.003
12/26/2011,0.5486,1.1033,0.7449,0.3957,-0.003
12/27/2011,1.4809,0.0704,-0.3235,0.4658,0.008
12/28/2011,-1.8433,-1.2899,-1.8081,-0.4993,0.003
12/29/2011,0.1826,1.2948,0.6374,1.4337,0.003
12/30/2011,-0.781,-0.5981,0.258,-0.53,0.013
1/2/2012,-0.781,-0.5981,0.258,0.4263,0.013
1/3/2012,4.1459,1.463,3.2756,0.8313,0.01
1/4/2012,0.2016,0.0233,1.382,0.3333,0.013
1/5/2012,-1.5087,-0.3023,-1.1173,-0.5769,0.013
1/6/2012,0.1276,-0.7463,-0.3842,1.7056,0.01
1/9/2012,-0.357,0.4464,-0.0227,-0.1037,0.008
1/10/2012,0.6653,0.2573,0.7261,0.7442,0.013
1/11/2012,-1.0676,-0.7466,-0.7434,-3.5217,0.018
1/12/2012,-2.2097,-0.3996,0.3177,-2.9736,0.028
1/13/2012,0.2627,0.1652,-0.9729,-0.2936,0.023
1/16/2012,0.2627,0.1652,-0.9729,0.4602,0.023
1/17/2012,1.6509,0.9543,1.0738,0.6046,0.023
1/18/2012,0.1031,0.8869,0.7233,-0.5099,0.023
1/19/2012,-0.3605,0.6709,0.3366,0.1281,0.043
1/20/2012,-2.352,0.5286,-1.5433,-1.0786,0.043
1/23/2012,1.6146,-0.0229,1.3857,2.0329,0.038
1/24/2012,-0.7554,-0.3315,0.1568,0.3985,0.038
1/25/2012,0.6562,0.0459,0.4474,-1.335,0.038
1/26/2012,0.0522,-0.5159,-0.2895,-0.1463,0.048
1/27/2012,-0.1824,-1.0833,-2.39,-1.7945,0.053
1/30/2012,-0.7572,-0.3961,1.0069,-0.4848,0.048
1/31/2012,-0.4999,-2.047,4.01,1.4802,0.053
2/1/2012,-1.1634,0.2747,-0.7841,0.7386,0.058
2/2/2012,-0.6688,-0.524,-0.0439,0.055,0.079
2/3/2012,1.2389,1.6641,2.2842,-0.0733,0.074
2/6/2012,-0.6917,0.9774,0.6442,0.055,0.069
2/7/2012,1.6609,0.688,-0.5761,0.3298,0.084
2/8/2012,0.2372,-0.637,0.794,-0.073,0.079
2/9/2012,0.7624,-0.5157,-0.4258,-0.0183,0.089
2/10/2012,-0.8088,-1.2724,-0.898,0,0.084
2/13/2012,1.7622,0.7399,2.2006,0.457,0.099
2/14/2012,0.3877,0.2961,-1.8999,1.2918,0.109
2/15/2012,0.8754,-0.6496,-0.0646,0.5085,0.109
2/16/2012,0.2552,1.5335,1.5013,0.3254,0.099
2/17/2012,1.1965,0.2459,2.0793,-0.3424,0.079
2/20/2012,1.1965,0.2459,2.0793,-0.8318,0.079
2/21/2012,2.0881,1.1096,-0.966,0.4012,0.064
2/22/2012,0.0246,0.4043,-0.6149,-0.3632,0.084
2/23/2012,1.9217,0.115,0.8534,0.4557,0.089
2/24/2012,1.547,0.3677,-0.5923,-0.5262,0.094
2/27/2012,-1.9757,-0.1259,1.1705,0.1459,0.104
2/28/2012,-0.9471,-0.1032,0.631,0.0182,0.094
2/29/2012,0.3187,-0.7345,-1.4214,-0.2185,0.079
3/1/2012,2.0283,0.3815,1.4419,0.438,0.074
3/2/2012,-2.3473,-0.5758,-0.7107,0.0909,0.064
3/5/2012,0.4906,0.7877,0.9684,-0.7988,0.064
3/6/2012,-2.0503,-1.3217,-3.6072,-1.0615,0.074
3/7/2012,1.1961,-0.0349,0.6706,-0.1295,0.079
3/8/2012,0.5171,-1.1651,1.2248,1.0372,0.079
3/9/2012,0.6614,-0.6248,-0.8915,0.1467,0.084
3/12/2012,-0.9491,1.4828,0.0643,-0.842,0.079
3/13/2012,0.3194,1.5313,1.3057,1.1999,0.084
3/14/2012,-1.0287,-0.9671,-1.3311,0.4196,0.084
3/15/2012,-0.3217,0.0814,-0.0214,-1.0354,0.084
3/16/2012,1.862,0.4066,0.2999,-0.2386,0.084
3/19/2012,0.6337,0.6363,0.1922,-0.184,0.079
3/20/2012,-2.0828,-0.4483,-1.4919,-0.8848,0.094
3/21/2012,0.5689,-0.6813,-0.476,0.0558,0.089
3/22/2012,-1.2789,-0.7906,-1.5217,-0.7249,0.074
3/23/2012,1.3702,0.2578,0.6402,-0.4681,0.074
3/26/2012,0.1966,1.73,1.4038,1.5613,0.076
3/27/2012,-0.1472,-0.4711,-2.8769,-1.1298,0.084
3/28/2012,-1.2773,-0.8774,-0.4454,-0.7119,0.079
3/29/2012,-2.2394,0.2562,-0.783,-1.0943,0.064
3/30/2012,-0.1527,0.7551,1.4656,0.1526,0.069
4/2/2012,2.0393,0.392,0.7556,1.7905,0.064
4/3/2012,-0.9243,-1.4241,-1.8306,-1.0666,0.076
4/4/2012,-2.0676,-0.9903,-2.6511,-0.8322,0.074
4/5/2012,1.0814,-0.1883,0.0923,0.5722,0.071
4/6/2012,1.0814,-0.1883,0.0923,0.5722,0.074
4/9/2012,-0.7387,-1.1082,-0.2536,0.5722,0.079
4/10/2012,-1.1804,-2.0386,-2.2191,-2.162,0.084
4/11/2012,1.2984,0.645,-0.591,0.8529,0.084
4/12/2012,1.1023,1.0883,2.1641,-1.0763,0.084
4/13/2012,-0.7353,-0.7775,-1.8855,-0.2137,0.084
4/16/2012,0.0766,1.2779,0.8541,0.5646,0.079
4/17/2012,1.1741,1.7141,1.7878,1.8393,0.079
4/18/2012,-1.4884,0.3511,-0.1618,0.2091,0.069
4/19/2012,-0.2305,-0.5481,-1.6204,-1.309,0.069
4/20/2012,1.1037,0.0235,-1.2,0.2307,0.069
4/23/2012,-0.9139,0.4572,-0.0953,-0.6713,0.076
4/24/2012,0.3587,0.7235,-0.0954,0.6372,0.084
4/25/2012,0.6127,0.6257,0.6681,-0.1343,0.089
4/26/2012,0.3045,-0.8981,2.6073,3.2277,0.089
4/27/2012,0.2277,0.0116,0.5544,-0.2233,0.089
4/30/2012,0.1514,0.302,-0.2757,0.2425,0.094
5/1/2012,1.1845,0.8107,-1.6356,0.2425,0.089
5/2/2012,-0.6476,-0.9651,-0.7963,-0.3349,0.079
5/3/2012,-2.6573,-0.6381,-0.8026,0.4854,0.079
5/4/2012,-3.966,-1.2609,-2.5226,-2.0067,0.074
5/7/2012,-0.6436,-0.1064,0.9033,0.6257,0.079
5/8/2012,-0.4858,-0.5445,-2.2018,-2.3742,0.094
5/9/2012,-0.9493,-0.845,-1.6823,-0.3204,0.089
5/10/2012,0.2464,0.12,1.3245,0.3727,0.094
5/11/2012,-0.956,0.3139,-0.3268,0.469,0.094
5/14/2012,-1.7926,-1.1793,-1.9924,-1.6534,0.089
5/15/2012,-0.9267,-0.4019,-1.7499,-0.6527,0.094
5/16/2012,-0.6519,0.4646,0,-0.0796,0.094
5/17/2012,-0.0285,-0.3164,-1.781,-1.3947,0.094
5/18/2012,-1.7409,-0.5372,-1.0667,-0.3839,0.079
5/21/2012,2.0912,0.6996,1.6442,-0.3245,0.069
5/22/2012,-1.9061,-0.1097,0.3713,1.7501,0.084
5/23/2012,-1.1311,0.1098,0.1849,-1.44,0.084
5/24/2012,0.4987,0.6948,0.8175,1.9278,0.094
5/25/2012,-0.1168,-0.6416,0.34,0.2588,0.084
5/28/2012,-0.1168,-0.6416,0.34,-0.1191,0.084
5/29/2012,0.0292,-0.1827,-0.6517,0.159,0.079
5/30/2012,-3.5349,-2.612,-2.8601,-1.1116,0.068
5/31/2012,-1.2417,-1.4538,-1.5127,0.4817,0.068
6/1/2012,-3.6185,-0.903,0.8228,-1.5182,0.068
6/4/2012,1.05,-0.1155,-0.4897,-0.5477,0.068
6/5/2012,0,-0.2955,0.6288,0.5303,0.079
6/6/2012,1.228,3.3247,3.749,1.623,0.084
6/7/2012,-1.3375,0.6361,0.7594,1.2577,0.079
6/8/2012,0.2522,0.1859,-0.9875,-0.8084,0.079
6/11/2012,-3.4623,-0.7051,0.4987,0.5168,0.079
6/12/2012,2.3323,1.2333,1.9065,1.7402,0.089
6/13/2012,-1.0027,-0.7753,-0.4869,0.447,0.094
6/14/2012,2.0257,1.8603,1.4422,-0.3676,0.099
6/15/2012,-0.3152,1.3272,2.0817,2.1169,0.091
6/18/2012,-0.9801,-0.1322,-1.716,0.4564,0.079
6/19/2012,1.1494,1.6484,1.8219,1.0981,0.089
6/20/2012,-3.7563,0.58,-0.6213,0.2809,0.084
6/21/2012,-3.3946,-3.3659,-5.1763,-1.1391,0.079
6/22/2012,2.1898,0,1.1867,-1.5111,0.079
6/25/2012,-0.9967,-1.0596,-1.8504,-0.4219,0.079
6/26/2012,0.0336,1.4279,0.3983,0.1541,0.089
6/27/2012,1.3083,0.9709,1.1373,1.1731,0.089
6/28/2012,-2.3179,-0.1202,0.7584,0.5512,0.084
6/29/2012,7.8983,2.9723,5.2167,0.586,0.084
7/2/2012,-1.2567,-0.2688,0.37,0.9209,0.074
7/3/2012,4.8043,1.1015,0.2949,1.3222,0.084
7/4/2012,4.8043,1.1015,0.2949,0.4411,0.084
7/5/2012,-0.9715,-0.8229,-1.1272,0.7136,0.074
7/6/2012,-3.1576,-0.8998,-1.7844,0.1817,0.074
7/9/2012,1.836,-1.3561,0.1009,-1.4327,0.074
7/10/2012,-2.0205,-0.6455,-0.0504,1.4535,0.089
7/11/2012,2.5698,1.5281,1.6141,1.197,0.094
7/12/2012,-0.4021,-0.3081,0.0248,-0.1075,0.099
7/13/2012,1.4907,1.6049,1.6129,0.6279,0.086
7/16/2012,1.3464,-0.4914,0.9768,0.5883,0.089
7/17/2012,0.785,0.7995,0.8222,-0.319,0.094
7/18/2012,0.9287,0.5599,0.1199,0.3912,0.089
7/19/2012,2.8198,0,0.2875,0.4251,0.079
7/20/2012,-1.2702,-0.3016,-0.7406,0.4762,0.089
7/23/2012,-3.5088,-0.861,-2.7677,-1.7553,0.094
7/24/2012,0.4545,-0.7393,-1.4604,-0.3573,0.099
7/25/2012,0.181,0.7803,0.1758,0.1255,0.099
7/26/2012,0.6022,1.5016,2.5827,-2.3102,0.104
7/27/2012,0.7782,1.0749,1.5644,-0.165,0.104
7/30/2012,-0.6534,0.1258,0.6498,2.2218,0.099
7/31/2012,-2.3019,-0.8109,-4.5911,-0.4491,0.099
8/1/2012,1.4994,0.0691,0.6266,0.5774,0.094
8/2/2012,-1.7184,-1.1851,-0.4981,0.8253,0.089
8/3/2012,4.5092,1.9446,2.7034,1.0676,0.079
8/6/2012,1.0273,-0.1142,1.0724,-0.3345,0.079
8/7/2012,1.4236,0.5374,2.4837,1.6428,0.099
8/8/2012,-0.1146,0.4095,0.5176,0.6696,0.109
8/9/2012,0.1721,0.5551,-0.0473,1.0309,0.114
8/10/2012,-0.229,0.2721,0.4263,-0.2075,0.104
8/13/2012,-0.5452,-0.3392,-0.7311,-0.8319,0.099
8/14/2012,0.7501,0.0681,0.2138,0.5243,0.109
8/15/2012,0.7732,-0.2268,0.6164,0.4868,0.084
8/16/2012,1.0514,0.7614,0.7304,-0.7093,0.084
8/17/2012,1.0967,-0.3045,-0.0702,0.2265,0.069
8/20/2012,-0.3338,-0.509,-0.0702,-0.5737,0.089
8/21/2012,0.4186,-0.5571,-0.6793,-0.4022,0.104
8/22/2012,0.667,0.3087,0.566,-1.0358,0.104
8/23/2012,-1.27,-0.4787,-0.9146,-0.4967,0.099
8/24/2012,-0.2237,0.8476,-0.142,0.4101,0.094
8/27/2012,-0.1962,-0.3521,0.0237,-0.0533,0.094
8/28/2012,0.5055,0.4103,-0.0474,-0.1421,0.099
8/29/2012,-1.1456,-0.227,-0.4979,-0.3558,0.099
8/30/2012,-0.3392,-0.7964,-0.143,-0.3035,0.099
8/31/2012,1.7867,0.1147,0.3579,-0.394,0.074
9/3/2012,1.7867,0.1147,0.3579,0.9349,0.074
9/4/2012,-1.0588,-0.2062,-1.0223,-1.3359,0.089
9/5/2012,0.169,0.241,-3.0507,-0.4694,0.104
9/6/2012,-0.9559,1.9008,2.0317,1.7413,0.104
9/7/2012,1.845,1.0451,1.8213,-0.3744,0.104
9/10/2012,-0.0836,-0.4893,0.2623,-0.1253,0.104
9/11/2012,0.7252,0.1565,1.2607,0.1613,0.099
9/12/2012,-0.1939,-0.0781,0.0235,-0.3757,0.104
9/13/2012,1.3041,1.876,2.4425,1.0415,0.099
9/14/2012,0.9039,1.1729,0.5502,-0.7464,0.099
9/17/2012,-2.9587,-0.4225,-1.3452,-0.0537,0.094
9/18/2012,-0.5035,-0.2829,-0.9244,-0.215,0.099
9/19/2012,-4.0765,-1.1784,0.5132,-0.0718,0.109
9/20/2012,1.143,1.0489,0.4641,-1.1858,0.109
9/21/2012,-0.058,0.4371,-0.6699,0.1091,0.104
9/24/2012,-1.1598,-0.0435,0.6047,0.1453,0.099
9/25/2012,-0.9974,-0.1524,-0.5779,0.5803,0.109
9/26/2012,-1.2148,-0.5559,-1.488,-1.4245,0.104
9/27/2012,2.4295,0.6248,1.5813,-0.2744,0.089
9/28/2012,-0.0878,-0.3813,-1.5799,-1.3206,0.094
10/1/2012,0.381,0.3827,-0.3305,0.5762,0.084
10/2/2012,-0.6715,-0.0871,1.1606,-0.2587,0.089
10/3/2012,-4.1446,-0.0218,-1.077,-0.0926,0.089
10/4/2012,4.0785,0.5671,0.7574,-0.9829,0.104
10/5/2012,-1.7384,0.3578,-0.9866,0.7305,0.099
10/8/2012,-0.3898,0.1405,0.261,-0.1859,0.099
10/9/2012,2.8898,-0.5934,-0.5679,-0.2422,0.099
10/10/2012,-0.9947,-1.194,-0.5474,-0.056,0.099
10/11/2012,1.3298,0.1538,0.7897,0.2055,0.099
10/12/2012,-0.8457,-0.1536,-0.6648,-0.7831,0.099
10/15/2012,0,0.5273,-0.6692,0.0564,0.094
10/16/2012,0.3971,0.9507,1.7806,0.3005,0.089
10/17/2012,-0.1025,1.0933,2.9314,0.4682,0.109
10/18/2012,-0.088,0.0964,-0.023,-0.932,0.099
10/19/2012,-2.1426,-1.4228,-0.9878,-0.2634,0.094
10/22/2012,-1.3197,0.0434,-1.0441,-0.4339,0.094
10/23/2012,-2.8267,-2.1803,-2.9308,-1.5726,0.104
10/24/2012,-1.0635,-0.3327,0.8937,0.9047,0.109
10/25/2012,0.4742,0.6119,0,-0.7058,0.114
10/26/2012,0.0315,0.2101,-0.0958,0.6724,0.114
10/29/2012,0.0315,0.2101,-0.0958,-0.2481,0.114
10/30/2012,0.0315,0.2101,-0.0958,1.5496,0.112
10/31/2012,-0.0315,0.6069,2.7798,-0.3203,0.109
11/1/2012,0.8811,0.4716,0.3031,2.5326,0.094
11/2/2012,-2.2146,-1.452,-1.1158,0.3687,0.094
11/5/2012,0.8293,0.3988,-0.7052,-0.5142,0.091
11/6/2012,3.0054,1.0813,2.036,-0.1477,0.094
11/7/2012,-4.1481,-3.1219,-1.6473,-0.5361,0.099
11/8/2012,0.2904,-1.2594,-2.4851,-0.316,0.089
11/9/2012,1.3738,0.1614,0.0735,-0.2051,0.094
11/12/2012,-0.4412,0.1261,0.2693,-0.0187,0.094
11/13/2012,-0.5698,-0.9734,-1.0012,0.8036,0.089
11/14/2012,1.1461,-0.4626,-0.9373,-1.7339,0.104
11/15/2012,-0.8813,0.0813,0.3486,-1.5288,0.079
11/16/2012,1.3897,0.3599,-0.67,-1.5525,0.079
11/19/2012,2.3252,1.4112,2.9978,1.6755,0.079
11/20/2012,-2.2039,-0.1939,-0.0243,-0.2908,0.074
11/21/2012,0.5321,0.5829,0.9219,0.2333,0.094
11/22/2012,0.5321,0.5829,0.9219,-0.5044,0.094
11/23/2012,0.6227,1.2271,1.0096,0.4874,0.089
11/26/2012,-0.4022,-0.5276,-1.0114,-0.194,0.094
11/27/2012,-0.6524,-1.4331,-0.589,-0.175,0.086
11/28/2012,-0.5941,0.8586,0.3144,0.1753,0.094
11/29/2012,1.1953,0.0227,-0.4339,0.2722,0.084
11/30/2012,1.2123,0.0227,1.1138,-0.0775,0.079
12/3/2012,0.1229,-0.6013,-1.3649,-0.4657,0.079
12/4/2012,-0.5982,-0.4794,-0.4613,-0.0975,0.099
12/5/2012,-0.5709,0.6193,0.7561,0.1951,0.094
12/6/2012,-1.7381,0.3078,0,0.8374,0.094
12/7/2012,-0.4106,0.6818,-0.581,0.1931,0.084
12/10/2012,-0.444,-0.2144,-0.1948,0.6939,0.079
12/11/2012,0.2549,0.656,0.4391,0.134,0.068
12/12/2012,0.9851,0.5169,1.093,0.9176,0.063
12/13/2012,-0.6293,-0.9726,-0.3604,-0.322,0.053
12/14/2012,0.7283,-0.5645,-0.1929,-0.5701,0.028
12/17/2012,0.613,0.8969,0.7731,0.2102,0.023
12/18/2012,0.5468,0.7764,0.7432,0.3242,0.053
12/19/2012,1.5227,-1.2546,0.2142,-0.1521,0.053
12/20/2012,0.1837,0.5129,0.285,0.2475,0.053
12/21/2012,-1.1305,-1.8675,-0.2605,-0.3799,0.058
12/24/2012,-0.3708,-0.3554,-0.9497,0.0191,0.053
12/25/2012,-0.3708,-0.3554,-0.9497,0.0191,0.053
12/26/2012,2.8226,0.1726,-0.0959,0.0191,0.058
12/27/2012,0.1207,-0.2412,-0.144,-0.305,0.068
12/28/2012,-0.4519,-2.0262,-0.9611,-0.3824,0.008
12/31/2012,0.9988,1.7039,1.0189,-0.2879,0.043
1/1/2013,0.9988,1.7039,1.0189,-0.2879,0.043
1/2/2013,1.3485,2.4957,1.8732,0.7892,0.058
1/3/2013,-0.2365,-0.1804,2.0038,0.7639,0.068
1/4/2013,0.4149,0.463,0.9013,0.417,0.068
1/7/2013,0.1181,-1.1578,-0.5955,-0.7173,0.063
1/8/2013,0.1179,0.6255,0,-0.3992,0.053
1/9/2013,-0.2356,-0.3843,2.0046,0.3245,0.058
1/10/2013,0.856,1.0892,1.6716,-0.6659,0.063
1/11/2013,-0.3219,0.5724,-1.1775,-0.3065,0.068
1/14/2013,0.6459,-0.0335,-0.3147,-0.4227,0.068
1/15/2013,-0.846,-0.0558,0.2255,0.5595,0.081
1/16/2013,0.8532,-0.067,-0.8101,0.0192,0.074
1/17/2013,1.1377,0.8159,0.1815,0.3645,0.074
1/18/2013,0.2884,0.6652,-0.2717,0.6116,0.074
1/21/2013,0.2884,0.6652,-0.2717,-0.19,0.074
1/22/2013,0.6903,0.1322,-0.6812,0.3236,0.063
1/23/2013,-1.1425,-0.242,1.2117,0.0379,0.074
1/24/2013,0.4334,0.7166,-0.3614,-0.0759,0.079
1/25/2013,0.0575,0.416,-0.4081,0.6453,0.074
1/28/2013,0.46,-0.6759,0.9561,0.3583,0.063
1/29/2013,1.0017,0.7134,1.9391,1.4092,0.068
1/30/2013,0.5667,-1.1879,-0.6415,-0.5188,0.063
1/31/2013,-0.5917,-0.772,-0.8905,-2.7379,0.074
2/1/2013,0.1984,0.0778,0.5615,-1.0341,0.068
2/4/2013,-1.6124,-0.9884,-2.591,-1.0642,0.058
2/5/2013,0.7188,0.6618,1.3529,-0.4498,0.074
2/6/2013,0.0285,0.0557,-0.4751,-0.1965,0.068
2/7/2013,-1.0274,-1.0803,-1.8868,-1.1024,0.068
2/8/2013,0.0577,0.4079,0.0232,0.0995,0.068
2/11/2013,1.2104,-0.3724,-0.3706,-0.2585,0.068
2/12/2013,0.4556,0.2039,0.7673,0.1794,0.084
2/13/2013,-0.2551,0.2374,-0.8076,-0.0811,0.094
2/14/2013,0.2273,-0.1692,-0.4476,-0.1614,0.099
2/15/2013,-1.5594,-0.1808,-0.7336,-1.0103,0.099
2/18/2013,-1.5594,-0.1808,-0.7336,0.0204,0.099
2/19/2013,0.6912,1.0865,-0.9297,1.2449,0.109
2/20/2013,-2.2597,-0.3918,-1.8287,-0.2822,0.119
2/21/2013,-2.1656,-0.4271,-0.0245,-0.1213,0.124
2/22/2013,0.5085,0.6886,2.5496,1.0524,0.124
2/25/2013,-1.1607,-1.6816,-3.4186,-0.3004,0.119
2/26/2013,0.3613,0.9236,0.4703,-0.4018,0.114
2/27/2013,0.21,1.1524,0.2464,0.4841,0.104
2/28/2013,-1.018,0.0223,-0.7127,1.0839,0.104
3/1/2013,-0.9679,-0.134,-0.1733,0.6354,0.104
3/4/2013,-1.0385,-0.5367,-0.0992,-0.1776,0.089
3/5/2013,0.8951,0.742,0.4716,1.0674,0.099
3/6/2013,-0.4589,-0.0558,0.5682,-0.2151,0.099
3/7/2013,1.2293,-0.9491,-0.1474,-0.0392,0.099
3/8/2013,0.3339,0.2931,-0.6396,-0.1569,0.089
3/11/2013,-0.0303,0.2136,0.5199,-0.216,0.094
3/12/2013,0.6659,0,-0.468,-0.2165,0.094
3/13/2013,-0.2105,0.1122,-0.5444,0.3945,0.089
3/14/2013,0.693,0.6386,2.0154,1.0216,0.094
3/15/2013,0.5386,-0.5121,0.1951,-1.303,0.084
3/18/2013,0.1488,-0.6714,-1.0224,-0.197,0.074
3/19/2013,-1.7236,-0.214,0.8362,0.2962,0.056
3/20/2013,1.1491,0.0564,-0.439,0.0394,0.068
3/21/2013,-1.1958,-0.519,0.1715,-0.3345,0.068
3/22/2013,1.6944,1.2703,2.7146,-0.0197,0.068
3/25/2013,0.7141,-0.3024,-0.0952,-0.5332,0.063
3/26/2013,1.7725,1.2469,0.858,0.9728,0.074
3/27/2013,0.2903,0.4993,-0.1418,-0.059,0.089
3/28/2013,0.5789,-0.5189,0.213,-0.8853,0.074
3/29/2013,0.5789,-0.5189,0.213,-0.8853,0.074
4/1/2013,-0.2014,0.7324,-0.8028,-0.8853,0.048
4/2/2013,-0.0865,-0.2093,0.3095,0.5359,0.089
4/3/2013,-2.5685,-0.7176,-0.5695,-0.4541,0.058
4/4/2013,-1.096,-0.1779,-1.4797,-1.0115,0.063
4/5/2013,-0.3294,-0.8466,0.5814,-1.6029,0.063
4/8/2013,0.631,-0.4606,-0.7225,-0.5701,0.058
4/9/2013,0.4479,0.1919,1.2858,0.3891,0.063
4/10/2013,0.5648,-0.1014,-0.4311,0.7956,0.068
4/11/2013,-1.0937,0.6089,0.5052,0.8298,0.063
4/12/2013,-2.7794,-0.2578,-0.5026,0.0401,0.063
4/15/2013,-3.197,-2.8093,-1.4674,-0.8226,0.058
4/16/2013,0.8574,0.1387,0.4639,-0.1214,0.053
4/17/2013,-2.3615,-0.6119,-2.2357,-0.9115,0.053
4/18/2013,2.0316,0.6273,2.1377,-0.1226,0.053
4/19/2013,-0.7901,0.9582,-0.2434,-0.0205,0.048
4/22/2013,1.3699,0.7318,0.3903,0.7779,0.048
4/23/2013,0.1257,1.3736,1.1422,2.1938,0.048
4/24/2013,2.5078,0.1456,1.1052,1.769,0.053
4/25/2013,1.8096,-1.5207,0.4753,0.9766,0.053
4/26/2013,-0.391,-0.0795,-0.1892,-0.5803,0.053
4/29/2013,1.4795,0.2386,1.019,0.3891,0.053
4/30/2013,-1.3389,0.8843,2.2754,0.1357,0.048
5/1/2013,-2.3221,-1.6631,-0.6422,0.1357,0.053
5/2/2013,3.3961,1.2799,0.4848,1.4128,0.038
5/3/2013,1.5527,1.5683,0.9878,0.687,0.048
5/6/2013,0.3822,0.6221,0.0227,-0.4549,0.033
5/7/2013,-0.3808,0.6293,0.2274,-0.0762,0.03
5/8/2013,1.1467,0.6034,0.2496,0.9146,0.043
5/9/2013,-0.6686,-0.0436,-0.8478,0.2455,0.038
5/10/2013,-0.0878,-0.9777,-0.208,0.0753,0.041
5/13/2013,-0.8202,-0.0444,-0.3705,0.0941,0.038
5/14/2013,-0.886,1.121,0.2092,0.7898,0.038
5/15/2013,0.149,0.1427,-0.3016,-0.3923,0.041
5/16/2013,0.7736,-0.5918,-0.5351,-0.5694,0.028
5/17/2013,1.0038,1.1687,0.4912,0.7635,0.033
5/20/2013,0.6694,0.8282,1.0242,-0.2463,0.033
5/21/2013,-0.9553,0.3026,0.3687,0.7786,0.038
5/22/2013,-1.9056,-0.6573,-0.6428,-0.4711,0.038
5/23/2013,0.2391,-0.4339,1.0397,-0.852,0.043
5/24/2013,-0.5069,-0.2833,-0.4802,-0.8975,0.038
5/27/2013,-0.5069,-0.2833,-0.4802,0.2697,0.038
5/28/2013,1.2586,0.9287,0.1838,1.2106,0.043
5/29/2013,-2.042,-0.3247,0.1147,-1.2531,0.038
5/30/2013,0.4532,0.0109,0.0458,-0.2884,0.028
5/31/2013,-1.9248,-1.7591,-1.7403,-0.6363,0.028
6/3/2013,1.6866,1.0943,1.1885,-0.8733,0.028
6/4/2013,0.1206,-0.7326,-0.4146,-0.4503,0.043
6/5/2013,0.1807,-1.2556,-0.8557,-1.3176,0.038
6/6/2013,1.0824,0.647,0.6531,-1.116,0.048
6/7/2013,1.6062,1.3521,-0.4635,-0.0202,0.043
6/10/2013,-0.4684,-0.3609,0.7683,0.3628,0.043
6/11/2013,-0.6176,-0.7243,-0.439,0.2812,0.043
6/12/2013,0.7103,-0.7959,-0.7426,-0.6609,0.048
6/13/2013,0.8816,1.7718,0.7482,-0.0806,0.043
6/14/2013,1.1943,-0.8212,-0.5802,-0.7667,0.043
6/17/2013,0.0576,1.0267,0.9804,0.6913,0.043
6/18/2013,0.5754,0.459,0.0693,-0.2827,0.048
6/19/2013,-0.5149,-1.0116,-1.5939,-0.2835,0.043
6/20/2013,-3.3065,-2.1429,-2.1596,-0.9748,0.043
6/21/2013,-1.1894,0.4829,0.096,-0.5742,0.043
6/24/2013,1.2338,-1.1176,-0.4794,-0.495,0.043
6/25/2013,0.2973,0.712,0.3854,-0.0829,0.061
6/26/2013,0.1778,0.7743,0.3599,1.0373,0.058
6/27/2013,1.568,0.2673,-0.1195,1.0267,0.048
6/28/2013,-0.4369,0.3443,-0.0957,-0.2236,0.033
7/1/2013,1.4336,-0.0553,-0.2396,0.0815,0.013
7/2/2013,1.5575,0.3765,-0.6244,-0.1221,0.023
7/3/2013,1.7893,0.0552,-0.4833,-0.754,0.043
7/4/2013,1.7893,0.0552,-0.4833,0.9446,0.043
7/5/2013,2.0089,0.9703,-0.0243,-0.4679,0.038
7/8/2013,-0.4103,0.7426,0.2672,1.0832,0.033
7/9/2013,0.9887,1.1816,0.8963,1.4355,0.038
7/10/2013,1.7949,-0.5571,1.1285,1.0763,0.033
7/11/2013,-1.1221,0.4848,0.9972,0.7099,0.033
7/12/2013,1.4861,0.1394,-0.8228,0.1958,0.033
7/15/2013,0.2929,-0.1606,-0.1185,0.1368,0.023
7/16/2013,-0.5044,0.0536,0.9492,-0.4294,0.028
7/17/2013,0.8538,0.1715,0.0235,0.784,0.028
7/18/2013,1.4286,0.9844,0.376,0.7779,0.028
7/19/2013,0.2869,0.837,0.7024,-0.0386,0.023
7/22/2013,-1.3784,-0.3573,0.4418,0.3282,0.013
7/23/2013,0.4483,0.3902,0.8102,-0.6927,0.018
7/24/2013,-1.8115,-0.2206,-0.2526,0.6588,0.023
7/25/2013,0.4813,-0.0211,0.5755,-0.462,0.018
7/26/2013,-0.9846,-0.1895,-0.2518,-0.5028,0.018
7/29/2013,-0.215,-0.8018,-1.0555,-0.5248,0.018
7/30/2013,-1.2389,-0.234,-3.2004,-0.4885,0.038
7/31/2013,1.8816,-0.064,-0.7187,0.5105,0.038
8/1/2013,2.4358,-1.088,0.6757,-4.5712,0.038
8/2/2013,-0.8623,-0.8412,0.5034,-0.7779,0.033
8/5/2013,-0.2899,-0.3915,0.0954,0.1032,0.041
8/6/2013,-0.9781,-0.131,-0.3097,-0.1237,0.038
8/7/2013,-1.2013,-0.1421,-0.1673,-0.681,0.043
8/8/2013,-0.4593,0.4817,0.1213,-0.0623,0.048
8/9/2013,2.0358,-0.4685,-0.0242,1.0811,0.053
8/12/2013,0.4522,-0.9149,-0.4604,-0.6993,0.053
8/13/2013,0.3708,-0.5451,0.7546,1.1599,0.051
8/14/2013,0.5013,-0.5034,-0.1208,0.2845,0.051
8/15/2013,0.3938,-0.8881,-0.1693,-1.0766,0.051
8/16/2013,0.4184,-0.2836,0.1212,0.4814,0.041
8/19/2013,-0.599,-1.1262,-0.5324,-0.2916,0.041
8/20/2013,-1.7029,-0.1035,-0.4866,-0.376,0.038
8/21/2013,-0.9328,-0.4722,-0.9046,-0.2097,0.033
8/22/2013,0.9954,0.648,0.9376,0.2101,0.023
8/23/2013,1.0922,0.6208,1.4666,0.7758,0.028
8/26/2013,0.0264,-0.4913,-0.3614,0.4578,0.01
8/27/2013,2.3973,-0.31,0.266,0.6421,0.063
8/28/2013,0.5403,2.3267,1.5674,2.1609,0.028
8/29/2013,-1.2794,-1.7672,-1.1396,0.0201,0.023
8/30/2013,-0.2592,-0.126,-0.8165,-1.3494,0.023
9/2/2013,-0.2592,-0.126,-0.8165,-0.0612,0.023
9/3/2013,0.7277,-0.0115,0.0726,0.0613,0.018
9/4/2013,-1.0836,0.6999,0.1936,0.5104,0.018
9/5/2013,0.9129,-0.4672,0.3381,0.2031,0.023
9/6/2013,1.7317,-0.1145,0.6498,0.0608,0.018
9/9/2013,-1.0671,0.9054,0.1674,-1.2156,0.013
9/10/2013,-1.5537,-0.2499,0.3103,0.1231,0.018
9/11/2013,0.3782,1.1615,0.6426,0.4506,0.018
9/12/2013,1.0005,-0.968,-0.4493,0.4282,0.018
9/13/2013,-0.0386,0.4774,-0.38,0.3046,0.015
9/16/2013,-1.9048,0.3054,0.4292,-0.3036,0.008
9/17/2013,-0.9709,0.3045,-0.2374,-0.8325,0.008
9/18/2013,2.4907,0.7196,0.9519,0.1229,0.008
9/19/2013,-1.5512,-0.3349,-0.2122,0.2454,0.003
9/20/2013,-0.8141,-0.6944,0.3071,0.0204,0.013
9/23/2013,-1.3238,-1.0264,-0.4475,-0.3467,0.01
9/24/2013,-0.1342,-0.4444,0.0237,-0.2456,0.023
9/25/2013,-0.9135,-0.2518,0.2602,-0.3693,0.018
9/26/2013,0.5423,-0.0803,0.6369,0.7208,0.003
9/27/2013,-0.3236,-0.1952,0.3282,-0.7565,0.015
9/30/2013,-0.2976,-0.9896,-1.7991,0.4532,0.008
10/1/2013,-0.4613,-0.0465,-0.4283,-0.6973,0.018
10/2/2013,2.0174,0.093,0.6213,-0.8881,0.01
10/3/2013,-0.7483,-0.6738,0.6649,0.2292,0.023
10/4/2013,0.4577,0.9591,-0.2595,0.0416,0.023
10/7/2013,-0.4556,-0.4866,-0.4021,-0.5611,0.023
10/8/2013,0.4577,-0.454,-0.9499,-0.9822,0.048
10/9/2013,-2.037,-0.4093,-0.4076,-0.9287,0.043
10/10/2013,1.5048,1.0333,0.8666,0.9587,0.048
10/11/2013,-0.9434,1.0576,0.5967,0.2743,0.058
10/14/2013,0.3265,0.7476,1.0676,0.3577,0.058
10/15/2013,-1.0849,-0.9247,-0.2347,1.4259,0.104
10/16/2013,1.2339,0.5991,0.1647,0.5375,0.089
10/17/2013,-1.4626,0.1947,1.0101,-0.6786,0.043
10/18/2013,0.1924,0.08,0.7674,1.1801,0.025
10/21/2013,-1.3992,-0.3655,0.5539,0.4911,0.028
10/22/2013,-1.4747,0.8598,0.0689,0.7534,0.028
10/23/2013,-1.2991,-0.4206,-0.4817,-0.485,0.033
10/24/2013,0.1144,0.9246,0.4379,0.7311,0.033
10/25/2013,0.9431,-0.5089,0.1836,0.5847,0.033
10/28/2013,0.6512,0.2956,0.1374,0.2606,0.018
10/29/2013,-0.3938,0.7934,4.9863,1.1595,0.038
10/30/2013,-1.5815,-0.1349,0.8497,0.6324,0.033
10/31/2013,-0.4591,0.9121,0.4537,-3.5153,0.038
11/1/2013,-1.6172,0.2232,0.1075,0.7938,0.038
11/4/2013,-0.2608,2.5384,0.8163,0.0606,0.038
11/5/2013,-1.087,-0.1194,0.1278,0.1816,0.048
11/6/2013,1.5414,1.3371,0.8512,0.0201,0.048
11/7/2013,-0.6406,-0.6758,-1.5378,-0.1208,0.058
11/8/2013,0.1178,0.8373,-0.0217,-0.7864,0.053
11/11/2013,0.7351,0.248,-0.0217,0.5691,0.053
11/12/2013,-1.8097,-0.312,-0.3689,-0.1213,0.058
11/13/2013,0.7729,-0.0863,1.1762,-0.6091,0.074
11/14/2013,0.0885,0.6804,0.2799,1.2178,0.074
11/15/2013,-0.1474,2.1991,1.2881,1.9372,0.071
11/18/2013,-0.7674,0.1889,-0.5511,0.1,0.068
11/19/2013,0.2974,-0.0314,0.0639,-0.2798,0.079
11/20/2013,-0.2669,-0.7755,0.0852,1.022,0.079
11/21/2013,1.6057,0.0106,0.7661,-0.1389,0.074
11/22/2013,-0.3805,0.3379,1.4361,0.1192,0.074
11/25/2013,-0.6463,0.0842,-1.1659,-0.3968,0.063
11/26/2013,-0.3844,-0.8623,-0.6952,-1.753,0.068
11/27/2013,-1.4841,-0.4986,-0.5091,-0.0203,0.063
11/28/2013,-1.4841,-0.4986,-0.5091,-0.1014,0.063
11/29/2013,0.8135,-0.3412,0.2345,-0.0203,0.058
12/2/2013,0.6575,0.0428,-0.7658,-0.2234,0.053
12/3/2013,2.4644,0.9303,-0.1501,-0.814,0.038
12/4/2013,1.0722,0.2966,0.4079,-0.2667,0.048
12/5/2013,0.1433,-0.5704,-0.7056,-1.0492,0.058
12/6/2013,0.3435,1.6148,0.7752,2.6195,0.058
12/9/2013,-0.3994,0.1986,0.2564,0.466,0.056
12/10/2013,1.1458,-0.1356,-0.746,0.0202,0.068
12/11/2013,-0.9346,-1.515,0.2791,-0.5847,0.068
12/12/2013,-0.0286,1.167,-1.1349,-0.3853,0.068
12/13/2013,-0.9437,-0.0524,-1.0396,-0.855,0.063
12/16/2013,0.8661,2.004,0.7441,0.8214,0.063
12/17/2013,-0.2003,-0.4834,-1.108,0.0204,0.063
12/18/2013,0.4588,2.8837,1.5378,0.9774,0.063
12/19/2013,0.8279,-0.1105,0.8438,1.7746,0.068
12/20/2013,0.453,-0.7543,0.5364,0.8322,0.058
12/23/2013,-0.3382,-0.1723,1.1737,1.0022,0.063
12/24/2013,0.3676,0.7207,0.3797,0.3891,0.068
12/25/2013,0.3676,0.7207,0.3797,0.3891,0.068
12/26/2013,0.4508,1.6932,0.7985,0.3891,0.063
12/27/2013,0.533,0.6046,0.6254,0.3682,0.063
12/30/2013,-0.865,-1.1821,-0.145,-0.56,0.063
12/31/2013,-0.591,0.8872,0.8506,0.6019,0.068
1/1/2014,-0.591,0.8872,0.8506,0.6019,0.068
1/2/2014,-3.0861,-1.4328,-1.296,0.0579,0.063
1/3/2014,-1.4023,-0.2406,-0.2293,0.5594,0.068
1/6/2014,-0.5333,0.1507,0.2716,-0.9783,0.048
1/7/2014,0.0298,1.4148,1.1458,0.8524,0.038
1/8/2014,-1.2507,-0.3265,0.3708,-0.2497,0.033
1/9/2014,-0.2413,-0.9728,0.2463,0.0963,0.041
1/10/2014,0.3325,0.7618,0.7165,1.3851,0.038
1/13/2014,-1.1449,-1.9598,-2.1341,-0.2846,0.028
1/14/2014,0.701,0.5784,0.3946,-0.3806,0.033
1/15/2014,2.2094,-0.343,-0.4965,0.2292,0.038
1/16/2014,-0.3553,0.162,-0.395,0.4765,0.033
1/17/2014,0.1189,0.2224,0.6053,-0.0379,0.033
1/20/2014,0.1189,0.2224,0.6053,-0.038,0.033
1/21/2014,0.8905,-0.6656,0.6846,-0.1708,0.038
1/22/2014,1.677,-0.6294,1.0509,1.3691,0.033
1/23/2014,0.463,-0.9297,-0.8361,-0.6565,0.038
1/24/2014,-0.4032,-2.1862,-1.8096,-1.2462,0.048
1/27/2014,-1.0121,0.0738,-1.0471,-0.9943,0.053
1/28/2014,1.3439,0.7691,0.4868,-0.4056,0.048
1/29/2014,0.1153,-0.5646,-0.4423,-0.1163,0.043
1/30/2014,0.6335,-1.1776,0.2962,1.5143,0.018
1/31/2014,-0.4292,-1.947,-1.0968,-2.0463,0.023
2/3/2014,-0.8046,-2.2895,-1.6635,-1.2886,0.028
2/4/2014,0.6373,-0.0333,0.347,-0.4945,0.053
2/5/2014,-0.0864,-0.4888,-0.4971,0.0795,0.058
2/6/2014,0.5474,0.9489,2.7802,0.3376,0.068
2/7/2014,2.1203,0.8686,0.6128,0.1584,0.084
2/10/2014,-0.0281,-1.1702,-0.231,0.1186,0.058
2/11/2014,0.0281,1.4745,2.3368,1.8555,0.048
2/12/2014,0.4489,0.2642,0.6994,1.2645,0.048
2/13/2014,0.1955,0.3843,0.1447,0.4071,0.023
2/14/2014,0.1115,2.9312,0.743,0.251,0.015
2/17/2014,0.1115,2.9312,0.743,-0.0385,0.015
2/18/2014,2.0886,-0.0425,1.2293,1.3485,0.018
2/19/2014,0.6547,-0.1276,-0.1619,0.6653,0.051
2/20/2014,-0.0542,1.5114,1.0744,0.6986,0.048
2/21/2014,-0.5152,-0.3565,-0.1003,0.6375,0.038
2/24/2014,0.2726,1.4837,0.9235,0.205,0.038
2/25/2014,-0.5436,-0.1348,0.7957,-0.6508,0.043
2/26/2014,0.4373,-0.5399,-0.4934,-0.0561,0.043
2/27/2014,-0.1633,0.0522,-0.0198,-0.5993,0.041
2/28/2014,0.1363,0.4487,0.3967,-0.3203,0.048
3/3/2014,2.123,-0.7998,-3.1812,-1.0017,0.048
3/4/2014,-1.226,1.0681,0.6939,1.6037,0.048
3/5/2014,-2.2126,-2.8181,-1.0539,-0.2818,0.053
3/6/2014,0.9106,-0.0426,-0.0615,-1.1306,0.048
3/7/2014,0.5742,1.3119,-0.7379,-0.2478,0.048
3/10/2014,-1.3051,0.5369,0.0206,0.363,0.038
3/11/2014,-1.3499,-1.5602,-0.4542,0.2475,0.043
3/12/2014,-1.2846,0.2127,-0.0207,-1.2153,0.043
3/13/2014,-0.0283,-0.605,-1.286,-0.9996,0.046
3/14/2014,0.5376,-0.1815,0.2101,-0.4466,0.048
3/17/2014,-1.0695,0.9094,-0.0629,0.4096,0.048
3/18/2014,1.2233,0.4135,-0.2098,0.6216,0.048
3/19/2014,0.3654,-1.0347,-0.5046,0.0193,0.053
3/20/2014,-0.364,0.9069,-1.6906,-0.2895,0.056
3/21/2014,0.7307,-0.2855,-0.0215,0.6581,0.048
3/24/2014,-0.0558,0.3499,0.4085,-0.7115,0.048
3/25/2014,-0.1396,0.2853,0.6638,0.9878,0.048
3/26/2014,0.8946,-0.2213,-0.0851,0.6904,0.043
3/27/2014,1.136,1.6262,1.2774,0.6667,0.033
3/28/2014,0.3288,1.517,1.6817,0.4163,0.038
3/31/2014,-0.0819,-0.0205,-0.5582,-0.0565,0.033
4/1/2014,-2.0771,0.0512,0.7069,0.3394,0.038
4/2/2014,-0.0837,0.2251,0,-0.3006,0.018
4/3/2014,0.9497,-0.0204,-0.2477,0.6973,0.018
4/4/2014,0.8024,-0.582,0.269,0.4866,0.025
4/7/2014,-0.4117,-0.5957,-0.7018,-0.1863,0.025
4/8/2014,1.7089,0.6923,-0.3118,-0.2612,0.028
4/9/2014,0.8672,-0.1231,1.7098,0.1123,0.033
4/10/2014,-0.0537,-0.5651,-1.025,-0.0561,0.033
4/11/2014,-0.0538,-0.062,-1.7191,-1.178,0.038
4/14/2014,0.5379,1.1787,0.1897,1.4191,0.033
4/15/2014,0.0268,0.8379,0.4838,0.7649,0.033
4/16/2014,0.2407,1.2769,1.2979,0.3148,0.028
4/17/2014,0.4803,0.4803,1.0126,0.5537,0.025
4/18/2014,0.4803,0.4803,1.0126,0.5537,0.025
4/21/2014,-0.0531,0.5079,0.3069,0.5537,0.03
4/22/2014,-1.7003,-0.5548,0.0204,0.2019,0.028
4/23/2014,-0.2432,0.1295,-0.469,-0.1099,0.018
4/24/2014,0.3793,-0.4876,1.1883,0.4401,0.008
4/25/2014,-1.2146,0.4,0.6682,-0.3652,0.013
4/28/2014,0.3005,0.7569,-1.3677,0.4581,0.01
4/29/2014,0.0272,0.2768,2.5489,1.0762,0.013
4/30/2014,-1.0893,0.9463,0.6562,3.0319,0.028
5/1/2014,-0.4405,-0.9765,-0.4346,3.0319,0.023
5/2/2014,0.3595,0.5917,0.9325,0.3153,0.018
5/5/2014,-0.4133,0.8823,-0.1179,-0.1222,0.018
5/6/2014,0.1384,-0.2332,0.6101,-0.0699,0.023
5/7/2014,1.1329,0.4286,0.9487,0.6298,0.028
5/8/2014,-0.3005,-0.7662,-0.4704,1.0083,0.028
5/9/2014,-0.2466,0.3127,-0.4332,-0.1721,0.023
5/12/2014,0.522,0.2746,0.2769,-0.0345,0.023
5/13/2014,1.2298,0.1272,-0.3748,0.4312,0.025
5/14/2014,0.378,-0.0684,-0.1584,-0.2134,0.025
5/15/2014,-0.3765,-1.4762,0.932,0.0871,0.023
5/16/2014,0.513,-0.0397,0.7859,0.261,0.018
5/19/2014,0.4029,0.129,0.117,0.3124,0.023
5/20/2014,0.3745,-0.1983,-0.8762,-0.2941,0.03
5/21/2014,1.226,1.3509,1.1,0.7635,0.033
5/22/2014,0.079,-0.5195,-0.5051,0.6888,0.033
5/23/2014,0.4473,-0.1773,-0.2148,-0.5815,0.033
5/26/2014,0.4473,-0.1773,-0.2148,-0.1204,0.033
5/27/2014,-0.1048,0.0395,-0.7828,-0.4478,0.028
5/28/2014,-1.2061,-0.296,-0.0592,-0.3114,0.033
5/29/2014,0.6104,0.2078,-0.0395,0.6074,0.033
5/30/2014,-0.6067,-0.7307,-0.3949,-0.483,0.033
6/2/2014,-0.3981,-0.5869,0.2577,0.572,0.028
6/3/2014,0.2931,0.4503,-0.1186,0.4654,0.033
6/4/2014,-0.3454,-0.3486,-0.8907,-1.1666,0.033
6/5/2014,0.1066,0.5098,0.739,0.6075,0.033
6/6/2014,0.1598,1.0443,0.7335,0.2243,0.033
6/9/2014,1.5156,-0.0787,0.059,0.6542,0.033
6/10/2014,0.2619,-0.0591,0.2164,0.0855,0.033
6/11/2014,-0.0784,0.4829,-0.1766,-0.1025,0.038
6/12/2014,2.1699,-0.2845,0.9438,0.9066,0.038
6/13/2014,0.1024,0.9738,0.6623,0.7967,0.033
6/16/2014,0.1278,0.263,0.1161,0.0673,0.03
6/17/2014,-0.4595,-0.4858,-0.1933,-0.2017,0.033
6/18/2014,0.0513,0.3027,1.9946,1.162,0.018
6/19/2014,0.3076,-0.0973,0,0.4994,0.013
6/20/2014,0.4856,1.1692,0.2088,0.8945,0.013
6/23/2014,-0.4069,0.5297,0.5495,-0.0493,0.008
6/24/2014,-0.1788,-1.5808,-0.4334,-0.1643,0.023
6/25/2014,0.5116,-0.5743,-0.4164,-1.5959,0.023
6/26/2014,-0.8145,-0.1077,0.2471,0.5016,0.03
6/27/2014,0.0257,-0.8037,-0.2844,0.366,0.023
6/30/2014,-0.2565,-0.5237,0.2852,0.2486,0.023
7/1/2014,-0.0514,0.6754,0.4739,0.4134,0.023
7/2/2014,-1.1837,0.2072,0.717,0.5763,0.018
7/3/2014,-0.3906,1.0042,-0.4309,-0.8022,0.008
7/4/2014,-0.3906,1.0042,-0.4309,0.6272,0.008
7/7/2014,-0.2092,0.0585,-0.9972,-0.9021,0.013
7/8/2014,0.0262,0.1754,-0.4561,-0.48,0.023
7/9/2014,-1.2834,0.7002,-0.1145,0,0.023
7/10/2014,0.5572,-0.9464,-0.9939,-0.8482,0.018
7/11/2014,-1.9525,-0.8092,-0.3668,0.8386,0.018
7/14/2014,0.4306,0.9239,0.0581,0.3826,0.018
7/15/2014,-1.179,-0.2824,0.1162,0.1491,0.018
7/16/2014,1.1659,1.3478,1.1219,1.4725,0.018
7/17/2014,1.3937,-1.407,-2.697,-0.4402,0.013
7/18/2014,-0.2908,0.4105,-0.2752,-0.2948,0.013
7/21/2014,1.0074,0.3407,-0.0197,-0.3942,0.018
7/22/2014,-0.3937,0.4463,0.4929,0.94,0.023
7/23/2014,0.5534,0.6857,0.4316,0.2124,0.025
7/24/2014,-0.891,0.0288,0.3907,0.1304,0.025
7/25/2014,-0.1322,-1.0549,-0.9146,-0.5861,0.028
7/28/2014,-0.3442,1.1533,-0.5499,-0.3112,0.03
7/29/2014,-0.6642,-0.7857,-3.278,0.2464,0.018
7/30/2014,-1.257,-0.2897,1.1433,-1.3602,0.033
7/31/2014,-1.6387,-4.1743,-1.1506,2.3426,0.023
8/1/2014,-0.3442,-0.1415,0.0613,-1.9156,0.023
8/4/2014,0.8013,1.3462,0.6735,0.3641,0.018
8/5/2014,-0.8772,-1.9275,-1.5406,1.1873,0.023
8/6/2014,-0.5808,0.7943,-0.2779,-0.3096,0.023
8/7/2014,0.5841,-0.7173,-1.024,-0.9318,0.023
8/8/2014,-0.1106,1.4959,0.0845,-1.6997,0.023
8/11/2014,0.2769,-0.3208,0.0844,1.0912,0.03
8/12/2014,-0.635,-0.2431,0,-0.7971,0.028
8/13/2014,0.0834,0.6092,-0.6535,0.1557,0.033
8/14/2014,-2.5264,0,0.5941,0.3721,0.028
8/15/2014,0.9399,-0.0606,-0.0422,-0.0168,0.028
8/18/2014,-1.0722,0.4948,1.0762,1.2471,0.028
8/19/2014,-0.9983,-0.0301,0.8351,1.0819,0.028
8/20/2014,0.4322,0.2111,-0.2277,-0.8068,0.023
8/21/2014,0.6598,-0.4213,0.166,-0.0996,0.013
8/22/2014,-0.3705,-0.7857,-0.29,-0.1994,0.02
8/25/2014,-0.2574,0.2538,0.8726,0.2831,0.018
8/26/2014,0.4875,0.9013,-0.7621,1.046,0.023
8/27/2014,-0.0285,-0.1104,0.3736,0.2629,0.028
8/28/2014,0.8279,0.0402,-0.9098,0.6555,0.028
8/29/2014,1.2458,-0.1105,-0.1669,0.0814,0.023
9/1/2014,1.2458,-0.1105,-0.1669,0.9273,0.023
9/2/2014,-2.7125,-0.9753,-1.3378,-1.1283,0.018
9/3/2014,2.1845,0.6295,1.0805,-0.0163,0.023
9/4/2014,-0.7032,-0.7567,-5.9107,0.8316,0.023
9/5/2014,-1.1331,0.915,2.3168,-0.3072,0.028
9/8/2014,-0.5731,-1.5011,-1.3063,-1.3788,0.023
9/9/2014,-0.2305,-0.3887,-0.3971,-1.0033,0.013
9/10/2014,-1.0399,-0.5955,3.0343,0.6313,0.018
9/11/2014,1.2551,0.2272,-0.6019,-0.4127,0.015
9/12/2014,-0.8936,-1.2883,-0.6488,-0.63,0.013
9/15/2014,0.5236,0.5325,-0.1088,-0.0334,0.013
9/16/2014,1.9965,1.1839,0.7409,0.8678,0.013
9/17/2014,-0.6809,-0.3592,0,-0.0165,0.018
9/18/2014,-1.114,-0.4841,0.411,0.7447,0.01
9/19/2014,-0.1444,0.5279,0.0862,0.4599,0.013
9/22/2014,-1.0992,-0.5972,-0.7103,-0.0491,0.003
9/23/2014,0.7312,-0.5283,-0.8888,-0.9652,0.013
9/24/2014,1.626,-0.2187,-0.4593,0.2478,0.013
9/25/2014,-0.4857,-1.6385,-3.1861,-1.1534,0.008
9/26/2014,0.9475,1.252,0.6809,0.15,0.013
9/29/2014,1.0239,-1.0479,0.4058,0.5493,0.008
9/30/2014,-3.125,-0.4024,-1.3247,0.3973,0.018
10/1/2014,-0.7556,-1.2653,-0.6143,-1.1212,0.013
10/2/2014,0.6442,0.4738,-1.1905,-3.0182,0.013
10/3/2014,-1.7457,0.6645,-1.0658,0.6018,0.008
10/6/2014,0.7995,0.6388,0.8197,-0.3247,0.008
10/7/2014,-1.7626,-1.2167,-1.1382,-0.463,0.008
10/8/2014,-1.3158,1.328,1.3863,-0.3618,0.003
10/9/2014,-2.697,-2.9489,-2.6883,-1.2621,0.008
10/10/2014,0.218,-0.2396,-1.0717,-2.5039,0.008
10/13/2014,-0.5904,-0.8297,-0.7703,-0.2155,0.008
10/14/2014,-3.5636,-0.3192,-1.4799,-1.5659,0.008
10/15/2014,-0.5835,-0.3644,0.0492,-3.3096,0.018
10/16/2014,1.402,0.4212,0.2215,-2.0234,0.03
10/17/2014,0.4823,0.6733,1.7682,4.6709,0.023
10/20/2014,-0.352,0.614,-0.6757,-2.0468,0.023
10/21/2014,0.5138,2.0486,2.6725,3.238,0.013
10/22/2014,-2.3962,-0.5553,-1.6564,1.1123,0.018
10/23/2014,1.6694,1.0523,1.4678,0.9919,0.008
10/24/2014,-0.5795,0.4038,0,-0.4464,0.008
10/27/2014,-0.7772,-0.8255,-0.5217,-0.6099,0.008
10/28/2014,0.5875,1.4833,2.1216,0.4692,0.013
10/29/2014,1.3303,-0.5363,0.1401,1.3832,0.013
10/30/2014,-1.505,-0.148,0.4895,0.1949,0.008
10/31/2014,-0.4226,2.3928,0.8119,0.7604,0.008
11/3/2014,-2.8404,-1.4993,-2.301,-1.3514,0.008
11/4/2014,-1.5457,-0.7768,-1.9077,-2.971,0.023
11/5/2014,2.2184,0.5819,1.7287,1.5035,0.023
11/6/2014,-1.1686,1.2517,0.2394,0.5419,0.023
11/7/2014,0.5405,1.0596,0.4538,2.3356,0.023
11/10/2014,-1.4113,-0.3209,-0.4755,0.2107,0.023
11/11/2014,0.2727,0.135,-0.2628,-0.946,0.018
11/12/2014,-0.9517,-1.0684,-1.3653,-0.3537,0.013
11/13/2014,-2.917,-0.7549,-1.2385,-1.324,0.008
11/14/2014,1.9088,0.4543,0.6639,0.5835,0.008
11/17/2014,-0.5238,0.021,-0.0977,0.4532,0.008
11/18/2014,-1.6702,-0.2523,0.709,0.7038,0.013
11/19/2014,0.1773,0.78,0.8497,-0.3226,0.003
11/20/2014,1.6991,0.2196,0.5537,1.4204,0.003
11/21/2014,1.2879,1.0332,1.5561,2.3046,0.008
11/24/2014,-1.2371,-1.1259,-0.8958,-0.7798,0.008
11/25/2014,-2.4704,-0.982,-1.118,-1.0129,0.023
11/26/2014,-0.4638,-0.3165,0.0481,0.8645,0.01
11/27/2014,-0.4638,-0.3165,0.0481,-4.0231,0.01
11/28/2014,-8.3154,-4.1702,-5.458,-2.1505,0.013
12/1/2014,2.8733,1.9991,1.297,-0.3539,0.013
12/2/2014,-2.7931,1.9924,2.2345,4.1308,0.015
12/3/2014,0,0.8069,1.4489,-0.2154,0.008
12/4/2014,-0.9382,-0.6108,-2.2271,-2.3386,0.018
12/5/2014,-1.4996,-0.5828,-1.0151,0.3316,0.013
12/8/2014,-4.2067,-2.2596,-2.7764,-2.0929,0.008
12/9/2014,1.2129,-0.349,-0.9004,-1.0126,0.03
12/10/2014,-3.8017,-2.9656,-2.0249,-2.3679,0.03
12/11/2014,-2.5773,0.5977,-1.0864,0.7761,0.023
12/12/2014,-3.3069,-2.9148,-2.9199,-3.2345,0.018
12/15/2014,-3.9672,0.3464,-3.5872,-2.2682,0.008
12/16/2014,1.1396,-0.5639,2.3469,4.8249,0.033
12/17/2014,0.1878,3.0205,5.3971,3.2239,0.023
12/18/2014,-2.8116,2.404,1.6715,0.9972,0.038
12/19/2014,5.8824,2.7205,2.8184,3.4091,0.03
12/22/2014,-4.7359,-0.3311,-0.7614,-0.1081,0.023
12/23/2014,3.0593,1.35,0.0512,0.8656,0.013
12/24/2014,-2.3655,-0.8563,-0.4346,0.1609,0.003
12/25/2014,-2.3655,-0.8563,-0.4346,0.1609,0.003
12/26/2014,-1.2827,-0.6078,0.077,0.1609,0.003
12/29/2014,-2.3099,-0.1502,0.1283,0.4998,0.003
12/30/2014,-0.0345,-0.0537,-1.7166,-1.7229,0.01
12/31/2014,0.3302,-0.6128,-0.6257,-0.0181,0.041
1/1/2015,0.3302,-0.6128,-0.6257,-0.0181,0.041
1/2/2015,-2.3084,0.411,0,0.3254,0.018
1/5/2015,-5.5304,-2.7362,-5.2991,-4.0901,0.013
1/6/2015,-3.9383,-0.5316,-0.7479,-0.3757,0.028
1/7/2015,1.7673,1.0133,0.2512,1.3389,0.025
1/8/2015,0.9854,1.6645,2.255,2.326,0.018
1/9/2015,-1.4555,-0.141,-0.4084,-1.5094,0.018
1/12/2015,-4.7593,-1.9218,-1.4489,-1.4032,0.018
1/13/2015,1.2062,-0.3653,-0.2497,0.4307,0.028
1/14/2015,3.689,-0.2889,-0.8065,-3.058,0.03
1/15/2015,-4.4882,-0.8692,0.1682,3.9238,0.028
1/16/2015,5.043,2.4281,5.9614,2.3691,0.018
1/19/2015,5.043,2.4281,5.9614,0.1627,0.018
1/20/2015,-4.6372,-0.0329,-0.449,0.3249,0.01
1/21/2015,1.659,0.8563,2.9981,1.6373,0.023
1/22/2015,-2.0259,1.0885,0.4122,1.4162,0.018
1/23/2015,-2.355,-2.132,-0.2052,1.5186,0.018
1/26/2015,-0.7647,0.9572,2.6221,1.5131,0.008
1/27/2015,2.0154,-0.8827,0.7265,-0.6606,0.018
1/28/2015,-3.7769,-3.2985,-3.3076,-1.7562,0.018
1/29/2015,0.7246,-0.4207,-0.3344,-4.7206,0.008
1/30/2015,6.8345,-0.1827,0.2065,-1.9126,0.003
2/2/2015,4.4893,2.4708,2.6526,1.987,0.008
2/3/2015,5.3706,2.9806,3.1109,4.898,0.018
2/4/2015,-6.8298,-0.8564,-1.5815,0.0347,0.008
2/5/2015,4.1028,0.984,2.2991,1.0758,0.01
2/6/2015,2.3121,-0.1841,-0.5075,0.2747,0.018
2/9/2015,1.5408,0.0656,1.0687,0.6506,0.008
2/10/2015,-4.1983,-0.6007,-0.8652,-1.3438,0.008
2/11/2015,-2.2703,-0.4505,-0.7273,-0.1207,0.008
2/12/2015,3.6197,1.9536,2.4535,-0.0079,0.013
2/13/2015,2.2941,1.0826,1.4272,1.5762,0.008
2/16/2015,2.2941,1.0826,1.4272,-0.6207,0.008
2/17/2015,0.8665,-0.3427,-0.3577,0.5031,0.01
2/18/2015,-2.6781,-2.1924,-0.0718,1.0357,0.018
2/19/2015,-0.8307,-1.7251,-1.3413,-1.999,0.018
2/20/2015,-2.356,0.5367,0.2185,0.6276,0.018
2/23/2015,-2.8954,-1.012,-0.1453,-0.1213,0.018
2/24/2015,-0.3865,0.4606,0.8976,0.8326,0.018
2/25/2015,3.3814,0.2013,0.7694,-0.3613,0.018
2/26/2015,-3.3244,-1.0603,-1.3123,-0.0345,0.018
2/27/2015,0.3882,-0.1241,0.1934,1.0708,0.013
3/2/2015,1.2155,-0.5647,-0.3378,-1.7088,0.013
3/3/2015,0.9279,-0.4771,1.0654,-1.9471,0.013
3/4/2015,2.8123,-0.5022,-0.5031,0.3014,0.01
3/5/2015,-1.5781,-0.5047,-0.8428,-0.0354,0.008
3/6/2015,-2.512,-1.2797,-2.0155,-0.0531,0.008
3/9/2015,0.6031,-0.5489,-0.1735,0.4069,0.008
3/10/2015,-2.3978,-1.0568,-3.0785,-3.4009,0.013
3/11/2015,-0.7817,-0.2848,-2.0748,0.2189,0.018
3/12/2015,-1.8571,0.238,-0.1831,0.7645,0.023
3/13/2015,-3.669,-0.4156,-1.4675,-2.2399,0.023
3/16/2015,-2.6793,1.0612,-0.133,0.4435,0.033
3/17/2015,-2.3853,-0.8023,0.719,1.3613,0.048
3/18/2015,5.0125,2.3668,4.0455,1.6334,0.03
3/19/2015,-4.0573,-1.9287,-0.9657,1.2143,0.008
3/20/2015,2.1766,0.154,2.8997,0.5469,0.003
3/23/2015,2.1302,1.0528,0.0998,0.6843,0.003
3/24/2015,0.0596,-1.0652,-1.5695,-1.1677,0.018
3/25/2015,3.3949,0.4023,1.2655,0.5114,0.03
3/26/2015,4.8963,-0.6363,-0.4999,-0.9825,0.03
3/27/2015,-5.8759,-0.8776,-0.5024,-1.3997,0.038
3/30/2015,0.5251,2.4527,0.5807,1.168,0.018
3/31/2015,-2.2635,-0.7357,-1.8323,-1.119,0.023
4/1/2015,4.3943,-0.6353,0.9972,0.5928,0.018
4/2/2015,-0.1138,-0.1894,0.3797,-1.1786,0.015
4/3/2015,-0.1138,-0.1894,0.3797,-1.1786,0.013
4/6/2015,4.9544,0.9846,1.2106,-1.1786,0.008
4/7/2015,3.4183,0.7283,0.299,3.7224,0.018
4/8/2015,-5.1941,-1.9708,1.2919,-4.3902,0.025
4/9/2015,-0.2214,0.7019,1.4226,1.2391,0.023
4/10/2015,2.1076,1.075,0.4595,1.0799,0.018
4/13/2015,0.4889,-0.2571,-0.7463,0.9081,0.013
4/14/2015,1.7297,1.5116,1.3825,0.3,0.018
4/15/2015,4.729,1.6738,1.4833,1.8297,0.013
4/16/2015,1.1669,-0.3974,0.3065,1.4167,0.018
4/17/2015,-0.5015,-0.9119,0.7991,-1.0733,0.018
4/20/2015,0.252,0.3566,-0.1632,1.3949,0.013
4/21/2015,-2.2122,-0.4127,-0.0934,-0.8152,0.023
4/22/2015,-0.4627,0.6676,1.0753,-0.5651,0.023
4/23/2015,2.0661,0.0915,0.8326,0.3616,0.023
4/24/2015,-0.4555,-0.6511,-0.3211,-0.6005,0.02
4/27/2015,-0.7626,0.046,-0.9664,0.3798,0.013
4/28/2015,0.4098,0.9079,1.0223,-0.6879,0.013
4/29/2015,2.6531,0.0797,0.253,-1.0909,-0.003
4/30/2015,1.9384,-0.569,-0.9865,-0.6653,0.003
5/1/2015,-0.5363,1.6939,0.1622,-0.6653,0.003
5/4/2015,-0.5882,0.2926,0.4164,1.1984,0.003
5/5/2015,2.3669,-0.5611,-0.7141,-0.7489,0.008
5/6/2015,0.289,-0.474,0,-1.2634,0.01
5/7/2015,-2.9779,-0.669,-1.5765,-1.4928,0.008
5/8/2015,1.0891,1.5868,2.1038,3.085,0.008
5/11/2015,-0.1959,-1.6631,-0.3044,0.7525,0.008
5/12/2015,1.7664,0.2766,0.2583,-1.1464,0.013
5/13/2015,-0.6268,-0.5286,0.1874,-0.123,0.018
5/14/2015,-0.3882,0.4737,0.4442,0.0986,0.013
5/15/2015,-0.0487,0.4369,-0.3492,-1.5873,0.013
5/18/2015,-0.3899,-0.5724,-0.9811,-0.4168,0.008
5/19/2015,-3.9628,0.1612,-1.3211,0.2184,0.013
5/20/2015,1.0698,0.1609,0.5977,0.4903,0.018
5/21/2015,3.3266,0.0918,1.9487,1.2649,0.013
5/22/2015,-1.2195,-0.7912,-0.9324,-0.8922,0.013
5/25/2015,-1.2195,-0.7912,-0.9324,-0.5221,0.013
5/26/2015,-2.7654,-1.3523,-2.0471,-0.7964,0.013
5/27/2015,-1.0665,-0.2812,0.3843,0.748,0.008
5/28/2015,0.4107,0,-0.5743,-0.7244,0.003
5/29/2015,3.8344,0.1057,-0.2166,-0.8756,0.003
6/1/2015,0.2462,-0.0822,-1.2301,-1.0858,0.003
6/2/2015,1.5717,0.0117,1.3431,-0.4093,0.008
6/3/2015,-2.4662,-0.2232,-0.6506,-0.8593,0.013
6/4/2015,-2.5285,-0.8593,-1.4795,-1.8843,0.013
6/5/2015,1.2208,0.0712,-0.1477,0.5569,0.018
6/8/2015,-0.9548,0.6763,-0.074,-0.5921,0.013
6/9/2015,2.5368,-0.3182,0.0493,-0.903,0.013
6/10/2015,2.1277,0.7449,1.8002,1.3571,0.018
6/11/2015,-0.7267,-0.1408,0.3391,0.4208,0.013
6/12/2015,-1.0737,-1.2575,-1.4969,-1.7333,0.01
6/15/2015,-0.592,-0.3571,0.2941,-0.1938,0.008
6/16/2015,0.5459,1.1467,-0.0244,0.2719,0.008
6/17/2015,-0.2468,0.059,0.7333,0.0968,0.003
6/18/2015,0.7422,0.8852,0.1213,-0.2515,0.003
6/19/2015,-1.6699,-0.3159,-0.2666,0.4268,0.003
6/22/2015,0.6993,-0.0469,0.8991,0.8113,0.003
6/23/2015,1.5377,-0.1174,0.0482,0.5557,0.008
6/24/2015,-1.2702,-0.4584,0.6981,1.9055,0.003
6/25/2015,-1.1381,-0.8857,0.1434,-0.5236,0.003
6/26/2015,0,-0.0834,-1.2891,-0.9774,0.003
6/29/2015,-2.3524,-1.2402,-2.5151,-2.0501,0.003
6/30/2015,1.8965,0.4588,-0.8683,-1.6667,0.008
7/1/2015,-3.9235,-0.9976,-1.7267,0.6504,0.018
7/2/2015,-0.8901,0.9348,5.1439,0.6658,0.003
7/3/2015,-0.8901,0.9348,5.1439,-0.6613,0.003
7/6/2015,-6.3391,-0.7337,-3.3422,-0.7832,0.013
7/7/2015,0.1692,0.412,-0.5011,-1.9736,0.013
7/8/2015,-2.1396,-1.086,-1.4102,0.9664,0.013
7/9/2015,1.8987,-0.4514,-0.0511,0.5982,0.013
7/10/2015,-0.2259,0.7598,1.9678,0.6739,0.008
7/13/2015,-0.9055,0.2432,0.1504,1.0435,-0.008
7/14/2015,1.1993,0.8372,0.9259,1.6368,0.01
7/15/2015,-2.7652,-0.4211,-0.7191,0.0383,0.013
7/16/2015,-1.0447,0.1812,-1.2488,0.9966,0.018
7/17/2015,-0.3519,-0.3618,-1.0622,-0.5123,0.018
7/20/2015,-1.7657,-1.0289,-0.9458,-0.0572,0.023
7/21/2015,1.3182,-0.1223,-0.0516,0,0.028
7/22/2015,-3.3708,0.1592,-2.1172,-1.7939,0.033
7/23/2015,-1.224,-0.7947,-1.6091,-1.5157,0.033
7/24/2015,-0.6815,-1.4789,-1.9571,-1.5588,0.033
7/27/2015,-2.3706,-0.8506,-1.4219,-1.9643,0.033
7/28/2015,1.278,4.0626,3.4397,0.8792,0.048
7/29/2015,2.4606,0.8002,0.2682,1.7835,0.051
7/30/2015,-0.8621,-0.1564,0.7756,4.9383,0.069
7/31/2015,-3.1677,-4.5778,-1.8843,-0.6452,0.064
8/3/2015,-3.143,-1.4518,-1.3254,-0.0382,0.069
8/4/2015,0.7947,-1.1401,0.1645,0.0382,0.079
8/5/2015,-1.2484,0,-0.1916,2.4064,0.074
8/6/2015,-1.0645,1.1922,0.0279,-0.317,0.038
8/7/2015,-2.0847,-1.6135,-0.5574,0.1684,0.064
8/10/2015,2.2665,2.499,1.6816,-0.4109,0.069
8/11/2015,-2.6864,-0.673,-0.634,-0.7877,0.104
8/12/2015,-0.3451,1.6776,1.0818,-0.4915,0.099
8/13/2015,-2.4238,-0.1777,-1.427,-1.0565,0.091
8/14/2015,-0.7097,-0.3687,-0.4176,-0.8587,0.084
8/17/2015,-0.7148,0.5232,-0.671,-0.1181,0.063
8/18/2015,1.1519,-1.1045,-0.7881,-0.6504,0.069
8/19/2015,-4.4128,-2.1438,-1.6738,-2.321,0.043
8/20/2015,-0.4468,-2.1776,-0.8078,-0.4874,0.018
8/21/2015,-1.0471,-3.2721,-3.5195,-4.2857,0.023
8/24/2015,-5.5933,-4.7276,-5.9692,-7.7186,0.02
8/25/2015,1.9215,-0.0146,-1.539,3.4427,0.056
8/26/2015,0.3142,5.5159,1.2699,-3.4175,0.056
8/27/2015,9.2404,3.2414,6.2058,5.5273,0.053
8/28/2015,6.6667,0.2939,0.6963,2.5203,0.056
8/31/2015,6.7876,0.2265,0.8419,-0.4703,0.003
9/1/2015,-6.7967,-4.1999,-4.1741,-3.1787,0.038
9/2/2015,1.8906,1.5954,0.1867,-0.4658,0.013
9/3/2015,1.6567,0.7647,0.6522,2.5184,0.018
9/4/2015,-1.6949,-1.8024,-5.2761,-3.5217,0.028
9/7/2015,-1.6949,-1.8024,-5.2761,-0.0225,0.028
9/8/2015,-0.3979,1.4353,2.3127,1.7354,0.028
9/9/2015,-3.3955,-2.0408,-1.6237,1.0855,0.028
9/10/2015,2.8946,0.7222,1.0032,-2.06,0.018
9/11/2015,-1.8754,0.2344,-0.6408,-1.1188,0.028
9/14/2015,-1.7747,-0.2751,-1.0642,-0.181,0.025
9/15/2015,1.2509,0.5104,1.4016,1.1789,0.058
9/16/2015,5.4221,1.9764,3.2787,2.5319,0.053
9/17/2015,-0.8464,0.2153,-0.0622,-0.743,-0.003
9/18/2015,-4.0053,-2.3905,-3.1766,-3.7428,-0.013
9/21/2015,2.9412,0.9769,-0.0965,0.7548,-0.013
9/22/2015,-0.8638,-0.8857,-2.1571,-2.9739,-0.003
9/23/2015,-3.2172,-0.6049,-1.5466,0.4913,0.008
9/24/2015,1.0388,0.5947,0.8021,-3.1432,0.003
9/25/2015,0.891,0.6875,0.8952,1.5865,-0.018
9/28/2015,-2.3098,-0.8603,-3.4505,-2.6029,-0.003
9/29/2015,1.5994,0.5096,0.8509,1.4577,-0.008
9/30/2015,0.4791,1.8912,3.1387,1.4607,-0.015
10/1/2015,-0.6812,-0.39,1.3089,1.9825,-0.023
10/2/2015,1.3032,2.4575,5.0388,1.2034,-0.003
10/5/2015,1.5572,1.2256,2.9828,4.9623,-0.008
10/6/2015,4.9333,1.4061,2.4485,3.1373,-0.003
10/7/2015,-1.0801,1.6819,4.0804,2.8306,-0.003
10/8/2015,3.0186,1.048,0.7001,0.9244,0.003
10/9/2015,-0.3117,-0.9621,0,-0.4478,0.003
10/12/2015,-4.2527,0.0505,-1.6407,-0.7565,0.003
10/13/2015,-1.6329,-0.1765,-1.8094,-1.4215,0.003
10/14/2015,-0.0664,1.2633,1.6988,0.1672,-0.003
10/15/2015,0.5316,1.6467,1.0193,1.0223,-0.003
10/16/2015,0.5948,1.2273,0.5045,1.8174,0.003
10/19/2015,-2.5624,-1.8065,-2.5655,-1.4604,-0.003
10/20/2015,-0.6743,-0.1976,0.0859,-0.3499,0.013
10/21/2015,-2.0367,-0.767,0.4861,1.2601,0.003
10/22/2015,0.5544,3.3412,2.2197,0.9792,0.003
10/23/2015,-1.654,0.1086,-0.5568,-0.7273,0.003
10/26/2015,-1.822,-2.121,-1.8757,-1.2414,0.018
10/27/2015,-1.3562,-0.1601,-0.6562,-1.8751,0.018
10/28/2015,6.2952,1.4675,2.6422,1.449,0.041
10/29/2015,-0.4084,-0.0608,-0.0839,-0.6417,0.064
10/30/2015,1.2303,0.6202,-0.028,-0.7083,0.074
11/2/2015,-0.4051,3.0699,1.6246,0.8393,0.056
11/3/2015,3.5932,1.841,2.6185,3.5164,0.053
11/4/2015,-2.8141,-1.0017,-0.7252,0.4221,0.041
11/5/2015,-2.4916,-1.3608,-2.2277,-2.7622,0.041
11/6/2015,-1.7265,-0.4009,-1.1814,-0.3911,0.079
11/9/2015,-1.0541,-2.1191,-0.7116,-0.6406,0.079
11/10/2015,0.071,0.4881,-0.3154,-0.0832,0.13
11/11/2015,-2.3421,-0.8865,-1.0929,-1.6445,0.13
11/12/2015,-2.9797,-2.7077,-2.588,-2.4295,0.13
11/13/2015,-2.1723,-1.6497,-0.3582,-0.8844,0.119
11/16/2015,2.5268,3.5851,3.2954,0.6692,0.104
11/17/2015,-2.8379,-1.1619,-0.8701,3.3459,0.119
11/18/2015,0.3075,0.9755,2.6916,1.2007,0.114
11/19/2015,-0.6897,-0.545,0.4274,1.2924,0.094
11/20/2015,-0.2315,-0.6351,-2.3262,-1.7151,0.099
11/23/2015,0.6961,0.6141,-0.029,-0.6172,0.109
11/24/2015,2.3041,1.993,1.656,0.6424,0.16
11/25/2015,0.5255,-0.7694,0,0.5532,0.175
11/26/2015,0.5255,-0.7694,0,1.5446,0.175
11/27/2015,-2.6886,-0.0246,-0.4573,-1.1461,0.17
11/30/2015,-0.7675,0.5294,-0.6604,-0.5059,0.17
12/1/2015,0.1547,0.2817,0.4913,-0.2966,0.201
12/2/2015,-3.6293,-2.8575,-2.7322,0.3825,0.209
12/3/2015,2.3237,-1.4331,-1.6558,-3.9585,0.206
12/4/2015,-2.4276,0.5739,-1.7739,-2.0939,0.216
12/7/2015,-5.939,-2.6122,-4.3159,-4.0747,0.231
12/8/2015,-0.3413,-2.8255,0.032,-0.751,0.272
12/9/2015,-1.0274,1.3399,1.7269,1.3715,0.252
12/10/2015,-1.6436,0.0793,-0.0314,-0.6765,0.231
12/11/2015,-2.6385,-1.7836,-3.1761,-4.3917,0.221
12/14/2015,0.813,2.2733,-1.8513,-3.5372,0.206
12/15/2015,2.1505,4.4719,1.7538,3.7433,0.247
12/16/2015,-3.5965,-0.3525,0.3902,-0.5155,0.252
12/17/2015,-2.2748,-1.5035,-1.6845,-0.2961,0.221
12/18/2015,-0.7449,-0.8722,-0.659,0.4702,0.175
12/21/2015,0,-0.0259,-0.0663,-2.1675,0.16
12/22/2015,1.0319,0.5048,2.1905,2.1148,0.191
12/23/2015,4.5497,3.2711,5.0666,5.4734,0.196
12/24/2015,0.3552,-1.0725,-0.711,0.3974,0.201
12/25/2015,0.3552,-1.0725,-0.711,0.3974,0.201
12/28/2015,-3.2743,-0.7437,-1.2765,-2.7707,0.196
12/29/2015,3.0192,0.5334,0.5046,2.1312,0.196
12/30/2015,-2.9307,-1.3264,-1.7571,-0.6565,0.147
12/31/2015,0.6404,-0.2048,-0.1597,-0.4248,0.165
1/1/2016,0.6404,-0.2048,-0.1597,-0.4248,0.165
1/4/2016,-0.1818,-0.6286,-0.6398,-1.2799,0.165
1/5/2016,-2.9144,0.8521,-0.4185,1.0324,0.201
1/6/2016,-5.1595,-0.8321,-2.0369,-2.3289,0.201
1/7/2016,-2.0772,-1.6006,-2.8713,-3.747,0.201
1/8/2016,-1.0101,-2.0202,-1.7669,-6.3953,0.196
1/11/2016,-5.6122,-1.3389,-0.2421,-1.0802,0.191
1/12/2016,-0.8649,2.0491,-0.6588,-0.7644,0.211
1/13/2016,-0.8724,0.5984,0.4188,0.0275,0.221
1/14/2016,1.5402,4.5869,7.1602,2.7503,0.247
1/15/2016,-4.7671,-1.9464,-5.4168,-4.3362,0.231
1/18/2016,-4.7671,-1.9464,-5.4168,-0.6995,0.231
1/19/2016,-3.413,-1.521,-0.823,1.0425,0.242
1/20/2016,-2.9446,-4.2147,-1.5906,-7.0273,0.262
1/21/2016,3.8835,1.2572,3.5137,4.5591,0.282
1/22/2016,8.2944,3.3333,3.021,6.4257,0.298
1/25/2016,-7.8749,-3.3825,-2.8995,-0.2156,0.287
1/26/2016,5.0351,3.6767,4.3095,2.4581,0.313
1/27/2016,2.3411,-1.8383,-0.1952,2.0037,0.318
1/28/2016,5.6645,2.2579,3.9439,2.1711,0.328
1/29/2016,-0.5155,1.117,1.5052,1.1637,0.313
2/1/2016,-6.5285,-2.0039,-2.0698,-0.6002,0.303
2/2/2016,-4.9889,-2.2283,-8.4543,-4,0.338
2/3/2016,8.9848,5.2152,2.2054,0.1834,0.333
2/4/2016,-2.3555,1.7202,3.203,4.7345,0.293
2/5/2016,-2.3026,0.3132,-0.49,0.4995,0.292
2/8/2016,-3.0303,1.3487,-1.7728,-1.6402,0.267
2/9/2016,-5.3241,-0.4312,-3.242,-4.3962,0.308
2/10/2016,-2.6895,-0.9116,-1.0708,-0.1057,0.308
2/11/2016,0.4059,0.3151,-1.4265,-2.037,0.282
2/12/2016,4.2252,1.7965,4.9928,6.7243,0.282
2/15/2016,4.2252,1.7965,4.9928,1.7206,0.282
2/16/2016,-0.2401,0.2345,0.1378,0.5473,0.282
2/17/2016,5.6558,0.9604,3.0626,4.7006,0.303
2/18/2016,-1.3667,0.5488,-0.5676,-0.5772,0.293
2/19/2016,-1.2702,0.0606,-0.1007,-1.9403,0.292
2/22/2016,4.2105,-0.1333,1.8487,3.0423,0.303
2/23/2016,-4.826,-1.4079,-4.2904,-3.0005,0.323
2/24/2016,1.2972,0.357,-1.5862,-2.8211,0.333
2/25/2016,2.4447,0.6011,0.4205,2.4955,0.323
2/26/2016,-0.2273,-0.317,1.1863,3.8012,0.313
2/29/2016,2.5057,-1.9572,0.3103,1.2207,0.318
3/1/2016,1.6667,1.4099,1.8563,0.3074,0.328
3/2/2016,1.6393,1.747,1.9575,1.4616,0.298
3/3/2016,-0.5376,-0.3628,2.1847,0.2788,0.277
3/4/2016,4.3243,-0.1335,0.907,0.7183,0.267
3/7/2016,4.7668,2.637,1.1236,0,0.277
3/8/2016,-4.55,-2.1667,-4.5397,-1.4033,0.303
3/9/2016,5.1813,-0.2783,0.7649,2.1465,0.303
3/10/2016,-1.0837,-0.267,-1.5512,-3.8145,0.313
3/11/2016,1.494,0.0122,2.4137,2.351,0.318
3/14/2016,-3.0422,0.2677,-1.964,-0.0464,0.318
3/15/2016,-1.8219,0.4975,-1.0351,-1.5088,0.333
3/16/2016,4.9485,0.0604,2.9352,2.4982,0.298
3/17/2016,3.6346,1.4843,3.3759,2.0005,0.282
3/18/2016,-0.6635,0.1189,-0.6658,-1.5555,0.29
3/21/2016,1.0496,-0.6888,-0.6703,-0.1603,0.303
3/22/2016,-0.4721,0.5979,-0.5784,-0.5734,0.298
3/23/2016,-4.0797,-0.4398,-2.3917,-0.9458,0.303
3/24/2016,-0.4946,0.2746,0.7285,-0.6521,0.282
3/25/2016,-0.4946,0.2746,0.7285,-0.6521,0.282
3/28/2016,-0.497,0.2858,0,-0.6521,0.267
3/29/2016,-2.0979,0.3681,-0.2301,-0.9611,0.226
3/30/2016,-0.7143,-0.0118,1.911,2.8639,0.196
3/31/2016,-0.3083,-1.1003,-2.4248,-1.7948,0.201
4/1/2016,-3.8228,-0.7537,-2.0212,-2.2493,0.226
4/4/2016,-2.6711,0.2411,0.0338,1.0307,0.196
4/5/2016,0.5507,-1.1424,-2.1974,-2.586,0.216
4/6/2016,5.1479,1.338,1.2789,0.9498,0.231
4/7/2016,-0.9375,-1.1283,-0.5802,-0.0241,0.231
4/8/2016,5.4679,1.0198,3.5015,4.0541,0.226
4/11/2016,2.4925,0.1322,0.5307,0.7885,0.216
4/12/2016,3.5019,1.2362,2.9363,1.7717,0.226
4/13/2016,-1.2218,0.5691,0.5769,3.2105,0.226
4/14/2016,-0.2854,0.7073,-1.4659,0.6572,0.221
4/15/2016,-2.1947,-0.5385,-0.8732,-0.0871,0.221
4/18/2016,-0.7805,0.9533,1.3377,-0.3921,0.206
4/19/2016,2.6549,0.5013,2.2537,0.4592,0.211
4/20/2016,3.0651,0.6844,0.3149,1.0013,0.226
4/21/2016,-0.3717,-0.0115,-0.3766,0.9483,0.231
4/22/2016,0.3731,0.8526,1.2917,-0.064,0.231
4/25/2016,-1.9517,-0.2285,-1.1198,-2.2431,0.252
4/26/2016,2.4645,0.3435,5.3476,0.6119,0.247
4/27/2016,3.0527,0.9472,1.0451,1.8679,0.237
4/28/2016,0.7181,-0.4861,-1.0343,0.7249,0.211
4/29/2016,0.713,0.4203,0.2687,-2.6249,0.211
5/2/2016,-2.2124,0.8258,0.1191,-0.1304,0.191
5/3/2016,-2.8054,-1.1444,-3.1529,-2.2203,0.201
5/4/2016,0.4655,-0.1929,-1.6585,-2.7605,0.191
5/5/2016,1.0195,0.1137,0.5092,1.7399,0.191
5/6/2016,0.5505,0.5338,0,0.5176,0.196
5/9/2016,-2.5547,0.0678,-1.5833,-2.552,0.216
5/10/2016,2.9026,1.6033,1.9305,1.4013,0.247
5/11/2016,3.1847,-0.4778,-0.0316,0.657,0.257
5/12/2016,0.97,0.9684,0.5999,-0.1576,0.267
5/13/2016,-0.6987,-1.1264,-1.2241,0.0451,0.267
5/16/2016,3.4301,1.0264,1.8748,0.9238,0.267
5/17/2016,1.3605,-0.0447,0.4991,0.8931,0.287
5/18/2016,-1.8456,-0.201,-0.2793,0.2434,0.298
5/19/2016,0.7692,0.8506,-0.4669,-2.4627,0.303
5/20/2016,-0.3393,-0.4106,-0.1563,1.3149,0.308
5/23/2016,-0.766,-0.156,-1.472,-1.3206,0.323
5/24/2016,1.3722,0.0781,1.2079,1.246,0.349
5/25/2016,1.7766,0.658,3.2035,2.3245,0.328
5/26/2016,-0.665,-0.5096,-0.7912,-0.4232,0.29
5/27/2016,0.251,0.2339,-0.7362,-0.4921,0.313
5/30/2016,0.251,0.2339,-0.7362,0.3372,0.313
5/31/2016,-0.9182,-1.0999,-2.9666,-1.6129,0.287
6/1/2016,0.5055,0.2471,-0.1911,-0.9791,0.292
6/2/2016,-0.5868,-0.7956,0.5743,0.046,0.276
6/3/2016,-0.3373,-0.1807,1.1421,-0.1609,0.282
6/6/2016,1.8613,1.0977,2.0389,1.0589,0.261
6/7/2016,1.495,1.5335,1.66,3.6674,0.266
6/8/2016,1.7185,0.0882,0.6048,1.9336,0.236
6/9/2016,-1.4481,-0.1322,-0.6913,-0.6682,0.251
6/10/2016,-3.102,-0.761,-2.4818,-0.8681,0.246
6/13/2016,-0.9267,0.6779,-1.1173,-1.007,0.256
6/14/2016,-0.2551,-0.1766,-2.919,-2.9854,0.267
6/15/2016,-2.2165,-0.2986,0.7113,-0.2052,0.257
6/16/2016,-2.8771,1.1757,2.825,0.5939,0.257
6/17/2016,4.6679,-0.5481,2.2479,2.6567,0.257
6/20/2016,2.1441,0.4409,2.0458,3.6054,0.252
6/21/2016,-0.1679,0.45,2.1843,1.2169,0.271
6/22/2016,-1.2616,-0.3933,-0.7613,0.0422,0.266
6/23/2016,2.0443,0.691,2.1835,2.1716,0.287
6/24/2016,-4.8414,-2.6253,-4.7647,-3.9208,0.251
6/27/2016,-1.8421,-0.5929,-3.0018,-0.3007,0.246
6/28/2016,2.5022,2.307,3.9075,0.8186,0.256
6/29/2016,2.7899,1.705,4.6631,4.7436,0.261
6/30/2016,-1.866,1.3844,2.0696,0.6528,0.261
7/1/2016,1.815,0.1067,1.3799,0.831,0.256
7/4/2016,1.815,0.1067,1.3799,-0.804,0.256
7/5/2016,-5.0934,-0.8738,-0.2778,0.6484,0.246
7/6/2016,1.3417,1.1503,-0.9192,-1.7918,0.271
7/7/2016,-4.5013,-1.201,-0.4779,0.8405,0.287
7/8/2016,0.0924,0.6239,1.4689,0.6099,0.276
7/11/2016,-1.662,0.3742,0.529,0.1616,0.284
7/12/2016,5.0704,1.129,2.2155,1.8761,0.293
7/13/2016,-3.9321,-0.0737,-0.9483,-1.5842,0.303
7/14/2016,1.1163,0.0738,0,0.8853,0.313
7/15/2016,1.104,0.179,0,-0.2992,0.303
7/18/2016,-1.5469,-0.3154,-1.0667,-0.3401,0.298
7/19/2016,-1.1091,-0.3691,-0.3871,0.7427,0.312
7/20/2016,0.2804,-0.5716,-0.1943,-0.2789,0.322
7/21/2016,-2.2367,-0.0852,-0.3337,0.2797,0.312
7/22/2016,-0.6673,0.1705,0.0837,-0.2989,0.317
7/25/2016,-2.7831,-1.9253,-2.7042,-2.2382,0.307
7/26/2016,-0.4936,-0.7267,-0.8883,0.7972,0.307
7/27/2016,-1.7857,-0.6774,-0.0578,-0.6692,0.282
7/28/2016,-2.3232,-0.781,-1.6778,-3.7362,0.241
7/29/2016,0.9307,-1.3858,1.2062,-1.6755,0.256
8/1/2016,-3.5861,-3.4739,-3.5465,-3.1924,0.256
8/2/2016,-0.8502,1.3743,0.8137,-1.6488,0.271
8/3/2016,3.8585,0.517,0.4783,-0.0906,0.266
8/4/2016,1.548,-0.0114,-0.0303,1.8821,0.256
8/5/2016,0.2033,0.0914,0.4545,0.3339,0.261
8/8/2016,2.4341,1.1763,0.0603,0.6211,0.261
8/9/2016,-0.297,0.1242,0.6331,-0.2646,0.282
8/10/2016,-2.9791,-1.7362,-1.1084,-0.7073,0.282
8/11/2016,4.5036,0.3588,1.9085,1.9199,0.282
8/12/2016,2.8404,1.303,0.2973,-0.445,0.277
8/15/2016,2.4762,-0.0455,0.3853,0.0224,0.287
8/16/2016,1.487,0.1253,1.0038,0.1788,0.276
8/17/2016,0.641,0.2161,-0.0292,-0.2231,0.297
8/18/2016,2.8207,0.908,1.3158,0.7825,0.297
8/19/2016,0.354,-1.2485,-0.9235,-0.7986,0.302
8/22/2016,-3.2628,0.2164,-1.0778,-0.8945,0.292
8/23/2016,1.1013,-0.3069,0.5006,0.0226,0.302
8/24/2016,-2.4418,0.342,0.4102,0,0.317
8/25/2016,1.2015,-0.6362,-0.1459,-0.6316,0.322
8/26/2016,0,-0.2172,-0.1753,1.1351,0.317
8/29/2016,-0.9132,0.6531,0.2342,-0.1347,0.312
8/30/2016,-1.106,-0.3643,-0.4089,0.5844,0.327
8/31/2016,-3.4483,-0.4342,-0.7038,-1.6089,0.332
9/1/2016,-2.8958,-0.3443,-0.5907,-1.3173,0.327
9/2/2016,1.7893,0.6679,2.4955,2.8769,0.322
9/5/2016,1.7893,0.6679,2.4955,1.2528,0.322
9/6/2016,1.4648,1.3155,0.5507,-1.3478,0.312
9/7/2016,1.2512,-0.3726,0.2018,1.1198,0.338
9/8/2016,4.1825,0.918,0.9206,0.443,0.343
9/9/2016,-3.3759,-2.4818,-2.081,-1.6759,0.338
9/12/2016,0.4721,0.5182,0.8151,-0.9643,0.364
9/13/2016,-2.5376,-2.3829,-3.2631,-2.5589,0.353
9/14/2016,-2.7001,-0.7159,-0.5373,-0.7669,0.322
9/15/2016,0.4955,0.5674,0.8703,0.1171,0.287
9/16/2016,-1.3807,-1.2341,-0.8926,-1.076,0.282
9/19/2016,-0.2,-0.238,0.3903,1.3715,0.251
9/20/2016,0.9018,-1.5388,-1.1065,-0.8397,0.292
9/21/2016,3.2771,0.9208,1.6329,0.3764,0.205
9/22/2016,1.25,0.2881,1.9339,1.3827,0.17
9/23/2016,-3.2289,-0.1077,-0.8757,-0.393,0.17
9/26/2016,2.3553,-0.4673,-0.8245,-1.4621,0.185
9/27/2016,-2.6846,0.2167,-0.2078,-1.4602,0.256
9/28/2016,4.9261,4.3969,3.6596,0.3824,0.276
9/29/2016,2.0657,-0.5063,0.6315,5.8571,0.256
9/30/2016,0.552,0.9484,0.2852,-0.2699,0.276
10/3/2016,1.5554,-0.2635,0.8817,0.8345,0.302
10/4/2016,-0.0901,-0.919,0.592,2.4379,0.323
10/5/2016,2.3445,0.8696,0.9809,0.786,0.323
10/6/2016,1.4097,0.046,-0.222,-0.5849,0.323
10/7/2016,-1.5639,-0.3447,0.612,0.1743,0.318
10/10/2016,3.0009,1.9599,1.3824,2.2623,0.318
10/11/2016,-0.7712,-0.7915,-2.4271,-1.3189,0.333
10/12/2016,-1.2953,-0.6952,0.0279,-0.3665,0.342
10/13/2016,0.5249,-0.6542,-0.3073,-0.8438,0.287
10/14/2016,-0.4352,-0.0231,0.4484,0.8073,0.292
10/17/2016,-0.6119,0,-0.9487,-1.4286,0.302
10/18/2016,0.7036,0.2658,1.3521,1.1419,0.337
10/19/2016,1.8341,0.461,0.1946,1.0638,0.332
10/20/2016,-1.9726,0.0459,0,-0.0644,0.332
10/21/2016,0.4374,-0.6765,0.5548,0.2365,0.327
10/24/2016,-0.4355,0.3348,-1.0483,-0.3431,0.322
10/25/2016,-1.6623,-0.2186,0.4739,0.0646,0.332
10/26/2016,-1.3345,0.4267,-0.5272,-1.1613,0.327
10/27/2016,1.0821,-0.1952,0.4184,1.0226,0.287
10/28/2016,-1.7841,-2.462,-0.8889,-0.84,0.282
10/31/2016,-4.3597,-1.7221,-0.3643,-1.3467,0.302
11/1/2016,0.3799,0.3961,-4.0506,2.9282,0.354
11/2/2016,-2.7436,-0.2391,-0.2932,-2.6096,0.364
11/3/2016,-1.9455,0.2516,-0.4999,0.4612,0.369
11/4/2016,-0.9921,-0.1076,-0.8865,-0.6559,0.369
11/7/2016,1.8036,2.2496,1.4311,1.7826,0.405
11/8/2016,-0.5906,0.7139,0.1764,1.1892,0.419
11/9/2016,1.7822,1.1019,1.0753,0.8974,0.429
11/10/2016,-2.3346,0.9275,0.2955,1.3619,0.469
11/11/2016,-2.6892,-1.5853,-2.2392,-3.5745,0.469
11/14/2016,1.0235,-0.4552,-0.6028,-0.9267,0.515
11/15/2016,4.7619,1.8058,1.9102,2.6949,0.485
11/16/2016,-1.0638,-1.2324,-0.9223,0.1084,0.459
11/17/2016,-0.9775,-0.6064,0.6006,1.0832,0.429
11/18/2016,1.8756,0.0587,0.4179,-0.7501,0.434
11/21/2016,4.3605,1.4189,2.2592,2.2673,0.434
11/22/2016,-1.2999,0.2197,0.407,0.2956,0.485
11/23/2016,0.3763,0.2769,-0.4053,0.1895,0.495
11/24/2016,0.3763,0.2769,-0.4053,0.2732,0.495
11/25/2016,-3.1865,0.2301,-0.3779,-0.8801,0.495
11/28/2016,1.0649,-0.7461,-1.6049,-1.1205,0.464
11/29/2016,-3.6398,-0.6592,-0.5931,-1.5181,0.48
11/30/2016,8.6481,1.6298,4.4451,4.1251,0.48
12/1/2016,3.6597,-0.0687,1.0854,2.4187,0.469
12/2/2016,1.3239,-0.2293,0.2543,-0.8347,0.464
12/5/2016,-1.1324,0.5055,0,0.1232,0.464
12/6/2016,-0.5286,0.0914,0.2537,-0.2461,0.49
12/7/2016,-1.7715,0.5825,0.8996,1.0689,0.5
12/8/2016,1.9838,0.2839,0.8359,0.5898,0.505
12/9/2016,1.1494,0.7699,-0.4974,0.8896,0.536
12/12/2016,1.5734,2.2247,1.3885,1.523,0.505
12/13/2016,0.9466,1.7586,0.7669,0.3948,0.536
12/14/2016,-3.4953,-2.1603,-2.093,0.1966,0.536
12/15/2016,0.3534,0.3422,-0.472,0.9419,0.5
12/16/2016,1.6725,0.3191,2.0642,0.8554,0.495
12/19/2016,-0.4329,-0.8335,-0.082,0.1735,0.49
12/20/2016,1.0435,0.0111,-0.1094,1.0775,0.51
12/21/2016,-1.5491,-0.1659,0.7119,-0.9328,0.505
12/22/2016,0.1748,0.6535,0.3535,-0.0769,0.505
12/23/2016,0.8726,-0.1761,0.298,-0.3077,0.51
12/26/2016,0.8726,-0.1761,0.298,-0.3077,0.51
12/27/2016,1.4706,0.0441,0.2431,0.463,0.515
12/28/2016,0.1705,-0.4959,0.3773,0.7873,0.51
12/29/2016,-0.2553,0.0554,0.4027,-0.2286,0.449
12/30/2016,0,-0.0996,-0.0535,-0.7638,0.5
1/2/2017,0,-0.0996,-0.0535,0.9044,0.5
1/3/2017,-2.3891,0.698,1.6586,1.2014,0.49
1/4/2017,1.2238,-1.1002,0.7632,0.4899,0.53
1/5/2017,1.0363,-1.4907,0.7313,-0.5063,0.515
1/6/2017,-0.1709,-0.0565,-1.7112,-0.3958,0.515
1/9/2017,-3.1678,-1.6497,-1.5827,-1.7219,0.5
1/10/2017,-2.122,-1.2753,-0.536,-0.2888,0.51
1/11/2017,2.71,1.0241,1.1857,1.3516,0.51
1/12/2017,1.4952,-0.5414,0.5593,-0.3048,0.515
1/13/2017,-1.1265,0.0116,-0.2648,0.0764,0.525
1/16/2017,-1.1265,0.0116,-0.2648,-0.8402,0.525
1/17/2017,0.1753,1.1697,-0.5842,-0.1733,0.525
1/18/2017,-2.3622,-1.2363,-0.9081,-0.2315,0.525
1/19/2017,0.0896,-1.7965,-0.5391,-1.0054,0.505
1/20/2017,1.9696,1.3691,-0.1626,0.3906,0.5
1/23/2017,-0.6146,-1.0711,-0.5972,-0.6615,0.49
1/24/2017,0.4417,0.1412,0.7919,0.2938,0.505
1/25/2017,-0.5277,0.2938,0.3251,1.0154,0.495
1/26/2017,1.9452,0.3047,-0.7831,-0.29,0.5
1/27/2017,-1.1275,-0.1051,-0.4355,-0.4071,0.51
1/30/2017,-1.0526,-0.7601,-1.6949,-1.9272,0.505
1/31/2017,0.3546,-1.1431,0.0556,-0.5955,0.515
2/1/2017,1.4134,-1.1324,0.0278,0.2995,0.505
2/2/2017,0.2613,0.6149,-0.5557,0.2787,0.5
2/3/2017,0.2606,0.1078,0.3632,1.1118,0.5
2/6/2017,-1.3865,-0.2753,-0.2784,-0.7658,0.52
2/7/2017,-1.6696,-0.6482,-4.0201,-0.554,0.52
2/8/2017,0.3575,-0.6524,0.1454,-1.154,0.536
2/9/2017,1.0686,0.4418,0.029,1.409,0.541
2/10/2017,1.3216,0.8309,0.2613,1.1116,0.536
2/13/2017,-1.5652,0.5817,0.3765,0.7263,0.536
2/14/2017,0.53,-0.2169,-0.2308,-0.039,0.541
2/15/2017,-0.1757,0.4105,-0.5205,-0.3314,0.536
2/16/2017,0.4401,-1.0342,-0.355,-0.9148,0.52
2/17/2017,-0.1753,-0.6561,-0.772,-1.4065,0.515
2/20/2017,-0.1753,-0.6561,-0.772,-0.4483,0.515
2/21/2017,1.3169,0.159,1.2268,1.6172,0.515
2/22/2017,-1.5598,-1.1723,-1.2415,-0.6044,0.515
2/23/2017,1.4965,1.0503,1.3469,0.3243,0.51
2/24/2017,-0.6071,-0.856,-1.0632,-0.9091,0.505
2/27/2017,0.0873,0.5673,1.4328,-0.5097,0.505
2/28/2017,-0.1744,-0.2698,-0.1766,-0.082,0.607
3/1/2017,-0.4367,2.0905,0.9139,1.6407,0.622
3/2/2017,-2.0175,0.3373,-0.3214,0.4439,0.663
3/3/2017,1.0743,-1.0084,-0.0879,-0.1004,0.701
3/6/2017,-0.0886,0.4487,-0.352,-0.2212,0.724
3/7/2017,-0.0887,-0.3743,-0.2944,-0.0202,0.744
3/8/2017,-5.3239,-1.8056,-1.6534,-1.0683,0.719
3/9/2017,-1.3121,0.7898,0.5704,-2.1394,0.729
3/10/2017,-2.2792,-0.0735,2.4776,0.6246,0.744
3/13/2017,-0.0972,-0.2328,-0.7574,0.8897,0.744
3/14/2017,-0.8755,-0.5281,-1.8785,-1.6202,0.764
3/15/2017,1.8646,1.2471,1.047,0.7088,0.724
3/16/2017,-0.1927,0.0854,0.7105,1.1799,0.724
3/17/2017,-0.2896,-0.0853,0.7643,0.4501,0.729
3/20/2017,-0.5276,0,-0.2625,-0.7739,0.729
3/21/2017,-1.6106,-0.2073,0.1462,0.3284,0.759
3/22/2017,0.0989,-0.0855,-0.7301,-0.3682,0.764
3/23/2017,-1.087,0.1223,0.2059,0.2464,0.764
3/24/2017,0.7992,-0.7696,-0.8221,-1.0242,0.764
3/27/2017,-0.4955,0.0246,-0.0888,-0.4139,0.775
3/28/2017,1.0956,0.7262,0.5037,1.4339,0.775
3/29/2017,2.1675,0.2199,1.5035,1.1268,0.775
3/30/2017,1.9286,2.0483,0.2614,0.4862,0.759
3/31/2017,0.6623,-2.0191,0,-0.746,0.754
4/3/2017,-0.8459,0.0732,-0.3476,-0.9953,0.759
4/4/2017,1.5166,0.3655,1.1337,0.7386,0.775
4/5/2017,-0.2801,0.1942,-0.5749,1.0387,0.8
4/6/2017,1.6854,0.5816,0.4047,0.383,0.805
4/7/2017,0.9208,-0.3012,0.3455,1.0843,0.815
4/10/2017,1.6423,0.4471,0.6887,0,0.805
4/11/2017,0.2693,-0.3489,0.7979,0.0795,0.81
4/12/2017,-0.5372,0.1569,0.2262,-0.1588,0.805
4/13/2017,0.18,-1.5427,-1.2976,-1.173,0.805
4/14/2017,0.18,-1.5427,-1.2976,-1.173,0.805
4/17/2017,-0.6289,-0.1347,0.1143,-1.173,0.805
4/18/2017,-0.1808,-0.6497,-1.0277,-1.4082,0.805
4/19/2017,-3.8043,-0.6909,-1.5287,-1.816,0.8
4/20/2017,-0.7533,0.646,0.0293,-0.4572,0.79
4/21/2017,-2.0873,-0.395,-0.4392,-0.1253,0.775
4/24/2017,-0.6783,0.5205,1.3235,0.5644,0.79
4/25/2017,1.0732,0.7644,0.6096,0.1871,0.815
4/26/2017,-0.9653,-0.4038,0,0.7261,0.813
4/27/2017,-0.1949,-0.172,-0.7501,-1.2976,0.8
4/28/2017,0,0.4799,-0.2326,-0.3339,0.795
5/1/2017,-0.8789,0.5021,0,-0.3339,0.805
5/2/2017,-2.266,-0.0122,1.2529,0.1256,0.846
5/3/2017,0.1008,0.7922,-0.1727,0.1464,0.866
5/4/2017,-4.7331,-1.2817,-1.0666,0.167,0.876
5/5/2017,2.1142,0.4655,2.8555,2.0638,0.886
5/8/2017,0.1035,1.0607,0.3683,1.0212,0.892
5/9/2017,-1.0341,-0.6997,-0.2258,0.7683,0.897
5/10/2017,3.0303,0.4495,0.7355,1.244,0.892
5/11/2017,0.8114,0.8546,0.5713,0.3369,0.876
5/12/2017,0.1006,-0.0726,0.5112,0.0198,0.871
5/15/2017,2.2111,0.3028,0.9042,0.2962,0.876
5/16/2017,-0.59,-0.3019,1.4842,-0.1969,0.904
5/17/2017,0.7913,-0.6784,-0.1932,0.2762,0.892
5/18/2017,0.6869,-0.2927,0.94,-1.1708,0.912
5/19/2017,2.1442,0.2202,1.1778,0.0607,0.907
5/22/2017,0.5725,0.4394,0.0541,-0.7689,0.897
5/23/2017,0.9488,0.3524,-0.0812,0.102,0.907
5/24/2017,-0.3759,-0.3512,-0.0812,0.2241,0.925
5/25/2017,-5.283,-0.6562,-1.355,-0.5894,0.922
5/26/2017,2.3904,-0.2446,0.0275,-0.6747,0.927
5/29/2017,2.3904,-0.2446,0.0275,0.3911,0.927
5/30/2017,-0.3891,-0.5518,-0.3845,-0.0205,0.932
5/31/2017,-2.7344,-0.7398,-0.3309,-0.9434,0.973
6/1/2017,-0.502,0.2484,0.249,0.6418,0.973
6/2/2017,-0.5045,-1.487,-0.9106,-1.7692,0.973
6/5/2017,-0.6085,0.7799,0.4734,0.5026,0.973
6/6/2017,1.7347,1.3605,0.4435,-0.2084,0.973
6/7/2017,-5.1153,-0.3694,-2.2627,-0.5847,0.988
6/8/2017,-0.3171,-0.3584,-0.0282,-0.147,0.994
6/9/2017,0.6363,1.873,1.1861,0.7993,0.999
6/12/2017,0.3161,0.9741,-0.0558,0.6052,0.998
6/13/2017,0.8403,0.0362,0.6144,0.4356,0.999
6/14/2017,-3.8542,-1.0728,-1.8318,-1.5903,1.004
6/15/2017,-0.5417,0.2315,-0.3675,-0.021,1.004
6/16/2017,0.6536,1.4953,2.1566,1.4274,1.004
6/19/2017,-1.2987,-0.8744,0.1111,0.6209,1.004
6/20/2017,-1.864,-0.5437,-2.9412,-2.3036,1.014
6/21/2017,-2.6816,-1.057,-0.9434,-1.0526,0.983
6/22/2017,0.8037,-0.442,-0.1443,0.0638,0.95
6/23/2017,0.9112,0.6537,0.6936,0.1276,0.955
6/26/2017,0.7901,-0.4534,0.1148,-0.1274,0.953
6/27/2017,1.9037,-0.16,0.7741,0.5316,1.004
6/28/2017,1.0989,0.5178,0.3414,0.1058,1.004
6/29/2017,0.1087,-1.018,-1.1625,-0.8663,1.024
6/30/2017,3.1488,0.0372,-0.6024,-0.9591,1.014
7/3/2017,1.2632,1.697,1.0678,1.7215,1.026
7/4/2017,1.2632,1.697,1.0678,0.1269,1.026
7/5/2017,-3.8462,-1.5225,-1.7133,-1.0353,1.044
7/6/2017,0.6486,-0.9029,0.0581,-0.1494,1.034
7/7/2017,-2.2556,0.1248,-0.2323,-0.9835,1.032
7/10/2017,0.3297,-0.0748,-0.0873,0.0216,1.029
7/11/2017,1.5334,0.5489,0.0874,-0.3454,1.039
7/12/2017,0.6472,0.4467,1.4843,1.7331,1.044
7/13/2017,1.5005,0.0124,-0.4302,0,1.034
7/14/2017,1.2672,0.3829,0.6624,-0.0639,1.034
7/17/2017,-1.4599,-0.5167,-0.0858,0.1705,1.039
7/18/2017,0.9524,-0.3215,-0.2577,-0.9147,1.055
7/19/2017,1.5723,0.3102,0.5742,0.4294,1.106
7/20/2017,-0.8256,0.0124,0.1998,0.2138,1.141
7/21/2017,-2.8096,-0.9152,-1.1966,-0.8319,1.162
7/24/2017,1.7131,-0.312,-0.6344,-0.5808,1.172
7/25/2017,3.2632,0.5008,1.2768,1.1467,1.159
7/26/2017,1.5291,0.1246,-0.1719,0.4492,1.116
7/27/2017,1.004,0.5724,0.4305,0.4685,1.098
7/28/2017,1.0934,-1.5217,0.4859,0.4663,1.08
7/31/2017,1.0816,0.5528,-0.0569,0.9072,1.075
8/1/2017,-1.8482,0.1624,3.2157,0.2718,1.07
8/2/2017,0.4955,0.5364,0.3584,0.6672,1.07
8/3/2017,-1.1834,-0.1365,-0.7143,-0.0207,1.078
8/4/2017,1.0978,-0.3479,0.5257,0.5594,1.075
8/7/2017,-0.2962,-0.0623,1.1561,0.206,1.054
8/8/2017,-0.396,-0.2495,-0.5714,0.699,1.053
8/9/2017,0.8946,0.3127,0.6021,0.0817,1.049
8/10/2017,-2.3645,-0.586,-1.9082,-0.6333,1.035
8/11/2017,0.8073,-0.9624,-1.4942,-1.7324,1.035
8/14/2017,-2.7027,0.0256,-0.7441,0.1487,1.025
8/15/2017,0.3086,-0.2429,-0.3172,-0.8696,1.023
8/16/2017,-1.8462,-0.7304,-0.81,0.2995,1.01
8/17/2017,0.5225,-1.5619,-0.5541,-0.256,1.001
8/18/2017,3.6383,0.4983,0.176,-0.7699,1.006
8/21/2017,-2.6078,-0.3392,-0.4684,-0.3448,0.981
8/22/2017,0.6179,0.4713,0.4412,0.8651,1.003
8/23/2017,1.1259,-0.1694,0.2635,-0.2358,0.999
8/24/2017,-1.7206,-0.3655,-0.1752,-0.0215,1.016
8/25/2017,0.4119,0.5109,1.0532,0.2794,1.011
8/28/2017,-2.2564,-0.3259,-0.2027,-0.5145,1.025
8/29/2017,-0.7345,-0.0262,-0.2901,-0.9912,1.018
8/30/2017,-0.8457,-0.4578,0,0.7617,1.017
8/31/2017,2.6652,0.3022,1.0474,-0.0216,0.994
9/1/2017,0.4154,0.3144,0.1152,0.5617,1.007
9/4/2017,0.4154,0.3144,0.1152,-0.3222,1.007
9/5/2017,2.5853,0.7967,0.5177,0.8621,1.008
9/6/2017,1.2097,2.0731,1.0587,0.2564,1.06
9/7/2017,-0.0996,0.3173,0.5096,0.5541,1.044
9/8/2017,-2.991,-0.2657,-0.507,-0.212,1.042
9/11/2017,0.925,0.5455,0.6795,0.6372,1.039
9/12/2017,0.5092,0.3155,0.5343,0.4221,1.036
9/13/2017,2.0263,0.3396,0.6713,0.9037,1.039
9/14/2017,0.5958,0.4012,0.9447,0.979,1.046
9/15/2017,0.691,-0.025,0.6881,-1.0107,1.031
9/18/2017,-0.2941,0.025,0.1914,0.0834,1.017
9/19/2017,-0.59,0.1623,0.8186,0.6038,1.035
9/20/2017,1.2859,0.4114,0.7578,1.1796,1.035
9/21/2017,0.0977,-0.8194,1.2624,0.9409,1.035
9/22/2017,-0.0976,0.0376,0.3183,0.6282,1.025
9/25/2017,3.0273,1.3263,1.1105,1.3894,1.013
9/26/2017,-0.5687,-0.1111,-0.9676,0.993,1.057
9/27/2017,0.286,0.6676,0.3961,0,1.053
9/28/2017,-0.8555,0.9333,1.0521,0.7276,1.053
9/29/2017,0,-0.2555,0.026,-0.1562,1.049
10/2/2017,-2.1093,-0.4269,-0.1041,0.176,1.027
10/3/2017,-0.2938,0.1593,0.8075,1.2883,1.053
10/4/2017,-0.9823,0.0367,-0.1292,-0.4047,1.064
10/5/2017,1.6865,0.2812,-0.1035,0.6192,1.064
10/6/2017,-2.7317,-0.378,-0.9065,-1.2308,1.065
10/9/2017,0.3009,0.3916,0.5227,0.331,1.065
10/10/2017,2.8,0.2804,0.91,0.2135,1.077
10/11/2017,0.7782,0.4133,0.1031,0.0387,1.09
10/12/2017,-1.2548,-0.2058,0.4118,-0.6581,1.075
10/13/2017,1.3685,-0.0243,0.2307,0.5846,1.07
10/16/2017,0.8679,0.4854,0.2302,0.1937,1.07
10/17/2017,0.2868,0.1811,-1.2758,-0.3867,1.094
10/18/2017,-0.0953,-0.2411,0.0775,0.2523,1.09
10/19/2017,-1.2405,-0.0242,0.0775,-0.0968,1.089
10/20/2017,0.7729,0.4472,0,0.5233,1.104
10/23/2017,-0.0959,0.1564,0.1032,0.3277,1.091
10/24/2017,1.1516,0.2763,0.5414,0.538,1.113
10/25/2017,-0.5693,-0.3594,-0.5385,-0.5925,1.103
10/26/2017,0.8588,0.3607,-0.3609,0.173,1.102
10/27/2017,2.5544,0.2875,1.1643,1.4779,1.098
10/30/2017,0.2768,-0.2031,1.3299,0.9835,1.098
10/31/2017,0.552,-0.2274,2.6502,1.0114,1.132
11/1/2017,-0.2745,0.6239,0.2213,0.1298,1.162
11/2/2017,0.8257,-0.4054,-0.2208,1.1852,1.163
11/3/2017,1.7288,-0.419,-0.2705,0.7138,1.172
11/6/2017,2.9517,0.6853,2.0957,1.4538,1.181
11/7/2017,-0.1738,-0.203,0.169,-0.0716,1.205
11/8/2017,-0.6963,-0.1316,-0.1929,-0.0538,1.227
11/9/2017,0.4382,0.599,-0.1932,-0.5201,1.228
11/10/2017,-0.349,-0.3096,-1.0314,-1.0817,1.223
11/13/2017,-0.3503,-0.0603,-1.0422,-0.0364,1.213
11/14/2017,-2.1968,-0.7842,-0.677,-0.9298,1.242
11/15/2017,-0.3594,-1.2524,-1.3128,-1.3066,1.242
11/16/2017,-0.1803,-0.8004,-0.8186,-0.8793,1.26
11/17/2017,2.5294,-0.3972,0.8254,0.2101,1.262
11/20/2017,-0.6167,0.3863,-0.2302,0.4002,1.264
11/21/2017,1.0638,0.3973,0.3333,-0.1139,1.278
11/22/2017,1.7544,0.2844,1.6611,0,1.287
11/23/2017,1.7544,0.2844,1.6611,0.019,1.287
11/24/2017,1.6379,0.3946,0.6787,-0.437,1.266
11/27/2017,-1.6964,-0.3807,-1.3483,-0.8397,1.247
11/28/2017,-0.0863,0.6904,0.9871,3.3872,1.279
11/29/2017,-0.9499,0.7347,-0.4762,0.0558,1.289
11/30/2017,0,1.2398,0.9066,-0.2419,1.26
12/1/2017,1.7437,0.2041,-0.2995,0.1678,1.262
12/4/2017,-1.5424,0.1318,-0.1001,0.8751,1.272
12/5/2017,0.4352,-0.8137,-0.451,-0.0738,1.297
12/6/2017,-2.9463,-0.7359,-0.3775,-0.4802,1.285
12/7/2017,1.1607,0.3281,-0.6822,-0.7238,1.283
12/8/2017,1.4122,0.1333,0.8395,0.673,1.275
12/11/2017,0.9574,0.4476,0.7316,0.6685,1.289
12/12/2017,-1.3793,-0.3252,1.8282,1.9369,1.328
12/13/2017,-0.9615,0.435,-0.0246,-0.7239,1.299
12/14/2017,0.8826,-0.2647,-0.0492,-0.1094,1.306
12/15/2017,0.2625,0.1568,-0.8614,1.0036,1.317
12/18/2017,-0.1745,-0.1084,1.3903,-0.3071,1.341
12/19/2017,0.6119,-0.6028,-0.4897,-0.7249,1.367
12/20/2017,0.8688,0.5216,0.7628,-0.2738,1.376
12/21/2017,0.2584,1.1826,1.7827,1.6474,1.345
12/22/2017,0.1718,0.1431,-0.9357,0.1801,1.326
12/25/2017,0.1718,0.1431,-0.9357,0.1801,1.326
12/26/2017,2.4871,0.0119,0.9688,0.1801,1.335
12/27/2017,-0.251,-0.0953,0.072,0.1258,1.436
12/28/2017,0.4195,0.143,0.3595,-0.2693,1.38
12/29/2017,0.3342,-0.4523,0.3821,0.036,1.382
1/1/2018,0.3342,-0.4523,0.3821,0.036,1.382
1/2/2018,0.4996,1.6619,0.8327,0.7018,1.394
1/3/2018,2.237,1.964,1.1562,1.1973,1.395
1/4/2018,0.2431,0.1384,0.3965,0.8299,1.4
1/5/2018,-0.485,-0.0806,0.1394,0.0876,1.399
1/8/2018,0.5686,0.4496,-0.0464,0.4374,1.41
1/9/2018,1.5347,-0.4246,-0.4875,0.5401,1.428
1/10/2018,0.8751,-0.7952,0.07,0.2946,1.422
1/11/2018,0.1577,0.9875,0.8625,0.2764,1.43
1/12/2018,1.3386,0.6787,1.4791,0.379,1.441
1/15/2018,1.3386,0.6787,1.4791,-0.5321,1.441
1/16/2018,-0.8547,-0.6284,-3.3022,-0.7765,1.422
1/17/2018,0.1567,1.1843,0.9892,-0.5739,1.442
1/18/2018,-0.1565,-0.6477,0.0466,0.2799,1.43
1/19/2018,-0.3135,-0.3203,-1.1655,-0.4884,1.431
1/22/2018,0.4717,1.2622,2.3349,1.0167,1.42
1/23/2018,1.4867,0.0567,-0.3457,0.3644,1.437
1/24/2018,1.9275,0.2605,1.6189,-0.3285,1.432
1/25/2018,-1.2103,-0.1807,-0.4552,-0.1735,1.421
1/26/2018,1.3783,0.7129,0.16,-0.1043,1.418
1/29/2018,-0.9819,-1.1124,-1.05,0.1392,1.408
1/30/2018,-1.6018,-1.3976,-1.2457,-1.4244,1.446
1/31/2018,0.6202,0.5992,-0.0467,-0.4934,1.459
2/1/2018,2.0031,2.0275,1.3321,-2.2313,1.483
2/2/2018,-1.5106,-5.0971,-5.0738,-1.0143,1.479
2/5/2018,-2.0706,-5.6903,-3.3528,-1.6102,1.484
2/6/2018,-0.5482,-1.7185,1.9859,-3.4592,1.519
2/7/2018,-2.5984,-1.7996,-1.405,2.6007,1.545
2/8/2018,-2.2635,-1.1308,-1.125,-1.6335,1.544
2/9/2018,-1.9024,0.631,-1.1125,-2.3478,1.56
2/12/2018,0.253,0.8446,1.9432,1.5246,1.576
2/13/2018,-0.1682,-0.157,-0.4515,-0.0578,1.589
2/14/2018,2.6116,0.2097,1.7133,-0.1348,1.576
2/15/2018,1.2315,-0.327,0.1734,0.5665,1.593
2/16/2018,0.4055,0.433,-0.5522,0.545,1.594
2/19/2018,0.4055,0.433,-0.5522,-0.1742,1.594
2/20/2018,0.0808,-1.0321,-0.2524,0.1551,1.6
2/21/2018,-0.8071,-1.1353,-1.7206,-0.2904,1.644
2/22/2018,2.441,1.2952,1.0556,0.0777,1.636
2/23/2018,1.4297,2.2014,2.1656,0.2522,1.641
2/26/2018,0.7048,1.6897,0.4738,0.6387,1.641
2/27/2018,-1.633,-1.6996,-1.9608,1.3462,1.663
2/28/2018,-2.2134,-2.271,-1.6203,-0.5313,1.656
3/1/2018,-0.1617,-0.713,0.2059,-0.8012,1.616
3/2/2018,0.1619,0.4654,-0.6163,-2.4231,1.644
3/5/2018,1.7785,0.953,1.1886,1.084,1.66
3/6/2018,-0.1589,-0.118,0.9959,0.6629,1.67
3/7/2018,-1.7502,-2.5203,-0.6068,-0.6585,1.679
3/8/2018,-1.6194,-0.1885,0.3816,-0.156,1.657
3/9/2018,2.6337,0.5936,0.5068,0.2734,1.664
3/12/2018,-0.8019,0.912,0.4791,-0.1558,1.678
3/13/2018,-1.0509,-0.9436,-0.7528,-0.8192,1.715
3/14/2018,0.3268,-1.2478,-1.7193,-0.8653,1.753
3/15/2018,0.4886,1.1141,0.4116,-0.6348,1.765
3/16/2018,1.7018,0.9406,1.153,0.8585,1.773
3/19/2018,0,-1.2913,-1.849,-1.2074,1.759
3/20/2018,2.0717,-0.2158,0.7484,1.3625,1.791
3/21/2018,2.8884,1.4191,2.792,1.6406,1.746
3/22/2018,-1.7451,-2.0522,-2.7411,-0.8363,1.716
3/23/2018,2.5483,-0.8299,0.2306,-0.1765,1.721
3/26/2018,-0.5271,1.5228,3.3231,0.3733,1.743
3/27/2018,-0.9841,-0.4054,-1.1133,1.9769,1.759
3/28/2018,-0.3058,-1.2076,-0.9257,-1.1132,1.722
3/29/2018,0.3834,2.4722,2.3737,0.097,1.706
3/30/2018,0.3834,2.4722,2.3737,0.097,1.706
4/2/2018,-2.6738,-1.863,-1.554,0.097,1.719
4/3/2018,0.5495,2.4583,2.0045,0.3878,1.744
4/4/2018,0.0781,-0.1999,0.786,0.5988,1.698
4/5/2018,0.078,1.536,2.1691,3.5138,1.708
4/6/2018,-2.4942,-1.5128,-0.3817,0.0556,1.712
4/9/2018,2.0783,0,-0.2395,0.0927,1.713
4/10/2018,3.7588,2.9384,2.6884,2.2041,1.723
4/11/2018,1.5094,0.4671,0.6545,0.5256,1.723
4/12/2018,0.5204,-0.2712,0,-0.4507,1.746
4/13/2018,0.2219,0.8029,-0.2322,0.4165,1.752
4/16/2018,-1.2546,0.8993,-0.5587,-0.4869,1.742
4/17/2018,0.2242,-0.2674,-0.1639,0.888,1.785
4/18/2018,3.5048,1.1362,2.0633,1.9939,1.812
4/19/2018,-0.7925,0.2525,0.3216,1.4618,1.814
4/20/2018,-0.1452,-0.5288,-0.3893,-0.1389,1.805
4/23/2018,1.2364,0.7215,0.9425,0.7822,1.82
4/24/2018,-1.7241,-1.5332,0.7515,1.1728,1.853
4/25/2018,0.2924,1.4678,-0.1582,-0.8012,1.847
4/26/2018,0.3644,1.7107,1.5395,-0.5327,1.813
4/27/2018,-0.2905,-3.7967,-1.4047,0.0518,1.807
4/30/2018,0.5098,-0.0514,0.8367,0.1899,1.802
5/1/2018,-1.3768,-1.0289,0.471,0.1899,1.839
5/2/2018,0.4409,-0.1949,-0.2232,-0.3619,1.826
5/3/2018,1.0973,-0.3385,0.0671,0.1384,1.827
5/4/2018,1.9537,0.4703,1.3637,1.1919,1.83
5/7/2018,0.071,1.0923,0.7719,1.0072,1.829
5/8/2018,-0.2837,0.4502,-0.7879,-1.4872,1.859
5/9/2018,2.2048,2.3563,3.1988,3.4826,1.882
5/10/2018,0.2784,2.2395,-0.6413,0.4629,1.888
5/11/2018,-1.1103,0.465,-0.109,0.8527,1.902
5/14/2018,0.9123,0.6767,1.2437,0.1989,1.898
5/15/2018,0.1391,-0.0489,0.8405,1.3236,1.906
5/16/2018,0.4167,0.2812,-0.171,0.098,1.902
5/17/2018,0.2075,-0.1707,1.0276,1.925,1.902
5/18/2018,-0.4141,-0.7084,0.4026,-0.4962,1.891
5/21/2018,1.6632,1.2054,0.8653,0.8525,1.903
5/22/2018,-0.7498,-0.7778,-1.4647,-0.4147,1.927
5/23/2018,-0.3434,0.6247,-1.3591,-3.2351,1.909
5/24/2018,-1.5162,-2.2885,-1.507,-1.8868,1.897
5/25/2018,-4.2687,-1.9434,-3.0601,-1.5013,1.892
5/28/2018,-4.2687,-1.9434,-3.0601,-0.3425,1.892
5/29/2018,-1.2427,-0.3684,0.4284,0.653,1.881
5/30/2018,2.3686,3.9276,2.6269,1.9293,1.918
5/31/2018,-2.0246,-0.319,0.2406,-0.5528,1.9
6/1/2018,-2.214,0.7262,0.2182,0.8927,1.907
6/4/2018,-0.9811,-1.051,0.0871,-0.3339,1.906
6/5/2018,0.7622,-0.3582,0.718,-0.737,1.938
6/6/2018,-0.4539,1.7105,-0.0216,-0.6412,1.937
6/7/2018,1.4438,0.9993,1.9879,1.2228,1.928
6/8/2018,-0.5993,0.8687,-0.339,-0.3691,1.915
6/11/2018,0.6782,-0.5981,0.1701,0.5557,1.903
6/12/2018,0.2994,-0.8183,-2.1222,-1.2561,1.919
6/13/2018,0.5224,-1.1041,-0.2385,-1.2042,1.925
6/14/2018,0.3712,0.4662,0.9346,2.5579,1.927
6/15/2018,-3.4763,-1.502,-2.8208,-3.3144,1.924
6/18/2018,1.8391,0.1984,0.4875,1.1427,1.924
6/19/2018,-1.1287,-0.1485,-0.441,-0.2568,1.928
6/20/2018,1.0654,-0.3098,-0.8638,-0.532,1.928
6/21/2018,0.2259,-0.9447,-1.3405,-0.5694,1.93
6/22/2018,5.3343,2.1207,3.6685,3.3142,1.912
6/25/2018,-1.7832,-2.0152,-3.3639,-3.0904,1.89
6/26/2018,3.6311,1.1287,1.4693,1.1612,1.92
6/27/2018,2.6629,1.3269,1.2252,2.5013,1.922
6/28/2018,1.4334,0.3182,0.5062,0.1003,1.916
6/29/2018,1.3459,0.9272,-0.0219,-0.5844,1.917
7/2/2018,-0.664,-1.1725,-1.0074,-1.2429,1.93
7/3/2018,-0.2674,0.5871,1.5487,0.5102,1.966
7/4/2018,-0.2674,0.5871,1.5487,-0.22,1.966
7/5/2018,-0.9383,0.0851,0.2179,0.4409,1.948
7/6/2018,1.2179,0.0243,-0.1304,-0.0507,1.946
7/9/2018,0.4679,0.6923,1.4367,1.4865,1.956
7/10/2018,0.2661,0.9168,0.9657,1.4647,1.972
7/11/2018,-5.0431,-1.279,-4.0595,-2.231,1.957
7/12/2018,0.559,0.1211,0.4652,-0.0336,1.965
7/13/2018,0.5559,0.7498,0.0441,0.6042,1.971
7/16/2018,-3.6628,-0.9843,-1.6531,-2.1355,1.981
7/17/2018,0.0717,-0.2182,-0.4258,0.375,2.009
7/18/2018,1.0753,-0.1093,-0.4051,0.1189,2
7/19/2018,0.2128,-0.2554,0.4294,1.1366,1.987
7/20/2018,0.1415,-0.7438,0.225,-0.1845,1.974
7/23/2018,-0.424,0,-0.6511,0.1008,1.959
7/24/2018,0.9936,1.9779,1.2881,0.7722,1.988
7/25/2018,1.3352,0.6987,0.4909,-0.1999,1.995
7/26/2018,0.3467,0.7776,-1.1323,-2.8877,1.985
7/27/2018,-1.0366,-2.754,-0.0449,0.7047,1.985
7/30/2018,1.5363,-0.2197,-0.2247,-0.3584,1.985
7/31/2018,-1.7882,-0.2814,1.5312,0.5139,2.023
8/1/2018,-1.3305,-1.3741,-1.242,-1.4656,2.02
8/2/2018,1.9163,-0.5971,-1.7067,-1.5047,2.005
8/3/2018,-0.6267,0.3629,0.4569,0.4565,2.004
8/6/2018,0.2803,-0.0249,0.3639,0.3321,2.012
8/7/2018,0.3494,1.3594,1.337,0.9756,2.048
8/8/2018,-3.2033,-0.6645,-0.2013,-0.1208,2.051
8/9/2018,-0.1439,-0.5079,-1.0867,-0.0633,2.046
8/10/2018,1.4409,-0.0996,-1.2405,-0.6311,2.045
8/13/2018,-0.4972,-1.0829,-0.7211,-0.3881,2.041
8/14/2018,-0.1428,-0.3182,-0.164,-0.673,2.071
8/15/2018,-3.431,-1.7495,-2.5346,-1.9793,2.059
8/16/2018,0.8882,1.3777,0.4575,0.6003,2.049
8/17/2018,0.4402,0.3333,0.4554,-0.2532,2.035
8/20/2018,0.5113,0.7028,1.1215,0.7433,2.035
8/21/2018,0.5087,0.0254,0.1888,0.4859,2.069
8/22/2018,3.1815,1.4335,1.2247,0.6805,2.075
8/23/2018,0,-1.1006,-0.0931,0.0711,2.078
8/24/2018,1.1212,0.6829,1.1178,0.8354,2.093
8/27/2018,0.4851,0.9797,1.0364,-0.1586,2.1
8/28/2018,-0.4828,-0.1493,-1.3905,-0.4237,2.115
8/29/2018,1.5939,0.7225,0.3005,0.0355,2.121
8/30/2018,0.6139,-0.4328,0.4379,0.709,2.098
8/31/2018,-0.2712,-0.4223,-1.6062,-1.4784,2.098
9/3/2018,-0.2712,-0.4223,-1.6062,0.9646,2.098
9/4/2018,-0.8838,0.1497,-0.3731,-0.3892,2.112
9/5/2018,-0.6173,1.3327,0.1404,-1.1723,2.133
9/6/2018,-1.3112,-1.1062,-1.3324,-1.3659,2.128
9/7/2018,-0.1399,1.7027,-0.4264,-0.4373,2.135
9/10/2018,-0.4902,-0.1466,0.1428,-0.3477,2.127
9/11/2018,2.7445,1.4074,1.3305,1.2305,2.144
9/12/2018,1.2329,0.3259,1.0785,0.9797,2.139
9/13/2018,-1.9621,-0.9744,0.7191,-0.7546,2.138
9/14/2018,0.069,0.7289,-0.3685,0.3802,2.148
9/17/2018,-0.2069,0.5909,-0.0462,0.3246,2.151
9/18/2018,1.5204,0.2638,0.7401,1.492,2.165
9/19/2018,1.7018,1.1957,0.9642,0.3365,2.165
9/20/2018,-0.9371,0.2245,1.3415,0.0706,2.166
9/21/2018,1.0811,0.4126,0.2244,0.9525,2.167
9/24/2018,1.9385,1.679,1.2313,1.1707,2.168
9/25/2018,0.1311,-0.1155,2.4326,2.5216,2.21
9/26/2018,-1.0478,-0.8324,-0.1295,-0.5222,2.194
9/27/2018,0.9927,-0.0117,1.3186,-0.0508,2.187
9/28/2018,1.7038,-0.8744,-1.6428,0.2203,2.2
10/1/2018,2.7706,0.9292,1.4534,0.8284,2.201
10/2/2018,-0.5016,0.7575,0.0855,0.0503,2.211
10/3/2018,1.3233,-0.3585,0.3845,0.7541,2.22
10/4/2018,-2.1144,-0.6616,-0.4682,0.0333,2.217
10/5/2018,-0.3177,-0.2804,-0.5773,-1.6628,2.213
10/8/2018,-0.0637,0.9257,-1.4839,-0.9976,2.213
10/9/2018,0.8929,0.4412,0.4366,1.1785,2.237
10/10/2018,-2.7813,-2.3003,-1.8692,-0.9959,2.264
10/11/2018,-2.7958,-3.4548,-2.2591,-3.2396,2.261
10/12/2018,1.1371,-0.2696,0.9517,-0.6167,2.266
10/15/2018,0.0661,-0.6881,-0.1122,0.6738,2.278
10/16/2018,0.3966,0.4702,0.4494,0.4579,2.302
10/17/2018,-2.4358,0.3695,-0.783,-0.5259,2.307
10/18/2018,-1.7544,0.4294,-1.1048,-0.2996,2.307
10/19/2018,1.0989,0.1466,0.3192,1.0606,2.307
10/22/2018,0.1359,-1.0004,-1.9545,-1.067,2.305
10/23/2018,-4.749,-1.6143,-1.9471,-2.9173,2.329
10/24/2018,0.0712,-2.7806,-3.0969,-0.2914,2.331
10/25/2018,1.1388,0.8889,1.4638,-0.4201,2.327
10/26/2018,0.8445,-0.996,-1.1782,-0.3852,2.322
10/29/2018,-1.5352,-0.6191,-0.1703,0.4603,2.306
10/30/2018,-0.567,2.2453,2.8759,0.0733,2.325
10/31/2018,-1.7106,1.1424,2.7482,3.1502,2.328
11/1/2018,-2.393,1.2425,-1.6601,-1.9709,2.32
11/2/2018,-1.1144,1.5867,-2.4619,-0.8694,2.319
11/5/2018,-0.0751,-0.3783,2.4279,1.5348,2.315
11/6/2018,-0.9023,0.4287,0.1173,-0.4859,2.342
11/7/2018,-0.9105,1.2684,1.0549,0.7233,2.355
11/8/2018,-1.6845,-1.5898,-2.8416,-0.1616,2.352
11/9/2018,-1.0903,-0.0245,-0.0727,-0.4136,2.349
11/12/2018,-1.7323,-1.286,-0.8972,0.3431,2.349
11/13/2018,-6.3301,-2.2924,-2.5936,-1.3676,2.341
11/14/2018,2.2241,-0.7821,1.3062,-0.967,2.375
11/15/2018,0.251,1.0337,2.058,1.2726,2.358
11/16/2018,0.7513,0.9848,-0.7775,0.1108,2.349
11/19/2018,0.58,0.3293,0.1959,-0.6827,2.351
11/20/2018,-7.1664,-2.8402,-2.0039,-1.4676,2.382
11/21/2018,2.2183,0.7665,2.9177,1.8665,2.399
11/22/2018,2.2183,0.7665,2.9177,-0.4257,2.399
11/23/2018,-5.9896,-2.6689,-3.3438,-3.3457,2.4
11/26/2018,1.0157,1.9738,1.6044,2.6923,2.399
11/27/2018,0.0914,0.0909,-0.5181,-0.5805,2.394
11/28/2018,-2.6484,1.817,1.2897,-0.0377,2.383
11/29/2018,1.97,0.7776,-0.8815,0.3957,2.356
11/30/2018,-1.2879,0.5565,-0.3211,0.244,2.345
12/3/2018,5.0326,2.1635,2.0818,1.5353,2.337
12/4/2018,-0.7986,-2.2039,-0.5827,-0.0184,2.412
12/5/2018,-0.7986,-2.2039,-0.5827,-1.2726,2.412
12/6/2018,-2.1467,-1.3093,-3.3211,-4.5395,2.404
12/7/2018,1.5539,-0.9568,-0.2021,2.6223,2.39
12/10/2018,-3.2403,-1.4168,-0.3543,-2.479,2.378
12/11/2018,1.8605,0.1829,-0.7366,1.1732,2.394
12/12/2018,-1.1872,-0.8607,-0.0768,1.0437,2.424
12/13/2018,3.6044,1.2628,0.6146,-0.3443,2.411
12/14/2018,-3.479,-1.8187,-1.6035,0.0576,2.414
12/17/2018,-3.4196,-2.0376,-0.6467,-0.9208,2.385
12/18/2018,-6.3158,-2.7553,-1.5361,-2.3427,2.387
12/19/2018,2.3493,-1.6944,-0.4495,0.8921,2.397
12/20/2018,-2.994,-3.0376,-1.0359,-1.4345,2.384
12/21/2018,-1.5432,-0.7431,1.1004,0.2592,2.381
12/24/2018,-2.9258,-3.8315,-2.7077,-0.4375,2.378
12/25/2018,-2.9258,-3.8315,-2.7077,-0.4375,2.378
12/26/2018,6.5662,4.7779,3.8472,-0.4375,2.428
12/27/2018,-2.8283,0.4371,-0.8671,-0.3395,2.404
12/28/2018,-0.9356,-1.1169,1.0602,2.2244,2.377
12/31/2018,1.3641,0.0293,-0.5507,0.5881,2.361
1/1/2019,1.3641,0.0293,-0.5507,0.5881,2.361
1/2/2019,1.9669,2.1997,1.7669,1.1694,2.415
1/3/2019,1.0152,-1.5354,0.5701,-0.1156,2.403
1/4/2019,2.3116,3.687,3.1435,1.8901,2.409
1/7/2019,1.0806,0.52,0.3248,-0.1704,2.409
1/8/2019,2.0408,0.7271,-0.3237,-0.1706,2.439
1/9/2019,5.2381,0.5275,0.8244,-0.095,2.437
1/10/2019,0.4525,-0.5109,0.8424,0.7985,2.427
1/11/2019,-1.8018,-0.458,-1.1302,-0.3961,2.418
1/14/2019,-1.9266,-0.1255,0.4473,-0.284,2.415
1/15/2019,2.8999,0.0558,-0.4453,0.6836,2.429
1/16/2019,0.5455,-0.0419,-0.2982,-0.7356,2.416
1/17/2019,-0.2712,0.684,0.0249,-0.475,2.402
1/18/2019,2.5385,1.1923,1.5699,2.4246,2.397
1/21/2019,2.5385,1.1923,1.5699,0.3169,2.397
1/22/2019,-1.6799,-1.5071,-1.6683,-2.0438,2.4
1/23/2019,-0.6295,-0.8207,0.0998,-1.6502,2.401
1/24/2019,1.086,0.1403,-0.0249,0.5207,2.361
1/25/2019,0.7162,0.4482,0,-0.1919,2.377
1/28/2019,-2.6667,-0.6693,-1.3463,-1.9992,2.385
1/29/2019,1.9178,0.379,1.5921,1.0789,2.409
1/30/2019,2.1505,1.0908,1.1692,1.1062,2.416
1/31/2019,-0.4386,1.3695,1.1065,3.9539,2.39
2/1/2019,2.467,3.6026,0.535,0.4431,2.391
2/4/2019,-1.1178,-1.4489,0.1209,1.3787,2.382
2/5/2019,-1.8261,1.0291,3.4549,1.1967,2.407
2/6/2019,0.2657,-0.4366,0.5138,0.1971,2.416
2/7/2019,-2.2085,-0.7707,-0.79,-1.0908,2.403
2/8/2019,0.0903,0.1607,-0.4918,-0.3074,2.418
2/11/2019,-0.6318,0.1622,-0.659,0.3264,2.428
2/12/2019,1.3624,1.7544,0.4975,0.5061,2.427
2/13/2019,1.6129,1.1273,0.5186,0.5576,2.43
2/14/2019,1.2346,0.0262,-0.3635,-0.0499,2.425
2/15/2019,2.0035,1.888,1.0031,0.3996,2.423
2/18/2019,2.0035,1.888,1.0031,-0.0724,2.423
2/19/2019,0.5978,0.6692,0.2128,0.3983,2.422
2/20/2019,1.2733,0.3835,0.236,0.6492,2.439
2/21/2019,-0.4191,-0.9041,-0.4473,-0.5734,2.445
2/22/2019,0.5892,0.771,0.402,-0.3424,2.446
2/25/2019,-3.1799,0.102,0.1178,-0.5244,2.445
2/26/2019,0.5186,0.2038,0.0235,0.709,2.441
2/27/2019,2.2356,1.0297,0.7526,-0.1083,2.44
2/28/2019,0.5046,-0.5537,-0.4435,-0.8674,2.436
3/1/2019,-2.4268,1.2274,-0.1641,-0.3463,2.433
3/4/2019,1.2007,0.3875,0.1409,0.2012,2.428
3/5/2019,0.1695,-0.1494,0.2345,0.6024,2.439
3/6/2019,-0.5922,-1.1348,-0.0936,0.0726,2.452
3/7/2019,0.5106,1.11,-0.1639,-0.1088,2.449
3/8/2019,-0.6774,-1.4346,-0.8914,-2.0512,2.444
3/11/2019,1.1083,0.9746,0.1893,1.0563,2.429
3/12/2019,0.253,0.2758,0.3071,-0.2017,2.443
3/13/2019,2.5231,0.8875,3.2266,1.5436,2.44
3/14/2019,0.2461,-0.3345,0.2738,1.0315,2.439
3/15/2019,-0.1637,-0.3605,-0.182,0.197,2.439
3/18/2019,0.9016,1.1603,0.8434,0.9653,2.437
3/19/2019,-0.2437,-0.259,0.5199,0.4072,2.45
3/20/2019,1.7915,0.5564,0.1349,-0.6172,2.46
3/21/2019,-0.48,0.578,0,0.1065,2.462
3/22/2019,-1.6881,-1.6017,-1.3025,-0.8862,2.448
3/25/2019,0.1635,-0.6958,-0.9556,-0.7153,2.445
3/26/2019,1.7959,1.3013,0.6662,0.8646,2.455
3/27/2019,-1.0425,-0.7658,-0.5249,-0.4286,2.425
3/28/2019,0.081,0.4979,0.0918,-0.269,2.419
3/29/2019,1.2146,0.0743,0.2063,0.6294,2.389
4/1/2019,2.56,1.151,0.8463,0.9828,2.381
4/2/2019,1.4821,-0.4282,0.3175,0.2477,2.415
4/3/2019,-0.1537,-0.5898,0,0.6884,2.424
4/4/2019,-0.5389,1.4215,-0.1809,-0.298,2.425
4/5/2019,1.7802,0.5363,0.8607,1.1078,2.425
4/8/2019,1.9011,0.6183,1.572,0.8522,2.415
4/9/2019,-0.5224,-1.2892,-0.5306,-1.0347,2.412
4/10/2019,0.6002,-0.4516,0.1111,0.8712,2.414
4/11/2019,-1.044,0.4782,-0.3774,-0.3455,2.422
4/12/2019,0.2261,-1.2569,-0.4457,-0.572,2.426
4/15/2019,-0.4511,-0.3337,0,-0.1743,2.405
4/16/2019,0.9819,0.682,-0.4253,-0.2794,2.421
4/17/2019,-0.6731,0.2833,0.3147,0.2802,2.432
4/18/2019,0.3012,-0.3684,-0.5155,-0.262,2.414
4/19/2019,0.3012,-0.3684,-0.5155,-0.262,2.414
4/22/2019,2.6276,2.1817,1.4643,-0.262,2.427
4/23/2019,0.8778,0.579,-0.0444,1.8035,2.432
4/24/2019,-0.7977,-1.9429,-1.9769,-1.548,2.42
4/25/2019,-1.0965,0.5626,-0.3852,0.1398,2.417
4/26/2019,-3.252,-2.1041,-1.4786,-1.4131,2.413
4/29/2019,1.0695,-0.646,-0.6696,-0.4424,2.41
4/30/2019,0.4535,0.3876,1.6504,1.2442,2.418
5/1/2019,-0.5267,-2.0055,-1.4864,1.2442,2.412
5/2/2019,-3.0257,-1.7542,-1.0446,0.4038,2.422
5/3/2019,0.39,0.2329,1.0556,0.9092,2.422
5/6/2019,1.554,-0.4389,-0.3482,-0.8837,2.414
5/7/2019,-2.6014,-0.5316,-1.6539,-2.9545,2.415
5/8/2019,1.2569,0.1564,0.1421,1.0268,2.426
5/9/2019,-0.6206,-0.0911,-0.0355,-0.214,2.421
5/10/2019,0.2342,0.8597,-0.3601,0.5004,2.421
5/13/2019,-1.2461,-1.1102,-0.6506,0.4623,2.402
5/14/2019,1.4984,0.1321,0.7761,1.6106,2.394
5/15/2019,0.777,0.7387,0.5295,0.7142,2.397
5/16/2019,1.3107,-0.0131,1.221,1.247,2.389
5/17/2019,-0.4566,-0.5893,0.1419,0.2426,2.378
5/20/2019,0.5352,-0.0132,0.5668,-0.0173,2.37
5/21/2019,-0.1521,0.4611,0.3992,0.294,2.371
5/22/2019,-2.9703,-0.9049,-0.9591,-0.569,2.367
5/23/2019,-5.102,-2.3425,-2.3618,-2.6877,2.354
5/24/2019,1.158,0.4201,1.016,0.4277,2.338
5/27/2019,1.158,0.4201,1.016,0.2661,2.338
5/28/2019,0,-2.0108,-0.6705,-0.3185,2.345
5/29/2019,0.0818,-0.6197,-0.5063,-1.0829,2.349
5/30/2019,-3.9216,-0.2633,-0.5815,0.1974,2.367
5/31/2019,-5.6122,-1.6674,-0.7555,-0.197,2.342
6/3/2019,-0.991,1.5685,0.7859,0.0179,2.328
6/4/2019,1.5469,2.379,0.7797,-0.4306,2.342
6/5/2019,-3.4946,-0.8289,-0.7737,0.2703,2.34
6/6/2019,2.6927,1.8224,1.3889,1.0604,2.308
6/7/2019,1.5371,0.3633,1.2737,0.8892,2.272
6/10/2019,-1.0686,0.4425,-0.1424,0.4231,2.274
6/11/2019,0,-0.0934,0.6179,0.3862,2.25
6/12/2019,-4.2304,-1.0823,-3.0231,-1.0666,2.217
6/13/2019,2.2556,0.878,0.3897,-0.1767,2.176
6/14/2019,0.5515,-0.4419,-0.7521,0.0885,2.172
6/17/2019,-1.1883,0.9953,-1.1489,-0.4599,2.182
6/18/2019,4.0703,0.8656,1.5826,1.3862,2.216
6/19/2019,0.7111,-0.5545,0.0243,0.4733,2.164
6/20/2019,4.5896,1.7127,1.7523,1.0293,2.132
6/21/2019,1.0127,1.4097,1.5307,0.0863,2.107
6/24/2019,0.3342,-0.9525,-0.636,-0.3451,2.109
6/25/2019,-0.0833,-0.8837,-0.7587,0.3636,2.123
6/26/2019,2.4167,0.4327,0.5256,0.4485,2.144
6/27/2019,0,-1.0183,-1.0932,-1.1163,2.139
6/28/2019,-2.0342,1.0683,0.1922,-0.2779,2.093
7/1/2019,1.9934,-0.0913,0.9113,1.0275,2.112
7/2/2019,-4.7231,-1.0972,-0.5228,-0.2931,2.184
7/3/2019,0.5983,0.9509,-1.1945,-0.657,2.205
7/4/2019,0.5983,0.9509,-1.1945,0.3829,2.205
7/5/2019,1.5293,-0.4055,-0.7979,-0.0347,2.219
7/8/2019,-0.1674,0.4597,0.1219,-0.2428,2.233
7/9/2019,0.922,-0.0654,-0.3165,0.1391,2.243
7/10/2019,4.0698,1.4131,0.6593,0.3472,2.174
7/11/2019,0.1596,0.0774,0.1456,0.346,2.142
7/12/2019,-0.239,0.0773,-0.1696,-0.3621,2.134
7/15/2019,-1.7572,-0.7085,-1.2618,-0.2596,2.132
7/16/2019,-1.8699,-1.492,-1.1797,-0.5552,2.148
7/17/2019,-2.6512,-0.5927,-2.3129,-1.3259,2.118
7/18/2019,-1.617,-0.8479,-1.1202,-0.7603,2.027
7/19/2019,0.9516,0.2004,1.0041,0.7126,2.068
7/22/2019,0.0857,0.1067,0.3059,0.6368,2.071
7/23/2019,1.113,0.3996,0.305,0.6152,2.046
7/24/2019,-1.8628,-0.0133,-0.8361,-0.3669,2.095
7/25/2019,0.0863,-0.5706,-0.3832,-0.4559,2.103
7/26/2019,0.431,-0.1601,-0.0256,-0.0352,2.116
7/29/2019,1.4592,0.7085,0.2822,0.5639,2.103
7/30/2019,2.1997,0.0133,2.3024,-0.1402,2.067
7/31/2019,-0.3311,-1.3139,-0.6252,-0.0702,2.065
8/1/2019,-6.0631,-2.5551,-1.8621,-4.899,2.078
8/2/2019,1.5031,-0.9799,-1.3333,-2.9727,2.056
8/5/2019,-0.9582,-2.0488,-2.131,-2.2835,2.005
8/6/2019,-2.0229,0.9676,-0.1328,-1.0516,2.033
8/7/2019,-2.693,-0.6483,-0.1595,-0.4723,2.015
8/8/2019,1.107,2.6667,0.6525,2.017,2.011
8/9/2019,2.9197,-2.1277,-0.9952,-0.8916,1.989
8/12/2019,0.7092,-0.48,-0.4347,0.0196,1.976
8/13/2019,4.4894,1.2351,1.5007,0.9777,1.989
8/14/2019,-3.6226,-4.0289,-2.5269,-1.6654,1.944
8/15/2019,-0.7867,-0.5913,-0.5792,-0.5379,1.883
8/16/2019,0.4405,1.5613,0.6657,0.2416,1.865
8/19/2019,2.2807,1.6837,1.5431,1.808,1.901
8/20/2019,-0.2573,-0.6048,-1.0855,-0.9274,1.91
8/21/2019,-0.172,0.9996,0.823,1.0556,1.974
8/22/2019,-0.6891,-0.2151,-0.6259,-0.335,1.986
8/23/2019,-2.9488,-2.9898,-0.8488,-1.0283,1.96
8/26/2019,-0.0894,0.5334,0.2486,-0.04,1.982
8/27/2019,2.1467,-0.9727,0.8264,-0.3598,1.977
8/28/2019,1.9264,0.7293,0.6284,0.9428,1.985
8/29/2019,1.2027,1.1082,0.3258,0.6161,1.985
8/30/2019,-2.7165,0.0731,0,-0.3555,1.983
9/2/2019,-2.7165,0.0731,0,0.218,1.983
9/3/2019,-2.0942,0.1168,0,-0.6725,1.956
9/4/2019,4.3672,1.0648,0.9743,0.8562,1.948
9/5/2019,-0.0854,1.4143,0.1608,0.7108,1.956
9/6/2019,0.5983,0.9392,0.2141,-1.3919,1.953
9/9/2019,2.6338,0.7895,0.1335,1.0736,1.951
9/10/2019,-0.8278,0.8113,0.9067,2.3407,1.94
9/11/2019,-2.5042,-0.1943,-0.1057,-0.6342,1.949
9/12/2019,-1.7979,0.0695,-0.3439,-1.0832,1.955
9/13/2019,-0.2616,0.9169,0.5309,0.4302,1.96
9/16/2019,12.1503,1.5006,3.9081,2.5312,1.984
9/17/2019,-4.2089,-0.7595,-2.0584,0.057,1.977
9/18/2019,-1.546,-0.4783,0.1297,0.1139,1.935
9/19/2019,0.7438,-0.6729,0.2591,0.3033,1.922
9/20/2019,0.082,-0.3456,0.7754,0.6615,1.905
9/23/2019,0.082,0.0694,-0.5899,-0.0563,1.894
9/24/2019,-2.5389,-1.3725,-1.6254,-0.789,1.915
9/25/2019,-0.8403,0.2952,0.1049,-0.0379,1.89
9/26/2019,0,-0.5326,0.2096,1.0987,1.814
9/27/2019,-1.1864,0.7186,0.0261,1.4428,1.789
9/30/2019,-2.7444,-1.2171,-0.7057,-0.628,1.816
10/1/2019,-1.3228,-2.3509,-0.7634,-0.4461,1.78
10/2/2019,-1.8767,-2.6106,-2.9443,-3.286,1.744
10/3/2019,-0.4554,1.236,-0.6013,-0.3282,1.702
10/4/2019,1.0064,1.4563,1.6222,0.6779,1.694
10/7/2019,0,-1.3774,-0.0271,0.885,1.713
10/8/2019,-1.3587,-1.9406,-0.2706,-1.2586,1.683
10/9/2019,0.9183,1.1094,0.8684,-0.2897,1.683
10/10/2019,1.8198,1.2011,-0.0269,0.5811,1.677
10/11/2019,2.0554,1.0696,0.8073,1.2517,1.67
10/14/2019,-2.1016,0.2899,-0.1068,-0.4945,1.67
10/15/2019,-1.0733,0.3469,-0.1603,0.0573,1.657
10/16/2019,0.7233,-1.7142,-0.4015,-0.3247,1.66
10/17/2019,1.2567,-0.1319,1.4781,0.1342,1.668
10/18/2019,-0.5319,-0.7778,-0.7415,-0.8038,1.665
10/21/2019,-0.0891,1.6714,2.1078,0.656,1.661
10/22/2019,1.1597,0.5092,0.6271,1.5526,1.65
10/23/2019,2.7337,0.9553,1.4282,0.6984,1.658
10/24/2019,0.6867,-0.9462,0.384,0.6186,1.665
10/25/2019,0.8525,0.2316,0.3571,0.2235,1.668
10/28/2019,-1.5216,-0.8809,-0.2795,0.3717,1.637
10/29/2019,-0.6009,-0.2914,-3.3384,0.0556,1.612
10/30/2019,-0.9499,-1.052,1.3973,-0.2776,1.582
10/31/2019,-1.4821,-0.2215,-1.4301,-3.3593,1.535
11/1/2019,3.4513,3.0043,2.0839,0.8642,1.516
11/4/2019,1.0265,2.9741,1.7054,1.904,1.538
11/5/2019,1.0161,1.9813,1.1941,1.2145,1.549
11/6/2019,-1.0059,-2.1891,-1.0796,0.443,1.553
11/7/2019,0.5927,2.1262,1.3579,0.1287,1.558
11/8/2019,0.9259,-1.8765,-0.3306,-0.0734,1.55
11/11/2019,-0.834,-0.6076,-0.1021,-0.0735,1.55
11/12/2019,-0.1682,-1.379,-0.0511,0.5699,1.568
11/13/2019,0.7582,-0.8217,0.2044,-0.1828,1.571
11/14/2019,-0.4181,-0.436,-0.5866,0.0424,1.565
11/15/2019,1.4274,1.0073,0.59,0.3161,1.564
11/18/2019,-1.4901,-0.9683,-0.3826,-0.4449,1.556
11/19/2019,-2.7731,-1.0216,-1.0497,-0.4096,1.559
11/20/2019,2.8522,0.3096,-0.3622,-0.7291,1.56
11/21/2019,2.521,2.4107,0.2077,-0.565,1.569
11/22/2019,-0.7377,-0.4306,-0.1037,0.5303,1.583
11/25/2019,0,-0.6631,0.2075,0.4898,1.586
11/26/2019,0.6606,-0.2467,-1.3202,-1.1624,1.587
11/27/2019,-0.4102,-0.0582,-0.9444,-0.3794,1.596
11/28/2019,-0.4102,-0.0582,-0.9444,0.0762,1.596
11/29/2019,-4.2834,-0.8297,-0.9004,-1.0654,1.575
12/2/2019,0.4303,0.4257,-0.294,-0.5,1.566
12/3/2019,0.7712,-0.7892,-1.3133,-1.7974,1.563
12/4/2019,3.6565,1.1344,0.6518,0.866,1.544
12/5/2019,0,-0.3496,-1.1063,-0.4683,1.536
12/6/2019,1.0664,1.608,1.2005,1.784,1.516
12/9/2019,0.0812,0.2158,0.027,-0.0385,1.537
12/10/2019,0.4866,-0.8613,-0.2426,-0.1541,1.55
12/11/2019,-0.7264,-0.1448,-1.2159,-0.2123,1.564
12/12/2019,0.5691,2.0012,1.0941,0.3481,1.551
12/13/2019,0.9701,-1.578,-0.0541,-0.1349,1.56
12/16/2019,0.8006,1.1122,1.3535,0.714,1.561
12/17/2019,1.0326,-0.4571,0.4006,0.7664,1.555
12/18/2019,0.1572,0.2727,0.1596,0.3042,1.559
12/19/2019,0.314,-0.687,0,0.6256,1.564
12/20/2019,-1.1737,0.7926,0.5312,-0.9231,1.569
12/23/2019,0.5542,0.5004,0.6869,0.3042,1.562
12/24/2019,0.5512,-0.3841,-0.1837,0.4739,1.573
12/25/2019,0.5512,-0.3841,-0.1837,0.4739,1.573
12/26/2019,0.9397,0.1571,-0.1577,0.4739,1.573
12/27/2019,0.1552,-0.3422,-0.316,0.1887,1.556
12/30/2019,-0.1549,-0.5866,-0.6867,-0.9605,1.533
12/31/2019,-0.6206,0.4318,0.3723,-0.4944,1.549
1/1/2020,-0.6206,0.4318,0.3723,-0.4944,1.549
1/2/2020,0,1.605,1.0599,1.4523,1.528
1/3/2020,2.8884,-0.8039,1.8091,1.4504,1.513
1/6/2020,-0.1517,0.7678,2.6268,0.8169,1.528
1/7/2020,-0.228,-0.8184,-1.054,-0.6262,1.53
1/8/2020,-3.5796,-1.508,-1.5217,-0.5745,1.532
1/9/2020,-1.3428,0.7656,0.3348,-0.6897,1.532
1/10/2020,-0.6405,-0.8888,-0.5647,-0.0751,1.533
1/13/2020,-1.6922,0.9546,0.1549,-0.4884,1.546
1/14/2020,0.6557,-0.8596,0.0515,-0.1699,1.562
1/15/2020,-0.8143,-0.159,-0.2834,-0.0756,1.56
1/16/2020,0.9031,-0.3908,0.3358,0.2271,1.549
1/17/2020,0.3255,-0.3778,-0.1802,-0.2832,1.556
1/20/2020,0.3255,-0.3778,-0.1802,-0.2461,1.556
1/21/2020,-0.7299,-1.4294,-1.1607,-1.3095,1.537
1/22/2020,-2.7778,-0.5771,-1.1482,-0.25,1.547
1/23/2020,-2.0168,-0.6251,0.8448,-0.5013,1.551
1/24/2020,-1.9726,-0.674,-0.1832,0.4069,1.528
1/27/2020,-2.8871,-2.3824,-1.8096,-1.814,1.539
1/28/2020,1.3514,-0.139,-0.0801,-0.0786,1.558
1/29/2020,-0.8,-0.8353,-0.6415,-0.6491,1.553
1/30/2020,-0.7168,1.0607,-0.3766,-4.0586,1.559
1/31/2020,-2.1661,-4.121,-2.4305,-1.981,1.547
2/3/2020,-3.2288,-2.2376,-2.491,-2.5263,1.562
2/4/2020,-0.4766,-1.2514,3.6049,1.987,1.56
2/5/2020,2.4904,4.6023,3.2055,1.6518,1.56
2/6/2020,0.3738,-1.355,-2.0972,-0.8958,1.563
2/7/2020,-1.4898,-0.6626,-1.3829,-0.4415,1.547
2/10/2020,-1.5123,-1.0412,-0.4949,-0.8446,1.557
2/11/2020,0.7678,0.9506,0.9947,0.6814,1.564
2/12/2020,2.9524,1.2225,1.6963,1.544,1.576
2/13/2020,0.2775,-0.5549,-0.9685,-0.1938,1.581
2/14/2020,1.0148,-0.4595,-0.4975,-1.0414,1.573
2/17/2020,1.0148,-0.4595,-0.4975,0.451,1.573
2/18/2020,0,-1.2696,0.25,-0.7697,1.571
2/19/2020,2.1005,0.7682,0.4433,0.4094,1.576
2/20/2020,0.8945,-0.7955,-0.7448,-0.5365,1.574
2/21/2020,-1.0638,-1.2195,-1.7232,-1.8986,1.552
2/24/2020,-3.7634,-4.6846,-3.6765,-3.8487,1.538
2/25/2020,-3.1657,-3.8325,-3.3177,-1.807,1.523
2/26/2020,-2.0192,-2.1956,-0.7592,-0.7454,1.513
2/27/2020,-4.0236,-6.0177,-3.519,-3.8723,1.432
2/28/2020,-3.3742,3.2517,-0.7612,-5.2246,1.284
3/2/2020,4.9735,4.7434,3.0042,2.0505,1.195
3/3/2020,-0.3024,-4.7884,-0.9618,0.5957,0.934
3/4/2020,-0.3033,2.1832,3.8221,1.0238,0.721
3/5/2020,-2.5355,-4.4067,-1.6295,-2.2851,0.619
3/6/2020,-9.1571,-4.8294,-4.1411,-5.8973,0.463
3/9/2020,-25.315,-12.2248,-19.104,-17.4824,0.36
3/10/2020,11.0429,3.7028,5.9731,3.4699,0.457
3/11/2020,-4.1436,-3.2942,-7.9507,-2.3918,0.408
3/12/2020,-5.7637,-11.434,-12.5304,-15.8952,0.328
3/13/2020,6.422,2.5282,2.7816,-1.3566,0.267
3/16/2020,-13.0747,-9.5226,-15.0203,-8.2825,0.209
3/17/2020,-5.6198,6.7266,0,2.5217,0.16
3/18/2020,-17.5131,-10.0244,-14.4904,-11.2847,0.01
3/19/2020,14.0127,3.9553,5.5245,5.7325,0.019
3/20/2020,-8.0074,-4.9085,2.2941,4.9433,0.015
3/23/2020,-1.2146,-3.9401,4.6003,3.2416,-0.009
3/24/2020,2.0492,12.6868,21.6053,22.453,-0.006
3/25/2020,2.008,5.2201,9.8101,7.3985,-0.043
3/26/2020,-4.9213,4.103,0.5352,-1.8403,-0.088
3/27/2020,-7.4534,-4.8171,-8.4767,-7.664,-0.005
3/30/2020,-5.3691,1.4885,7.0246,3.9237,0.044
3/31/2020,-0.4728,1.2533,1.9649,7.5776,0.092
4/1/2020,4.038,-1.1588,-0.082,0.3804,0.071
4/2/2020,16.6667,7.6472,6.8117,8.9976,0.078
4/3/2020,15.4599,-2.9455,-5.0327,-5.2266,0.079
4/6/2020,-7.1186,3.2135,1.335,0.7219,0.085
4/7/2020,-7.1168,1.9026,-0.998,3.2194,0.136
4/8/2020,5.501,6.3288,2.379,-1.8213,0.186
4/9/2020,-7.2626,-1.642,-1.9299,1.1246,0.224
4/10/2020,-7.2626,-1.642,-1.9299,1.1246,0.224
4/13/2020,-1.004,-0.8579,0.0402,1.1246,0.214
4/14/2020,-5.4767,-0.7717,-1.8868,-3.1186,0.17
4/15/2020,-4.9356,-4.5958,-6.5466,-7.3728,0.14
4/16/2020,-1.5801,-3.2856,-4.3345,-3.4496,0.133
4/17/2020,-3.4404,10.3959,7.2311,5.399,0.114
4/20/2020,-10.9264,-4.72,-4.6095,-0.8161,0.088
4/21/2020,-25.0667,-0.5342,-3.1767,-4.7595,0.099
4/22/2020,-10.6762,2.8564,7.8096,6.2201,0.103
4/23/2020,5.1793,3.1332,0.2143,3.3659,0.103
4/24/2020,-2.6515,0.6444,0.0428,-3.2926,0.113
4/27/2020,-14.786,0.4802,3.9333,1.7023,0.108
4/28/2020,-2.7397,2.3441,-0.617,2.5969,0.102
4/29/2020,5.6338,5.537,5.2566,3.6468,0.103
4/30/2020,6.2222,-2.086,-6.4098,-10.4282,0.1
5/1/2020,-1.3598,-7.1659,-4.0756,-10.4282,0.107
5/4/2020,4.2948,4.0334,1.8397,-5.44,0.103
5/5/2020,9.3543,-0.1114,2.6667,6.5318,0.114
5/6/2020,-3.0683,-1.8737,-1.2149,-4.3227,0.113
5/7/2020,-1.8225,0.5683,2.0356,2.5473,0.103
5/8/2020,4.8852,4.3852,2.4938,1.1243,0.107
5/11/2020,-1.3973,-0.9528,-2.2056,-1.4867,0.112
5/12/2020,-0.9447,-1.6397,-1.8723,-1.0367,0.126
5/13/2020,-1.7644,-4.9637,-3.5993,-4.0711,0.121
5/14/2020,4.1262,0.8824,-0.4049,-3.6052,0.114
5/15/2020,4.3823,-0.7092,-1.4453,1.435,0.112
5/18/2020,8.5753,7.9524,7.7452,8.0452,0.109
5/19/2020,0.5348,-3.0878,-2.5521,-1.5077,0.122
5/20/2020,3.6825,3.2544,3.0991,2.1082,0.119
5/21/2020,4.9724,-1.7853,-1.0161,-2.8143,0.116
5/22/2020,-3.8722,0.0898,-1.7109,-0.6766,0.118
5/25/2020,-3.8722,0.0898,-1.7109,2.1526,0.118
5/26/2020,0.352,2.9372,1.2185,-0.5601,0.126
5/27/2020,-2.5721,0.7188,2.8805,0.456,0.145
5/28/2020,0.12,-2.5952,-2.7998,-0.534,0.145
5/29/2020,3.3959,0.9547,-0.5159,-4.8188,0.139
6/1/2020,1.3138,1.7814,3.0251,3.5256,0.135
6/2/2020,3.2418,2.2256,4.656,3.4464,0.147
6/3/2020,0.1847,4.0795,3.8076,4.1743,0.151
6/4/2020,1.4012,-0.2843,-0.8108,-1.0997,0.147
6/5/2020,4.9818,8.1059,7.863,7.4642,0.151
6/8/2020,-1.7319,3.1274,2.4179,1.8435,0.162
6/9/2020,0.1762,-2.2287,-3.6646,-4.5311,0.168
6/10/2020,0.0352,-5.3625,-3.5113,-1.7125,0.169
6/11/2020,-7.281,-8.8253,-8.7566,-6.9197,0.179
6/12/2020,0.2656,2.1438,2.8251,1.7783,0.164
6/15/2020,2.081,-0.0636,-1.5758,-0.9721,0.164
6/16/2020,2.4463,2.2486,0.78,3.5819,0.162
6/17/2020,-1.3025,-3.2573,-3.4623,-1.0758,0.157
6/18/2020,2.2361,0.6219,-0.0422,-0.9063,0.15
6/19/2020,1.2191,-2.0034,-0.0844,0.7447,0.15
6/22/2020,2.6567,0.9569,0.845,-1.3358,0.147
6/23/2020,-0.8972,0.6032,1.2568,2.5105,0.145
6/24/2020,-5.1184,-4.7109,-4.2615,-5.0263,0.141
6/25/2020,2.5321,1.5056,1.5557,0.702,0.139
6/26/2020,-2.0759,-3.4315,-3.1489,-1.2468,0.139
6/29/2020,3.326,1.6048,3.1634,0.8824,0.131
6/30/2020,-0.7428,0.9025,-0.6814,-3.1221,0.139
7/1/2020,1.0335,-2.2585,-0.4717,1.8753,0.138
7/2/2020,1.4109,0.8465,0.8617,0.6954,0.139
7/3/2020,1.4109,0.8465,0.8617,-0.9885,0.139
7/6/2020,0.7304,0.7033,0.9825,1.2719,0.141
7/7/2020,-0.587,-2.5907,-2.6227,-1.0668,0.147
7/8/2020,1.3546,-0.2313,0.6082,-1.5834,0.141
7/9/2020,-2.6388,-4.1261,-4.7927,-3.3148,0.131
7/10/2020,2.1823,3.119,1.8594,1.3771,0.128
7/13/2020,-1.8257,0.0234,0,1.981,0.131
7/14/2020,1.3333,3.3052,3.6509,1.5263,0.138
7/15/2020,1.4197,1.2707,2.2766,1.4623,0.133
7/16/2020,-0.4438,-0.7842,-0.378,-0.4714,0.109
7/17/2020,-0.2058,-1.7164,-1.9815,-1.8,0.112
7/20/2020,0.0687,-2.3438,-1.3333,-1.5711,0.113
7/21/2020,2.0604,5.0588,5.0131,3.1504,0.115
7/22/2020,0.1009,-2.3292,-2.6567,-4.5609,0.117
7/23/2020,-1.1429,0.2064,-0.9808,-0.6827,0.112
7/24/2020,0.102,-0.6178,-1.2489,-0.7733,0.106
7/27/2020,0.9511,1.4736,0.9158,-1.2556,0.099
7/28/2020,-1.245,-1.1799,-1.3829,0.5846,0.105
7/29/2020,0.7496,1.1022,1.7528,-0.3923,0.101
7/30/2020,-2.1644,-4.9057,-3.3592,-5.0766,0.091
7/31/2020,0.4839,0.5016,-1.7825,-2.505,0.091
8/3/2020,0.9288,0.404,0.2269,1.6078,0.085
8/4/2020,1.4997,2.8876,7.4694,3.2268,0.094
8/5/2020,1.5111,0.8742,0.8846,1.0069,0.1
8/6/2020,-0.1654,-0.4789,-2.881,-1.7259,0.093
8/7/2020,-1.0934,-0.4583,-1.2038,-1.6654,0.093
8/10/2020,1.0385,2.4632,2.2628,2.2171,0.095
8/11/2020,-1.1273,1.0335,1.3191,3.6753,0.103
8/12/2020,2.4816,-0.0222,1.89,1.7725,0.103
8/13/2020,-0.5236,-2.4495,-2.0404,-2.7167,0.096
8/14/2020,-0.2303,0.4418,-1.9616,-2.4159,0.094
8/17/2020,1.4507,-1.2963,-1.0439,-1.1239,0.093
8/18/2020,-0.5525,-0.4925,-1.7143,-0.7066,0.098
8/19/2020,0.1961,-1.1077,-0.5367,0.5415,0.096
8/20/2020,-0.4566,-1.5253,-1.259,-2.4773,0.094
8/21/2020,-1.114,-0.7502,-2.2769,-0.71,0.094
8/24/2020,0.5633,2.9505,2.0969,3.8297,0.09
8/25/2020,1.8781,-3.1739,-1.3236,-2.6783,0.096
8/26/2020,0.0323,-2.1282,-1.1101,-0.1258,0.096
8/27/2020,-0.8406,-0.6748,-1.1225,-0.6456,0.1
8/28/2020,0.163,2.3905,1.1353,-0.0951,0.1
8/31/2020,-0.4557,-1.8432,-2.1048,-1.0152,0.101
9/1/2020,0.0981,-1.2769,-0.7645,-1.0417,0.103
9/2/2020,-2.4502,-0.6087,-0.9629,-0.7449,0.104
9/3/2020,-0.7368,-0.2041,0.1945,0.4895,0.103
9/4/2020,-3.8124,-0.0767,-0.3396,-0.4709,0.107
9/7/2020,-3.8124,-0.0767,-0.3396,1.7455,0.107
9/8/2020,-6.1733,-2.303,-1.8987,-4.2007,0.114
9/9/2020,2.4673,-0.6024,0.8437,1.7071,0.109
9/10/2020,-2.2619,-2.5033,-2.0177,-1.3,0.112
9/11/2020,0.9332,-0.2703,0.7534,-0.917,0.11
9/14/2020,-0.3698,-0.6504,-1.0967,-1.3461,0.106
9/15/2020,2.1529,-1.0638,-0.9073,1.4839,0.105
9/16/2020,4.2878,4.2459,1.5259,0.1849,0.098
9/17/2020,1.8467,-0.0264,-2.004,-1.9292,0.09
9/18/2020,-0.5816,-1.6138,-3.4765,-2.0698,0.087
9/21/2020,-2.6497,-2.0436,-2.9661,-3.1616,0.085
9/22/2020,-0.4242,-2.4705,0.8734,2.7056,0.091
9/23/2020,-0.497,-3.2086,-2.7597,0.0527,0.094
9/24/2020,1.6768,-0.2035,-0.2226,-1.492,0.096
9/25/2020,-0.5263,0.9324,-0.3904,-0.8553,0.095
9/28/2020,1.1993,1.9342,1.7917,0.8627,0.095
9/29/2020,-3.4507,-2.917,-2.8053,-2.6907,0.094
9/30/2020,2.13,0.1459,-1.1885,-1.3184,0.097
10/1/2020,-2.7572,-3.4955,-3.6082,-3.9711,0.09
10/2/2020,-4.2166,-0.4528,0.1188,1.1014,0.09
10/5/2020,5.9962,2.3044,2.0178,2.2745,0.09
10/6/2020,1.647,-1.0373,-1.5125,2.5603,0.093
10/7/2020,0,0.3294,0.5907,-1.4759,0.094
10/8/2020,2.6418,5.2537,2.7011,2.9591,0.094
10/9/2020,-1.5443,-1.4748,-0.7433,1.9041,0.099
10/12/2020,-2.161,-0.3166,-0.6912,-1.939,0.099
10/13/2020,1.3894,-1.1839,-3.2483,-1.1325,0.095
10/14/2020,1.8271,-0.2046,-0.5396,1.0727,0.103
10/15/2020,-0.138,0.8785,-0.9042,-3.6697,0.1
10/16/2020,-0.7602,-1.016,-1.1557,1.8114,0.094
10/19/2020,-0.4526,-1.9941,-1.3538,-0.3118,0.091
10/20/2020,1.609,0.8378,0.7486,-1.3615,0.096
10/21/2020,-3.2702,-1.6024,-1.9814,-1.7907,0.095
10/22/2020,1.4591,5.1267,1.7056,1.0446,0.09
10/23/2020,-2.2098,-2.008,-0.3106,2.1617,0.09
10/26/2020,-2.7618,-2.3712,-1.5576,-3.0727,0.084
10/27/2020,2.1394,-1.5892,-2.6582,-2.2399,0.093
10/28/2020,-4.9837,-3.8087,-3.1209,-2.2524,0.094
10/29/2020,-2.6986,4.4346,2.4161,4.0524,0.089
10/30/2020,-1.3672,-1.0616,1.4417,3.8946,0.089
11/2/2020,4,4.1999,4.0052,4.8144,0.089
11/3/2020,1.7517,-1.7064,0.4969,1.5077,0.094
11/4/2020,2.6946,-0.5388,-0.309,0.0864,0.089
11/5/2020,-1.0204,-0.1806,0.093,-2.1225,0.091
11/6/2020,-2.5405,-1.1758,-1.2003,-0.0705,0.089
11/9/2020,6.0446,12.6602,15.601,12.844,0.094
11/10/2020,2.9925,2.1663,5.6416,4.4872,0.095
11/11/2020,0.4497,-1.0309,-1.1518,1.1073,0.095
11/12/2020,-1.3085,-3.4265,-3.178,-0.9686,0.089
11/13/2020,-1.8493,2.4127,2.8446,-0.7099,0.089
11/16/2020,2.4173,5.765,5.1064,6.3888,0.084
11/17/2020,0.2083,1.3365,1.4676,1.0295,0.082
11/18/2020,0.4503,-3.7755,-2.4439,0.9057,0.074
11/19/2020,0.3103,0.5106,-0.1534,-3.0575,0.062
11/20/2020,0.6188,-1.2299,-0.2048,1.9821,0.067
11/23/2020,0.8541,6.5512,4.7204,4.6248,0.072
11/24/2020,4.336,6.6565,7.1044,5.8169,0.08
11/25/2020,1.8506,-2.787,-2.0586,-2.063,0.085
11/26/2020,1.8506,-2.787,-2.0586,-0.942,0.085
11/27/2020,-0.4782,-1.5192,-1.4479,-0.1453,0.08
11/30/2020,-0.8008,-5.1257,-7.2986,-4.8545,0.076
12/1/2020,-1.1301,0.9704,3.4765,2.3773,0.084
12/2/2020,1.143,3.7403,4.1008,2.7567,0.084
12/3/2020,0.9041,0.676,1.3764,0.8061,0.08
12/4/2020,0.992,3.6558,4.2603,3.4478,0.079
12/7/2020,-0.507,-1.8714,-2.6493,-1.2039,0.075
12/8/2020,0.0318,3.2763,0.5074,-0.4105,0.072
12/9/2020,-0.2229,1.3258,0.5048,-0.103,0.074
12/10/2020,2.4569,2.8271,2.3288,2.7334,0.075
12/11/2020,-0.5294,-0.4772,-1.6957,-3.2756,0.07
12/14/2020,0.7201,-3.6073,-3.0413,-2.0371,0.067
12/15/2020,1.1501,1.9422,2.7154,1.2185,0.071
12/16/2020,0.6146,1.5335,-0.5014,2.0544,0.079
12/17/2020,1.2828,-0.5034,0.3207,0,0.082
12/18/2020,0.965,-1.7249,-0.7306,-1.3591,0.082
12/21/2020,-2.509,-1.8254,-4.8758,-5.8885,0.082
12/22/2020,-1.685,-1.6925,-0.9671,0.1796,0.081
12/23/2020,2.0567,1.2852,3.5645,2.9367,0.081
12/24/2020,0.5191,-0.407,-0.7072,-0.3616,0.084
12/25/2020,0.5191,-0.407,-0.7072,-0.3616,0.084
12/28/2020,-1.0024,0.3365,-0.3324,-0.2823,0.087
12/29/2020,0.583,-1.126,0.3811,-0.1752,0.091
12/30/2020,0.3966,0.7996,-0.1898,-0.4862,0.08
12/31/2020,0.3039,-0.9135,-2.4251,-0.8414,0.072
1/1/2021,0.3039,-0.9135,-2.4251,-0.8414,0.072
1/4/2021,-1.9085,0.6793,1.5107,-0.3421,0.071
1/5/2021,4.8178,4.8193,7.4412,7.2096,0.081
1/6/2021,0.5009,2.5517,4.6023,5.4695,0.086
1/7/2021,1.2313,0.7846,2.1358,-0.0729,0.082
1/8/2021,2.6064,1.1121,2.0494,-0.2795,0.079
1/11/2021,-0.4798,3.0356,-0.082,-0.195,0.082
1/12/2021,1.8151,2.2203,2.5841,2.8453,0.082
1/13/2021,-0.2786,1.1278,-0.9196,-0.8312,0.086
1/14/2021,1.2291,3.9033,2.7845,2.227,0.076
1/15/2021,-2.4834,-4.8102,-4.7507,-1.6749,0.079
1/18/2021,-2.4834,-4.8102,-4.7507,-0.8457,0.079
1/19/2021,1.1602,1.9837,1.6076,0.1201,0.077
1/20/2021,0.1119,1.4128,0.6491,0.7919,0.079
1/21/2021,-0.0838,-2.8669,-3.1842,-2.3571,0.075
1/22/2021,-1.4821,-1.4134,-0.6245,-1.9264,0.074
1/25/2021,1.0219,-1.1174,-3.3515,-2.4366,0.074
1/26/2021,-0.3934,-2.1962,-0.1734,1.1723,0.067
1/27/2021,0.141,-1.1336,-1.3026,0.4408,0.067
1/28/2021,-0.7042,1.5656,0.5719,-2.069,0.06
1/29/2021,-0.1986,-2.6487,-2.7997,-1.9334,0.052
2/1/2021,2.672,0.1784,-0.045,-1.5276,0.053
2/2/2021,1.938,1.5806,-6.5736,0.2519,0.052
2/3/2021,1.6839,3.9229,2.506,1.5077,0.043
2/4/2021,0.9882,1.919,-1.3164,-1.5375,0.028
2/5/2021,1.005,3.352,-0.8576,2.9509,0.025
2/8/2021,1.9639,4.3043,5.8626,1.5553,0.03
2/9/2021,0.5907,-1.1516,-1.3618,-0.4303,0.03
2/10/2021,0.2808,0.9678,-0.6903,0.2161,0.041
2/11/2021,-0.7892,-2.5039,-0.9731,-2.486,0.038
2/12/2021,2.4891,1.3644,2.5269,2.0942,0.039
2/15/2021,2.4891,1.3644,2.5269,5.9498,0.039
2/16/2021,1.2769,3.0087,5.7964,-0.2886,0.038
2/17/2021,1.0878,1.5565,1.7256,0.6874,0.037
2/18/2021,-1.5163,-1.5705,-3.4139,-2.0014,0.032
2/19/2021,-1.4651,0.6728,1.8255,0.5177,0.029
2/22/2021,4.0323,3.6853,3.3231,2.477,0.029
2/23/2021,0.8236,1.3812,2.5391,0.4547,0.028
2/24/2021,2.1144,2.9973,4.416,3.5497,0.033
2/25/2021,-0.0941,-1.6578,1.1462,0.5637,0.039
2/26/2021,-2.7084,-2.4928,-4.6112,-3.3173,0.038
3/1/2021,-1.7187,3.7337,0.6964,1.9404,0.034
3/2/2021,-1.3054,-0.5851,0.773,0.0464,0.037
3/3/2021,2.6703,0.8026,3.2701,1.2877,0.038
3/4/2021,4.6913,3.8747,1.7592,2.3938,0.033
3/5/2021,3.1809,3.7813,2.8429,1.4094,0.033
3/8/2021,-2.1152,-0.0985,-0.8592,0.364,0.039
3/9/2021,-0.8966,-1.5443,-1.6202,0.5495,0.034
3/10/2021,1.4614,3.0702,2.0682,0.94,0.035
3/11/2021,1.9662,-0.7447,0,0.2166,0.035
3/12/2021,-0.5605,1.0765,1.1632,0.6159,0.029
3/15/2021,-0.2029,-2.5496,-1.7433,-2.1155,0.019
3/16/2021,-0.9715,-2.1196,-1.5478,-1.3714,0.016
3/17/2021,-0.0228,0.4399,1.4954,0.0111,0.01
3/18/2021,-7.6449,-4.3119,-4.0045,-0.6562,0.009
3/19/2021,3.2123,-0.5633,0.1181,-1.086,0.005
3/22/2021,-0.1436,-1.0267,-0.3538,-1.1092,0.005
3/23/2021,-5.6102,-1.2341,-5.0888,-3.4222,0.009
3/24/2021,5.2832,2.0283,2.8678,1.6236,0.018
3/25/2021,-3.7636,-0.284,-0.7273,-2.2857,0.018
3/26/2021,4.1113,2.7234,2.6862,2.1602,0.018
3/29/2021,0.9391,-0.5372,-0.1982,-0.2687,0.013
3/30/2021,-1.7891,-1.2369,-1.1914,0.2811,0.016
3/31/2021,-1.5545,-1.517,-2.1302,-1.8806,0.018
4/1/2021,3.2322,2.7942,0.9446,0.0833,0.015
4/2/2021,3.2322,2.7942,0.9446,0.0833,0.015
4/5/2021,-3.7285,-1.5508,-1.3019,0.0833,0.018
4/6/2021,1.0427,-0.2832,3.4625,0.345,0.016
4/7/2021,0.3931,0.4437,1.0757,-0.0356,0.013
4/8/2021,-0.0979,-1.0426,-2.5621,-2.4072,0.011
4/9/2021,-0.441,-0.2321,-1.335,-0.8141,0.01
4/12/2021,0.6398,-0.6623,0.943,0.3675,0.013
4/13/2021,1.2225,0.3784,0,-0.8178,0.015
4/14/2021,3.9614,2.89,3.7368,3.2488,0.018
4/15/2021,0.5344,-0.5932,-1.3312,-0.8582,0.013
4/16/2021,-0.208,-0.5616,-0.0794,-1.1541,0.013
4/19/2021,0.3242,-0.3177,0.5163,-0.3527,0.018
4/20/2021,-1.3389,-2.1069,-2.094,-3.6495,0.018
4/21/2021,-2.2695,1.2841,0.7264,1.1781,0.019
4/22/2021,0.7661,-1.3036,-2.484,-0.7011,0.018
4/23/2021,0.8791,0.5428,0.7395,-0.8952,0.018
4/26/2021,-0.3062,0.1979,1.6313,1.1832,0.013
4/27/2021,1.8427,1.3111,0.0803,-0.855,0.009
4/28/2021,0.9743,3.0137,2.8067,1.9531,0.01
4/29/2021,1.677,1.4283,-0.546,-1.0822,0.009
4/30/2021,-2.2368,-2.8843,-1.3333,-0.4024,0.009
5/3/2021,1.6409,2.7603,2.1065,1.0101,0.01
5/4/2021,2.0236,0.629,0.8953,0.7875,0.013
5/5/2021,-0.468,3.0073,3.3179,2.282,0.011
5/6/2021,-0.5598,0.9513,0.1307,0.097,0.013
5/7/2021,0.045,1.4297,0.8679,0.6178,0.011
5/10/2021,0.1125,0.2403,-0.4115,0.2288,0.006
5/11/2021,0.8768,-3.1799,-2.4418,-3.6156,0.01
5/12/2021,0.78,0.5281,0.8471,3.7263,0.013
5/13/2021,-3.1181,-1.2325,-1.1455,-1.6843,0.01
5/14/2021,2.0543,2.4789,2.9355,2.5274,0.005
5/17/2021,1.5209,2.3367,1.6135,0.5892,0.009
5/18/2021,-1.2117,-2.83,-0.8124,-0.5619,0.008
5/19/2021,-3.1445,-2.3995,-2.5316,-2.9815,0.008
5/20/2021,-2.1874,-0.2374,1.2987,0.3346,0.008
5/21/2021,2.8719,0.136,0,1.2227,0.003
5/24/2021,3.0206,1.1711,1.8854,0.4148,0.006
5/25/2021,-0.2221,-2.2647,-2.7387,-2.8311,0.011
5/26/2021,0.6233,1.1672,0.1142,0.6252,0.01
5/27/2021,0.7743,-0.6447,-0.114,-1.28,0.008
5/28/2021,-0.2854,-0.3245,-0.1903,-0.3776,0.01
5/31/2021,-0.2854,-0.3245,-0.1903,-0.9098,0.01
6/1/2021,2.0035,3.5806,3.0118,2.6141,0.013
6/2/2021,1.2303,0.7939,2.2576,2.2741,0.016
6/3/2021,0.1493,0.3938,0.4705,0.1701,0.018
6/4/2021,0.6174,0.4413,-1.1527,-0.5701,0.018
6/7/2021,0.0212,-0.6509,-0.656,-0.2684,0.022
6/8/2021,1.2905,1.769,1.7241,-0.5749,0.025
6/9/2021,-0.6266,0.837,-0.5049,1.0581,0.022
6/10/2021,0.5254,0.1596,-0.29,0.9009,0.023
6/11/2021,0.5018,-0.9243,0.1091,0.8084,0.023
6/14/2021,0.5201,-0.1608,1.8155,2.5135,0.018
6/15/2021,1.3659,3.6411,1.2126,1.4478,0.018
6/16/2021,-0.4696,-0.3575,-1.5856,-0.4834,0.029
6/17/2021,-1.4564,-3.2917,-2.6853,-0.3932,0.032
6/18/2021,0.6661,-2.5649,-3.9735,-3.2277,0.035
6/21/2021,2.0678,3.6258,3.2184,0.7558,0.035
6/22/2021,0.1216,1.9172,0.7795,1.9528,0.034
6/23/2021,0.607,0.7368,0.2947,1.4015,0.042
6/24/2021,0.2414,0.4046,0.3305,0.4031,0.049
6/25/2021,0.8226,0.217,0,0.608,0.047
6/28/2021,-1.4129,-2.5518,-3.1479,-3.4094,0.044
6/29/2021,0.7065,-0.6189,-0.7181,0.3305,0.046
6/30/2021,-0.02,0.7346,0.571,0.0353,0.043
7/1/2021,1.4836,0.2854,2.4981,2.6582,0.046
7/2/2021,0.6124,-0.1423,-0.3693,-0.7791,0.044
7/5/2021,0.6124,-0.1423,-0.3693,1.1663,0.044
7/6/2021,-2.0224,-2.8495,-3.7435,-2.0431,0.047
7/7/2021,-2.485,-1.5643,-0.9241,-0.6292,0.048
7/8/2021,1.7674,-0.4469,-0.583,0.2228,0.048
7/9/2021,1.7973,1.8124,1.681,0.7605,0.046
7/12/2021,-0.1984,-0.098,-0.4998,-0.36,0.048
7/13/2021,1.6696,-0.4741,-1.1592,-0.4778,0.047
7/14/2021,-2.8348,-2.2175,-1.3683,-0.2927,0.048
7/15/2021,-1.328,-0.9743,-2.2989,-2.1844,0.043
7/16/2021,0.2039,-2.7651,-3.1643,-0.9605,0.046
7/19/2021,-6.7155,-3.4368,-3.2677,-4.8733,0.041
7/20/2021,1.4616,1.1021,0.0866,0.3568,0.044
7/21/2021,3.7841,3.2166,3.4617,3.3143,0.048
7/22/2021,1.8645,-1.1253,-1.1711,-1.0939,0.046
7/23/2021,0.6101,-0.1226,-0.3809,0.2237,0.046
7/26/2021,0.4043,2.5245,3.356,2.7278,0.043
7/27/2021,-0.4027,-1.1115,-0.3288,0.2776,0.044
7/28/2021,0.5054,0.6744,0.6186,0.5778,0.048
7/29/2021,1.8504,1.2195,0.9426,3.662,0.046
7/30/2021,0.0395,-2.3078,-1.827,-1.3392,0.043
8/2/2021,-2.9214,0.0174,-0.4136,0.3861,0.044
8/3/2021,-0.671,1.0768,6.686,2.1098,0.044
8/4/2021,-3.3777,-2.3368,-2.4523,-0.9703,0.048
8/5/2021,1.9068,0.6334,1.1173,1.2795,0.048
8/6/2021,-1.1019,1.1538,0.8682,0.3187,0.048
8/9/2021,-2.0391,-1.1407,-1.0955,-0.7942,0.048
8/10/2021,2.3176,1.7133,2.3734,0.7319,0.049
8/11/2021,1.3003,0.2922,0.7342,0.8515,0.053
8/12/2021,-0.4141,-0.2228,-0.2777,-0.6841,0.048
8/13/2021,-1.3929,-1.0113,-1.753,-0.8716,0.052
8/16/2021,-0.8223,-1.462,-1.9429,-2.2559,0.066
8/17/2021,-0.9779,-0.6793,0.1617,1.3966,0.067
8/18/2021,-2.5333,-2.1058,-1.6956,-0.3969,0.06
8/19/2021,-1.3877,-3.052,-3.2444,-4.3361,0.049
8/20/2021,-2.9931,0.019,0.3396,0.3185,0.047
8/23/2021,5.5722,4.1145,3.1726,2.3324,0.044
8/24/2021,3.3152,0.8195,1.066,0.537,0.047
8/25/2021,0.9289,0.1806,-0.0811,-0.0356,0.048
8/26/2021,-0.6902,-1.3523,-1.3398,-0.0831,0.047
8/27/2021,1.4111,1.9375,2.6337,1.4854,0.048
8/30/2021,0.5192,-1.0938,-0.9623,-0.3981,0.043
8/31/2021,-0.7438,-1.1603,-0.9717,-1.1051,0.041
9/1/2021,-0.229,-1.3756,-0.6132,-0.6419,0.041
9/2/2021,2.1281,2.4363,2.1802,2.2374,0.043
9/3/2021,-0.5924,-0.3813,-0.2415,-1.4394,0.041
9/6/2021,-0.5924,-0.3813,-0.2415,0.4987,0.041
9/7/2021,-1.2741,-0.5832,-0.7667,-0.1063,0.039
9/8/2021,1.1449,-0.9166,-0.6913,-0.5322,0.043
9/9/2021,-1.7288,0.074,-0.4505,-0.6659,0.042
9/10/2021,2.199,-0.2034,0.7816,0.1197,0.041
9/13/2021,1.3934,2.575,2.2041,2.4629,0.042
9/14/2021,-0.3436,-1.4268,-1.5575,-0.2684,0.038
9/15/2021,2.7986,3.3712,4.5436,2.0124,0.038
9/16/2021,0.0197,-1.0635,-1.6686,-0.7914,0.034
9/17/2021,-0.7495,-1.1824,-0.3946,-0.6821,0.037
9/20/2021,-1.4308,-2.665,-1.6244,-1.6296,0.028
9/21/2021,-0.0403,-0.0931,1.611,3.3487,0.022
9/22/2021,1.8152,2.9269,1.6647,1.7861,0.028
9/23/2021,1.7829,3.3871,1.9883,1.0799,0.03
9/24/2021,0.8564,0.8935,0.3058,0.1113,0.033
9/27/2021,2.1034,2.9693,3.2012,4.8244,0.028
9/28/2021,-0.9639,1.0455,0.5908,1.6437,0.032
9/29/2021,-0.1527,-0.0668,-0.4772,0.4591,0.033
9/30/2021,0.4587,-1.7702,0.8115,0.9035,0.037
10/1/2021,1.3318,3.5872,0.9879,-0.0309,0.035
10/4/2021,2.3094,1.2966,1.4855,1.7502,0.03
10/5/2021,2.0921,-0.162,1.4638,1.9427,0.038
10/6/2021,-2.6425,-1.8338,-1.0908,-2.7891,0.043
10/7/2021,2.2157,0.281,0.4269,1.2865,0.049
10/8/2021,0.1987,2.5058,2.2671,2.1169,0.061
10/11/2021,1.28,-0.9971,0.7967,1.4561,0.061
10/12/2021,-0.1246,-0.5198,0,-0.2676,0.047
10/13/2021,0.0891,-0.2776,0.3093,-0.6098,0.046
10/14/2021,1.1574,1.5228,0.8907,1.3988,0.043
10/15/2021,0.5985,0.9516,1.6299,2.0087,0.047
10/18/2021,-0.3325,-0.0479,-0.735,-0.3559,0.046
10/19/2021,0.8076,1.5026,0.5049,0.9048,0.047
10/20/2021,1.2191,0.5512,0.9042,0.4247,0.051
10/21/2021,-1.2216,-1.8168,-2.2901,-1.5977,0.052
10/22/2021,1.08,0.6859,0.2378,-0.5731,0.056
10/25/2021,-0.3446,1.9487,0.6777,1.609,0.055
10/26/2021,1.0721,2.3155,-0.2356,-0.0473,0.055
10/27/2021,-2.6518,-2.5972,-1.3158,-0.7567,0.052
10/28/2021,0.8787,0.2807,-0.1026,-3.2404,0.052
10/29/2021,-0.4355,0.2488,-1.4716,-1.6597,0.055
11/1/2021,0.6649,1.7993,1.702,-0.1803,0.047
11/2/2021,0,-1.2342,-4.5765,-1.5954,0.048
11/3/2021,-3.8067,-1.373,-2.4338,-1.397,0.046
11/4/2021,-0.7589,0.7508,0.1834,0.9928,0.042
11/5/2021,2.968,0.9471,1.9773,1.3209,0.042
11/8/2021,0.9549,1.0766,0.6104,0.2324,0.041
11/9/2021,1.5414,0.9738,0.6424,-0.6655,0.042
11/10/2021,-2.8463,-1.9439,-1.6043,0.2944,0.049
11/11/2021,-0.1776,0.1869,-0.0365,-0.2348,0.049
11/12/2021,-0.4269,-0.7619,-0.1094,-1.0971,0.048
11/15/2021,0.1608,0.8618,0.6209,2.3326,0.046
11/16/2021,0.2319,1.0098,0.4356,1.9654,0.041
11/17/2021,-2.1352,-1.092,-0.8674,-0.0248,0.048
11/18/2021,1,-1.0885,-0.5104,-1.8832,0.062
11/19/2021,-3.1863,-4.6219,-3.8842,-2.9576,0.048
11/22/2021,1.2458,1.3845,1.6393,0.3966,0.047
11/23/2021,3.214,2.6337,3.0008,1.0812,0.047
11/24/2021,-0.5694,0.5544,0.6919,1.3576,0.058
11/25/2021,-0.5694,0.5544,0.6919,-0.5277,0.058
11/26/2021,-11.1847,-3.5129,-6.1121,-6.345,0.048
11/29/2021,1.0881,0.5551,0.8475,2.6794,0.043
11/30/2021,-4.5047,-2.8414,-0.8403,-1.4533,0.051
12/1/2021,-1.8159,-0.0836,-0.8475,1.9483,0.047
12/2/2021,2.6573,2.4921,5.1282,1.5521,0.039
12/3/2021,-0.6005,-0.6364,-0.5543,0.6342,0.049
12/6/2021,5.2292,1.1332,1.5608,2.0767,0.046
12/7/2021,2.1382,1.1205,0.7684,1.0526,0.062
12/8/2021,1.6088,0.2891,-0.1452,-1.0016,0.062
12/9/2021,-2.6707,0.2562,-1.2364,-1.1635,0.055
12/10/2021,1.9796,0.6389,0.9205,-0.5221,0.052
12/13/2021,-1.134,-2.1901,-2.9916,-2.4388,0.053
12/14/2021,-1.0109,-0.146,-0.1504,0.6117,0.047
12/15/2021,1.3747,-0.4387,0.2637,-1.6773,0.046
12/16/2021,0.4843,0.1632,0.4132,2.1751,0.042
12/17/2021,-2.1014,-2.1835,-1.6087,-1.9305,0.039
12/20/2021,-1.733,-1.4493,-2.4715,-1.7876,0.046
12/21/2021,3.3467,2.265,3.0409,3.1311,0.06
12/22/2021,1.7646,0.8099,1.2864,0.6934,0.065
12/23/2021,1.2386,0.0492,0.7471,1.7006,0.066
12/24/2021,1.2386,0.0492,0.7471,-0.2975,0.066
12/27/2021,2.6162,1.4258,0.6303,0.0926,0.049
12/28/2021,0.2751,-0.3232,-0.2579,0.1439,0.051
12/29/2021,0.75,-0.8753,-0.2955,-0.7083,0.044
12/30/2021,0.0363,-0.5887,-1.1115,-0.2585,0.041
12/31/2021,-1.343,0.658,-0.2248,0.0726,0.044
1/3/2022,0.8646,3.8405,2.7788,1.9368,0.062
1/4/2022,1.3861,3.7614,4.3113,3.6121,0.08
1/5/2022,-0.2878,1.2437,-0.6305,1.0787,0.089
1/6/2022,2.634,2.3521,1.5509,-0.194,0.096
1/7/2022,-0.3867,0.8197,2.9851,0.9478,0.095
1/10/2022,-0.8999,-0.5952,-0.3707,-0.1926,0.094
1/11/2022,3.5613,4.2062,3.3153,1.7607,0.117
1/12/2022,1.2895,-0.2943,2.1284,2.6073,0.119
1/13/2022,-1.0864,-0.7169,0.0962,-0.1155,0.117
1/14/2022,2.9175,1.7556,2.6265,0.6707,0.12
1/17/2022,2.9175,1.7556,2.6265,1.3554,0.12
1/18/2022,1.6675,1.6836,1.0612,1.7226,0.133
1/19/2022,0.1312,0.0411,-0.8647,0.0223,0.171
1/20/2022,-0.6388,0.2188,-2.3053,-1.4034,0.171
1/21/2022,0.1978,-1.5013,-2.0727,-2.3272,0.167
1/24/2022,-1.1023,0.8591,-2.3771,-3.9787,0.164
1/25/2022,1.4307,2.94,4.7365,4.2399,0.189
1/26/2022,1.1645,-1.0143,0.3185,5.847,0.195
1/27/2022,0.2918,1.2808,0.0952,0.6332,0.198
1/28/2022,0.1778,0.213,-1.4589,-1.0848,0.185
1/31/2022,0.823,0.9033,-0.4828,-0.9871,0.186
2/1/2022,0.08,6.4113,2.7167,3.5667,0.199
2/2/2022,-0.016,-0.2598,0.6297,-0.6417,0.194
2/3/2022,1.5835,-1.166,0.5945,0.3875,0.199
2/4/2022,2.2044,2.1712,2.2706,3.2811,0.23
2/7/2022,-0.3543,1.2038,1.399,1.3081,0.217
2/8/2022,-1.6388,-2.5853,-1.5897,-2.8284,0.274
2/9/2022,0.8645,-0.4735,0.5486,1.3921,0.279
2/10/2022,-0.3273,-0.962,0.2122,-0.3537,0.398
2/11/2022,2.783,2.5179,0.5142,1.5031,0.359
2/14/2022,0.9431,-1.5335,-2.3473,-1.4397,0.378
2/15/2022,-3.1344,-1.2535,-0.8937,-1.4608,0.406
2/16/2022,-1.1512,0.4616,0.995,2.2448,0.387
2/17/2022,0.9915,-0.1532,0.4236,-1.2995,0.356
2/18/2022,0.8883,-1.1121,-1.6104,-0.7622,0.34
2/21/2022,0.8883,-1.1121,-1.6104,-0.4054,0.34
2/22/2022,1.2357,-1.1634,-2.2348,0.2142,0.345
2/23/2022,1.0681,0.4054,0.2254,-0.6841,0.356
2/24/2022,0.151,-1.2635,-6.2962,0.7103,0.313
2/25/2022,-0.814,2.6913,5.348,1.9662,0.32
2/28/2022,2.5532,0.7451,-4.9463,-1.2157,0.307
3/1/2022,6.4315,0.9564,-2.4649,-0.679,0.321
3/2/2022,5.0125,1.7178,5.6862,5.0844,0.335
3/3/2022,-1.1801,0.6333,-4.55,-5.1027,0.342
3/4/2022,6.6148,3.7636,-2.54,-4.6487,0.326
3/7/2022,3.6622,3.6033,1.7494,7.459,0.326
3/8/2022,3.7149,0.7576,4.386,2.4043,0.355
3/9/2022,-11.6587,-5.6847,-2.4202,-2.695,0.382
3/10/2022,-1.8683,3.1042,0,-2.0562,0.378
3/11/2022,3.1596,-0.5155,-2.618,0.2356,0.379
3/14/2022,-4.6597,-3.5798,-1.4503,-2.1586,0.397
3/15/2022,-5.7798,-5.6913,0.682,1.0048,0.463
3/16/2022,-0.51,-0.3756,1.9964,-1.9247,0.416
3/17/2022,7.9086,2.6648,1.503,2.7343,0.387
3/18/2022,1.3029,-0.3925,-1.0331,-1.0947,0.391
3/21/2022,6.5648,4.4871,3.6882,4.796,0.454
3/22/2022,-1.2321,-0.438,-0.4362,-0.0207,0.496
3/23/2022,4.3152,1.5762,3.6737,3.6247,0.48
3/24/2022,-2.6846,0.3007,-0.065,-0.2998,0.496
3/25/2022,1.2414,2.1828,1.0085,1.5437,0.528
3/28/2022,-7.6914,-2.8052,-3.6071,-3.001,0.538
3/29/2022,2.1736,-0.5313,-1.0692,-2.6257,0.547
3/30/2022,2.3112,1.7118,1.5535,3.9925,0.534
3/31/2022,-4.8646,-1.4204,-2.2281,0.3216,0.496
4/1/2022,0.0675,0.6417,1.4966,0.8616,0.518
4/4/2022,3.6268,0.0481,-0.1676,0.2781,0.555
4/5/2022,-2.6802,-0.5171,-0.3021,0.8518,0.652
4/6/2022,-2.3396,1.1121,-0.3704,0.3732,0.673
4/7/2022,0.0821,1.6736,0.9125,-2.1331,0.679
4/8/2022,1.3678,2.1046,2.0429,3.7792,0.689
4/11/2022,-2.4423,-3.4431,-1.641,-1.4451,0.705
4/12/2022,5.0899,2.0871,1.9019,1.8768,0.742
4/13/2022,3.2114,1.4136,2.1938,0.6525,0.748
4/14/2022,1.4665,1.175,0.2563,1.0296,0.771
4/15/2022,1.4665,1.175,0.2563,1.0296,0.771
4/18/2022,1.0557,0.8198,-0.1278,1.0296,0.767
4/19/2022,-4.4149,-0.8922,0.512,1.2078,0.826
4/20/2022,0.4944,0.2279,-0.0318,-1.1374,0.818
4/21/2022,1.1393,-1.0573,-1.879,0.7544,0.803
4/22/2022,-2.3169,-2.1832,-3.0185,-2.3774,0.806
4/25/2022,-2.1753,-3.3713,-3.8487,-5.6184,0.814
4/26/2022,2.4246,0.0365,-1.3227,2.1333,0.823
4/27/2022,-0.1177,2.8558,0.8818,0.6763,0.827
4/28/2022,2.2391,3.0246,2.6224,2.2525,0.818
4/29/2022,-1.1783,-2.2362,-2.1465,-0.0193,0.834
5/2/2022,1.5811,1.3607,0.4875,-3.305,0.787
5/3/2022,-2.1562,2.0599,8.0388,5.2768,0.912
5/4/2022,4.6029,3.98,2.1488,0.019,0.871
5/5/2022,0.3241,-1.5158,-1.978,2.2589,0.819
5/6/2022,2.0502,1.5281,2.05,-0.2599,0.837
5/9/2022,-6.7698,-7.8853,-6.8424,-3.1081,0.823
5/10/2022,-2.6642,0.663,0.7075,0.2113,0.903
5/11/2022,4.8974,2.0819,1.104,3.8336,0.903
5/12/2022,1.3431,0.4494,-0.9345,-2.7875,0.944
5/13/2022,2.5874,2.9664,2.972,2.6965,0.978
5/16/2022,2.2515,2.352,1.7383,1.6457,1.009
5/17/2022,-2.4064,1.2754,1.4829,1.237,1.067
5/18/2022,-2.2439,-1.5851,-1.1753,0.7008,1.022
5/19/2022,1.6269,0.5405,-0.2572,-1.0314,1.014
5/20/2022,1.3279,0.79,0.8057,0.3637,1.021
5/23/2022,0.3919,2.2099,2.6535,1.7938,1.015
5/24/2022,0.0366,0.5432,-0.0934,-1.78,1.06
5/25/2022,0.5854,2.0127,0.904,1.2686,1.06
5/26/2022,2.5582,0.3531,0.9268,0.9306,1.051
5/27/2022,1.0285,0.983,-0.3367,-0.6028,1.055
5/30/2022,1.0285,0.983,-0.3367,-0.6778,1.055
5/31/2022,0.0117,-1.6293,-0.5835,0.3951,1.058
6/1/2022,0.0819,1.9167,0.9886,-1.0197,1.13
6/2/2022,1.9991,-0.1738,0.3977,-0.5422,1.131
6/3/2022,2.5444,1.4539,0.4875,0.6542,1.173
6/6/2022,-1.2071,-0.2523,0.3639,1.2638,1.201
6/7/2022,1.8667,4.5832,3.2931,1.2658,1.254
6/8/2022,2.1657,1.1802,-0.2047,0.3345,1.251
6/9/2022,-0.9892,-2.1608,-1.7585,-1.1756,1.264
6/10/2022,-1.043,-1.8274,-3.1623,-2.7876,1.341
6/13/2022,0.2552,-4.5889,-3.8201,-2.6119,1.6
6/14/2022,-2.1138,0.2608,-1.1531,-0.1875,1.776
6/15/2022,-1.7185,-1.2591,0.5185,-1.0334,1.619
6/16/2022,0.8398,-3.6885,-4.6422,-4.4048,1.533
6/17/2022,-4.9281,-5.7665,-6.1528,-5.1639,1.602
6/20/2022,-4.9281,-5.7665,-6.1528,2.8063,1.602
6/21/2022,0.8519,6.2239,4.8991,1.8741,1.543
6/22/2022,-3.7716,-3.9571,-3.5371,-3.5393,1.557
6/23/2022,-2.3492,-3.0162,-2.5988,-1.9693,1.596
6/24/2022,2.8995,1.9833,3.1798,2.8336,1.662
6/27/2022,2.0426,2.4511,1.6649,0.8637,1.667
6/28/2022,2.1584,2.7743,1.2892,2.9358,1.736
6/29/2022,-2.0892,-3.694,-1.032,0.3169,1.717
6/30/2022,-3.1344,-2.8143,-1.4599,-1.8954,1.667
7/1/2022,1.6428,2.2303,-0.2469,-1.2075,1.662
7/4/2022,1.6428,2.2303,-0.2469,4.4612,1.662
7/5/2022,-8.4364,-3.1296,-3.9958,-8.6388,1.688
7/6/2022,-1.4844,-1.804,-1.5838,-1.6009,1.885
7/7/2022,3.9093,3.194,3.9671,4.1866,1.907
7/8/2022,2.5996,0.1629,0.216,0.5621,1.914
7/11/2022,-0.3947,-0.5112,-1.3649,-0.8282,2.03
7/12/2022,-6.9283,-1.3312,-2.1122,-1.2735,2.173
7/13/2022,0.5219,0.4024,0.4836,0.1903,2.361
7/14/2022,-0.4645,-2.0038,-3.6653,-3.588,2.351
7/15/2022,1.2217,1.6839,2.4596,2.3205,2.342
7/18/2022,4.1633,1.8453,2.5131,2.7386,2.328
7/19/2022,1.6144,2.5203,2.6711,-0.479,2.487
7/20/2022,-0.5253,1.0989,0.2851,0.837,2.466
7/21/2022,-2.7692,-1.6697,-1.2793,-1.2866,2.431
7/22/2022,-1.2717,-0.7635,-0.8279,0.9039,2.417
7/25/2022,2.2675,3.3303,2.069,1.5833,2.472
7/26/2022,-1.3907,-0.389,-0.1778,1.7022,2.51
7/27/2022,3.6056,2.1645,2.4581,1.5124,2.405
7/28/2022,-0.9503,1.1685,-1.0083,0.6953,2.362
7/29/2022,1.1928,4.6308,3.1963,2.4265,2.364
8/1/2022,-3.7412,-2.5276,-1.1232,-1.7142,2.331
8/2/2022,1.0648,-0.434,1.0671,1.6461,2.484
8/3/2022,-3.1608,-3.2423,1.124,0,2.48
8/4/2022,-2.72,-4.2079,-1.1452,-2.3713,2.433
8/5/2022,0.014,1.4451,1.0562,0.7899,2.504
8/8/2022,2.7956,0.5653,1.6858,0.5486,2.519
8/9/2022,-0.1224,1.8437,1.3594,0.6625,2.613
8/10/2022,1.1845,0.9493,0.7524,-0.542,2.582
8/11/2022,2.6372,2.865,3.183,2.7716,2.543
8/12/2022,-1.7042,0.8692,0.7957,0.1529,2.551
8/15/2022,-2.8007,-1.7872,-2.2419,-1.2977,2.57
8/16/2022,-2.2503,-0.9315,-0.0969,-0.3867,2.634
8/17/2022,1.137,0.8091,1.1639,0.3494,2.628
8/18/2022,2.9979,2.3644,2.0134,1.6441,2.646
8/19/2022,-0.2021,-0.3179,-1.2845,0.628,2.668
8/22/2022,0.8372,-0.0744,0.6347,0.4728,2.722
8/23/2022,2.879,4.2442,2.649,3.6138,2.717
8/24/2022,1.5749,0.5918,-0.7988,-1.3806,2.763
8/25/2022,-1.9733,0.5173,1.1768,1.2341,2.806
8/26/2022,-0.8497,-1.2312,-1.0407,0.091,2.829
8/29/2022,3.7442,2.299,0.433,1.4725,2.879
8/30/2022,-4.092,-3.8054,-3.2338,-2.5797,2.913
8/31/2022,-3.1271,-0.7476,-1.846,-2.7032,2.925
9/1/2022,-2.9545,-1.7994,-0.8106,-0.3213,2.931
9/2/2022,0.6765,1.8323,1.7653,1.7254,2.894
9/5/2022,0.6765,1.8323,1.7653,1.5657,2.894
9/6/2022,-0.014,-0.6695,0,-1.3397,2.932
9/7/2022,-5.3206,-0.8531,-1.4777,-2.9018,3.01
9/8/2022,0.6951,0.8179,0.0978,0.4406,3.023
9/9/2022,4.4206,1.6753,3.2248,1.1635,3.033
9/12/2022,1.7862,1.1503,1.3885,1.1124,3.073
9/13/2022,-0.4974,-2.3358,-1.1204,-0.0746,3.199
9/14/2022,0.9999,2.4546,0.9758,1.1196,3.191
9/15/2022,-4.0836,-2.9078,-1.808,-1.6608,3.157
9/16/2022,0.2007,-1.7083,-1.5556,-1.6138,3.133
9/19/2022,0.2146,-0.0107,-0.3547,0.3815,3.152
9/20/2022,-1.1849,-0.8155,0.3236,-0.114,3.249
9/21/2022,-0.7801,-1.6119,-1.5484,1.9403,3.262
9/22/2022,0.4222,-0.4178,0.8847,0.0373,3.209
9/23/2022,-5.2922,-5.3219,-8.8016,-7.0509,3.19
9/26/2022,-3.2456,-2.0641,-2.9202,-1.1439,3.241
9/27/2022,1.9304,2.0957,1.0638,1.9285,3.284
9/28/2022,4.2068,3.6389,3.6661,0.6572,3.325
9/29/2022,-0.5363,-0.2026,0.6653,0.2968,3.302
9/30/2022,-2.2315,-1.5449,-0.6957,1.1442,3.27
10/3/2022,3.9982,5.28,5.4291,3.1988,3.23
10/4/2022,3.5204,3.6445,3.9203,1.323,3.383
10/5/2022,2.362,4.0411,0.3197,1.3244,3.373
10/6/2022,1.4595,2.9661,-0.7648,-3.148,3.378
10/7/2022,2.8908,-1.0092,-0.1927,1.4446,3.356
10/10/2022,-1.7577,-2.1677,-2.3488,-0.5246,3.356
10/11/2022,-2.7514,-0.8499,-1.7792,-1.3185,3.44
10/12/2022,-1.1429,0.4388,0.4696,-0.9544,3.616
10/13/2022,2.2416,3.4949,4.0067,2.8522,3.705
10/14/2022,-3.2405,-2.6308,-2.6324,-1.9112,3.717
10/17/2022,-0.057,1.4417,0.4946,0.745,3.764
10/18/2022,-2.0391,0.1789,0,-1.7823,3.891
10/19/2022,1.9505,2.9663,1.378,1.0425,3.981
10/20/2022,0.1999,0.1349,0.1942,1.8151,3.985
10/21/2022,0.5557,1.857,1.292,0.6755,3.985
10/24/2022,-0.2692,0.699,1.4031,-0.0559,4.007
10/25/2022,0.3268,-0.6754,0.8805,-1.4733,4.026
10/26/2022,3.3423,1.19,0.717,0.5868,4.018
10/27/2022,0.8908,0.3827,2.8474,5.8525,4.028
10/28/2022,-1.0867,2.9289,-0.2407,0.0889,4.068
10/31/2022,-1.7715,0.0994,0.3922,-0.6394,4.074
11/1/2022,2.2228,0.9927,-0.2404,1.9128,4.126
11/2/2022,1.3129,-2.0552,-1.3253,-1.07,4.132
11/3/2022,-1.0664,1.3594,0.8547,1.3121,4.133
11/4/2022,4.8165,1.0891,2.6634,0.77,4.109
11/7/2022,-0.3385,1.1842,1.2087,-0.3647,4.078
11/8/2022,-2.7299,0.3168,-1.7477,-2.388,4.182
11/9/2022,-3.7599,-4.4737,-3.0822,-3.1786,4.194
11/10/2022,0.7953,1.4692,1.9177,-1.0458,4.168
11/11/2022,2.9623,3.1222,2.7011,1.2792,4.168
11/14/2022,-3.3208,0.2896,-0.857,-0.6501,4.166
11/15/2022,1.8634,0.6704,1.073,1.776,4.183
11/16/2022,-1.6519,-1.069,0.1769,-0.5511,4.22
11/17/2022,-2.6374,0.1328,1.1186,-0.2586,4.222
11/18/2022,-1.5825,-0.8668,-0.9025,-0.1111,4.241
11/21/2022,0,-0.9904,-2.6733,-2.9106,4.203
11/22/2022,1.3762,2.8927,5.3124,5.022,4.213
11/23/2022,-3.6725,-0.4992,0.258,-0.3273,4.271
11/24/2022,-3.6725,-0.4992,0.258,-0.4378,4.271
11/25/2022,-0.6676,-0.3521,0.829,0.8428,4.289
11/28/2022,-0.1195,-3.0033,-1.531,-0.7267,4.29
11/29/2022,2.183,0.6648,1.67,1.757,4.325
11/30/2022,2.7656,0.7237,1.6709,1.6727,4.349
12/1/2022,0.3133,-0.485,-0.5014,-1.5921,4.309
12/2/2022,-0.8659,-0.8484,-1.0078,-0.6471,4.284
12/5/2022,-3.0355,-2.7399,-1.0181,-0.2714,4.273
12/6/2022,-3.6769,-2.7796,-1.8,-0.4354,4.306
12/7/2022,-2.4222,-0.2214,-1.3384,-1.9315,4.288
12/8/2022,-1.4768,0.7429,0.059,-0.2973,4.257
12/9/2022,0.2232,-0.8428,-0.6484,-0.5404,4.281
12/12/2022,2.4821,2.4628,1.1569,0.2061,4.276
12/13/2022,2.2512,1.0934,2.6686,0.9723,4.338
12/14/2022,2.2776,-0.7366,-0.5998,-0.8148,4.316
12/15/2022,-1.7963,-0.9581,-1.4943,-1.699,4.306
12/16/2022,-1.8896,-0.7018,-1.7503,-2.0893,4.28
12/19/2022,1.8028,0.4489,0.8017,2.0757,4.254
12/20/2022,0.227,1.4453,0.3829,0.6651,4.302
12/21/2022,2.7786,1.2841,2.7876,1.6991,4.321
12/22/2022,-0.5289,-2.0174,-1.7699,-0.3713,4.316
12/23/2022,2.3929,2.6445,1.7437,0.8198,4.307
12/26/2022,2.3929,2.6445,1.7437,0.8198,4.307
12/27/2022,0.3029,1.3894,0.0857,0.499,4.284
12/28/2022,-1.3663,-1.6426,-1.3128,-1.5263,4.443
12/29/2022,-0.0729,0.7566,0.347,-0.0934,4.39
12/30/2022,2.3056,1.0073,0.6628,-1.0093,4.374
1/2/2023,2.3056,1.0073,0.6628,2.7379,4.374
1/3/2023,-3.523,-3.4361,-1.7463,-0.7168,4.368
1/4/2023,-4.9379,0.2911,-1.5734,-3.5542,4.509
1/5/2023,0.7465,2.2374,0.3552,0.8253,4.611
1/6/2023,0.0772,1.2087,1.6519,2.075,4.605
1/9/2023,1.6196,-1.8637,0.8996,1.0257,4.609
1/10/2023,0.0304,1.4935,0.2301,-0.2215,4.612
1/11/2023,3.2625,1.1627,0.5452,1.0176,4.669
1/12/2023,0.8229,1.6611,0.7705,0.5678,4.59
1/13/2023,2.0988,-0.0618,0.708,0.4189,4.598
1/16/2023,2.0988,-0.0618,0.708,-0.7073,4.598
1/17/2023,1.1563,-0.1944,0.3656,0.4566,4.596
1/18/2023,-1.9052,-2.0544,-0.9807,-0.0545,4.663
1/19/2023,1.5537,0.6419,0.5659,-1.6191,4.651
1/20/2023,1.36,1.8236,-0.1125,-0.074,4.652
1/23/2023,-0.0699,-0.5205,0.2254,-0.0555,4.659
1/24/2023,-1.7902,0.9312,-0.8151,-1.0554,4.68
1/25/2023,0.413,-0.5272,-0.1417,-0.6549,4.672
1/26/2023,0.5957,4.0191,2.8661,0.5462,4.671
1/27/2023,-2.0161,-1.8257,0.1931,1.5174,4.671
1/30/2023,-2.0144,-1.7732,-0.413,-0.1661,4.657
1/31/2023,1.7915,2.1574,0.1659,-0.2957,4.665
2/1/2023,-2.8275,-1.0947,0.5796,-0.7786,4.65
2/2/2023,-1.1728,-3.1288,-3.4029,-1.7377,4.627
2/3/2023,-3.2597,0.6928,-0.142,2.3008,4.653
2/6/2023,1.7081,-0.1698,-0.8819,-0.1859,4.648
2/7/2023,3.4504,2.8551,8.3525,2.7747,4.67
2/8/2023,1.3577,-0.8702,2.3841,-0.1812,4.707
2/9/2023,-1.1066,0.3775,2.3286,1.2706,4.751
2/10/2023,2.871,4.2151,2.7813,2.8679,4.758
2/13/2023,-0.5296,-0.386,-0.0984,0.3659,4.768
2/14/2023,-0.1439,-1.1715,1.0096,0.7986,4.751
2/15/2023,-0.5476,-0.3006,-0.3413,-0.0344,4.771
2/16/2023,-0.8258,-0.2929,1.1414,1.2711,4.801
2/17/2023,-2.0891,-3.8452,-2.2711,-1.8716,4.804
2/20/2023,-2.0891,-3.8452,-2.2711,-0.4024,4.804
2/21/2023,-0.4924,-0.0988,-0.6247,-0.6852,4.814
2/22/2023,-2.6541,-1.2953,-2.1121,-1.4682,4.828
2/23/2023,2.2489,0.9204,1.9265,1.3465,4.817
2/24/2023,1.0847,0.009,0.0504,0.2657,4.806
2/27/2023,-1.2668,-0.1806,1.3098,1.8198,4.779
2/28/2023,1.4491,-0.5789,-1.5415,0.1041,4.812
3/1/2023,1.2796,0.8916,0.8333,0.052,4.854
3/2/2023,0.3379,0.4599,0.8264,1.7325,4.853
3/3/2023,2.284,1.2657,-0.0994,-0.7323,4.851
3/6/2023,0.9018,0.8864,0.4973,0.4632,4.853
3/7/2023,-3.7452,-1.933,-1.5339,-0.5464,4.945
3/8/2023,-1.1054,-1.4604,-0.3518,-0.1717,5.003
3/9/2023,-1.2817,-0.7729,-0.8069,-0.2408,4.98
3/10/2023,1.3587,-1.2371,-0.8388,-0.5862,4.908
3/13/2023,-2.815,-1.1505,-2.5634,-4.1103,4.792
3/14/2023,-3.5556,0.3754,0.6314,1.4469,4.8
3/15/2023,-4.6242,-4.9748,-6.2745,-7.8624,4.66
3/16/2023,0.05,-0.5806,-0.6416,-2.0317,4.665
3/17/2023,-2.3147,-1.1779,-1.2633,0.2173,4.396
3/20/2023,1.9264,2.6142,1.7913,1.2613,4.589
3/21/2023,2.4084,4.4802,3.4078,2.3355,4.669
3/22/2023,0.6206,-2.2889,-0.5402,0.5515,4.703
3/23/2023,-1.0063,-1.1282,-0.9234,-1.8347,4.646
3/24/2023,-0.0492,0.116,-1.6447,-2.736,4.65
3/27/2023,5.2329,2.1926,2.7871,1.1886,4.685
3/28/2023,0.6235,1.2476,1.4913,1.5466,4.697
3/29/2023,-0.6197,1.7177,0.6946,1.5038,4.751
3/30/2023,1.8239,0.4864,0.7694,0.5508,4.827
3/31/2023,1.7146,0.1553,-0.1053,0.0756,4.749
4/3/2023,5.7646,5.9001,4.7443,4.0581,4.756
4/4/2023,0,-0.9558,-1.0317,-1.5781,4.8
4/5/2023,-0.0427,1.7127,1.4238,0.4607,4.825
4/6/2023,0.0285,-1.6583,-0.9526,1.7245,4.838
4/7/2023,0.0285,-1.6583,-0.9526,1.7245,4.857
4/10/2023,-0.7116,-0.4433,0.4809,1.7245,4.992
4/11/2023,1.8779,0.7072,0.403,0.523,4.988
4/12/2023,1.9136,-0.104,0.853,0.287,5.007
4/13/2023,-0.8698,0.4686,0.6468,0.0179,5.001
4/14/2023,0.4039,0.2419,0.2966,0.4471,5.05
4/17/2023,-1.7339,-1.1633,-0.3696,-0.2137,5.059
4/18/2023,-0.1553,1.9529,0.5442,0.5353,5.116
4/19/2023,-2.0218,-0.3164,-1.4514,-0.3017,5.121
4/20/2023,-2.4531,-0.7978,-0.4993,-0.4807,5.076
4/21/2023,0.9024,0.32,-0.5519,-0.0716,5.067
4/24/2023,1.5247,1.8878,1.1604,0.3938,5.001
4/25/2023,-2.3538,-1.4213,-1.3217,-1.373,5.04
4/26/2023,-3.3422,-0.9183,-0.3791,0.2712,5.125
4/27/2023,0.6885,1.1953,-0.2029,-0.9556,5.152
4/28/2023,2.568,1.2925,2.3894,2.2756,5.056
5/1/2023,-1.4074,-3.1012,-0.6703,2.2756,5.022
5/2/2023,-5.2592,-3.9853,-8.073,-4.6814,5.145
5/3/2023,-4.3458,-1.9709,-0.87,-0.7283,5.208
5/4/2023,0.6467,-1.7511,-0.96,1.4485,5.216
5/5/2023,3.8386,2.4896,2.8247,2.5032,5.22
5/8/2023,1.9515,0.3957,-0.2693,0.4703,5.214
5/9/2023,0.9493,0.0275,-0.108,-0.4681,5.214
5/10/2023,-0.7399,-1.2828,-0.6488,0.5065,5.221
5/11/2023,-1.7705,-1.8099,-1.0433,-0.558,5.161
5/12/2023,-1.8656,-0.0095,-0.4448,0.9593,5.172
5/15/2023,1.4822,0.1891,1.0612,0.3586,5.133
5/16/2023,-0.7144,-2.427,-1.7961,-1.0897,5.165
5/17/2023,3.2939,2.2435,1.2943,0.7405,5.228
5/18/2023,-0.8669,0.9063,-0.1111,0.7964,5.235
5/19/2023,-0.2186,0.4633,0.1947,0.413,5.242
5/22/2023,0.0156,-1.214,-0.3886,-0.5186,5.245
5/23/2023,1.5021,1.3623,0.808,1.0965,5.265
5/24/2023,1.2178,1.1184,-0.387,-1.1735,5.34
5/25/2023,-2.3911,-1.7938,-1.8868,-2.249,5.304
5/26/2023,1.1078,-0.653,0.5373,0.7731,5.263
5/29/2023,1.1078,-0.653,0.5373,0.2922,5.263
5/30/2023,-3.858,-0.886,-1.5752,-2.7317,5.265
5/31/2023,-2.6806,-1.7878,-3.6582,-1.9285,5.403
6/1/2023,3.1667,1.1548,2.9961,1.4318,5.365
6/2/2023,2.558,2.322,2.6786,1.5622,5.371
6/5/2023,-0.1871,-0.4444,-0.8696,-0.3892,5.295
6/6/2023,-0.3748,0.8168,-0.1132,-0.3721,5.268
6/7/2023,1.4422,2.2421,1.1615,1.1018,5.288
6/8/2023,-1.9317,-0.3133,0.28,0.6649,5.238
6/9/2023,-0.8352,-0.7394,-0.9495,-0.0917,5.247
6/12/2023,-4.2746,-0.9032,-1.9735,-1.3958,5.226
6/13/2023,3.1541,0.0188,0.8916,1.0989,5.217
6/14/2023,-0.4989,-1.2026,-0.0855,0.7001,5.24
6/15/2023,2.5554,0.6942,0.9415,1.0611,5.215
6/16/2023,1.4824,-0.7177,-0.0848,0.4707,5.224
6/19/2023,1.4824,-0.7177,-0.0848,0.036,5.224
6/20/2023,-0.6682,-2.2924,-0.7921,-1.0447,5.226
6/21/2023,1.7522,1.1195,1.0265,1.3833,5.293
6/22/2023,-3.8745,-0.5488,-0.5363,-1.2567,5.295
6/23/2023,-0.1599,-0.8712,-1.2202,-0.3455,5.295
6/26/2023,0.4966,1.8457,1.2353,0.7663,5.315
6/27/2023,-2.2796,0.2493,-1.1067,-1.032,5.297
6/28/2023,1.9902,0.813,0.1148,-0.1829,5.34
6/29/2023,0.7038,1.2334,0.2293,0.1833,5.339
6/30/2023,0.9371,0.5155,0.9151,0.9696,5.298
7/3/2023,-0.2518,0.1958,1.8135,1.2865,5.302
7/4/2023,-0.2518,0.1958,1.8135,0.4114,5.343
7/5/2023,1.9561,-0.5118,-1.7534,-1.7994,5.348
7/6/2023,-0.294,-3.7321,-1.4448,-2.7213,5.36
7/7/2023,2.1881,0.2332,1.3222,1.063,5.364
7/10/2023,-0.4708,1.4831,-0.1135,0.6274,5.365
7/11/2023,2.2734,1.2227,1.9881,1.137,5.401
7/12/2023,1.2532,0.4907,1.1139,0.9248,5.386
7/13/2023,1.7976,-1.8312,0.6059,-0.1797,5.39
7/14/2023,-2.3448,-3.4437,-2.7649,-1.5839,5.385
7/17/2023,-1.3191,0.4359,-0.5631,-0.4023,5.397
7/18/2023,2.0727,-0.4537,1.3307,0.4223,5.4
7/19/2023,-0.3973,0.6936,1.0059,0.8045,5.409
7/20/2023,0.5318,1.7615,1.0788,1.4148,5.408
7/21/2023,1.3813,0.4642,0.4379,0.9122,5.414
7/24/2023,2.4641,1.569,1.3079,1.3116,5.417
7/25/2023,0.6649,0.1516,0.1345,-0.6298,5.422
7/26/2023,-0.7026,-0.5583,-0.3492,-0.2289,5.426
7/27/2023,1.0897,0.314,-1.186,-1.0411,5.429
7/28/2023,0.924,-1.1952,0.1364,-1.2482,5.424
7/31/2023,1.4981,2.957,1.6072,1.0654,5.416
8/1/2023,-0.287,-0.5781,-0.9115,-0.8397,5.408
8/2/2023,-2.0285,-1.2474,-2.5162,-1.4414,5.41
8/3/2023,2.3223,1.7381,1.1934,0.8227,5.405
8/4/2023,0.8887,0.2801,0.9325,1.7407,5.404
8/7/2023,0.0407,-0.2048,0.6522,-0.2139,5.411
8/8/2023,0.3251,0.4944,-0.189,-0.1607,5.441
8/9/2023,1.4043,1.6987,1.2172,2.0394,5.443
8/10/2023,-1.1984,0.5111,0.2571,0.9342,5.436
8/11/2023,0.0674,1.5529,0.0539,-0.3335,5.426
8/14/2023,-0.5926,0.0805,-1.1321,-0.6164,5.438
8/15/2023,-1.6122,-2.5465,-1.663,-0.7443,5.434
8/16/2023,-1.7213,-1.6827,-0.499,-0.1428,5.45
8/17/2023,0.8547,1.9372,0.5573,0.6079,5.442
8/18/2023,1.1253,1.5129,0.4156,-0.3199,5.437
8/21/2023,-0.2885,-1.2087,0.9382,0.3209,5.439
8/22/2023,-0.4133,-0.5611,-0.5741,0.2133,5.434
8/23/2023,-1.2728,-0.8788,-1.0173,-0.8157,5.453
8/24/2023,0.0701,-0.7466,-0.6389,0.2146,5.468
8/25/2023,1.4564,1.7866,1.0623,0.446,5.481
8/28/2023,-0.0552,0.8406,1.3555,0.8348,5.495
8/29/2023,1.2567,0.5955,1.2555,0.0176,5.453
8/30/2023,0.4637,0.9744,0.5121,0.3522,5.466
8/31/2023,1.9006,0.2796,-0.295,0.2282,5.451
9/1/2023,2.478,2.0955,2.5551,1.4358,5.423
9/4/2023,2.478,2.0955,2.5551,0.0863,5.423
9/5/2023,1.092,0.0088,0.7081,1.2935,5.429
9/6/2023,0.9774,0.8632,1.1198,0.2554,5.472
9/7/2023,-0.7259,-0.489,-0.8241,0.3906,5.454
9/8/2023,0.449,1.4568,0.4155,-0.0338,5.458
9/11/2023,0.0894,-1.2542,-0.1552,0.3554,5.454
9/12/2023,1.6971,2.917,-1.3209,0.5734,5.448
9/13/2023,-0.0251,-0.8937,0.4199,-0.3689,5.472
9/14/2023,1.8072,1.7863,2.1955,2.3056,5.467
9/15/2023,0.2096,-1.5356,-0.8951,-0.0165,5.461
9/18/2023,0.1968,0.8055,-0.4903,0.1316,5.46
9/19/2023,0.0614,-0.2635,0.6743,0.8873,5.448
9/20/2023,-1.6687,-0.7926,-0.5152,-1.0261,5.477
9/21/2023,0.3369,-1.4089,-1.3206,-0.1975,5.48
9/22/2023,0.2736,0.1568,0.8659,0.2968,5.483
9/25/2023,-0.2977,1.1223,0.8065,0.0658,5.476
9/26/2023,0.6095,0.1549,-0.2839,-0.3286,5.467
9/27/2023,2.4975,3.2557,2.1739,1.467,5.486
9/28/2023,-1.6043,-0.6073,-0.1266,1.2021,5.465
9/29/2023,-0.8704,-1.582,-1.8007,-2.0706,5.451
10/2/2023,-1.818,-1.6584,-2.3244,-0.9015,5.466
10/3/2023,0.6802,0.173,-0.5817,-0.215,5.496
10/4/2023,-5.4298,-3.7382,-3.4309,-2.0554,5.501
10/5/2023,-2.1167,-2.2511,0.2754,0.4569,5.501
10/6/2023,0.2298,-1.6699,2.362,1.9542,5.511
10/9/2023,4.0049,3.4991,2.9783,2.8255,5.511
10/10/2023,-0.5445,-0.4237,0.6253,0.3857,5.489
10/11/2023,-1.3558,-3.5853,0.0777,-0.4642,5.501
10/12/2023,-0.3304,-0.0188,1.6559,1.2544,5.505
10/13/2023,4.7335,3.1934,1.8325,1.3342,5.493
10/16/2023,-0.7596,0.0728,0.5249,0.9404,5.493
10/17/2023,0.523,1.3097,1.4669,0.3882,5.504
10/18/2023,1.3198,1.4005,-0.2205,0.2784,5.495
10/19/2023,2.3046,0.062,-0.9578,-0.725,5.476
10/20/2023,-1.1998,-1.7165,-1.7853,-1.2741,5.46
10/23/2023,-2.2429,-1.4674,-1.7925,0.063,5.46
10/24/2023,-2.4845,-0.9685,-0.2828,-0.5033,5.436
10/25/2023,1.9888,0.1845,0.6961,-0.0474,5.47
10/26/2023,-2.001,-0.9117,-0.6144,-0.7749,5.457
10/27/2023,1.9118,-1.9052,-0.4637,0.1275,5.455
10/30/2023,-2.9479,0.3126,-0.7505,-0.6686,5.458
10/31/2023,-1.3544,-0.0283,-4.6154,-1.1699,5.469
11/1/2023,-0.3599,-0.1984,-1.3395,0.6648,5.46
11/2/2023,1.913,3.2847,2.1336,3.8177,5.431
11/3/2023,-1.7459,-1.219,-1.7906,-3.7704,5.41
11/6/2023,0.0802,-1.7721,0.2762,0.8384,5.422
11/7/2023,-4.1516,-1.568,-2.2865,-1.9188,5.427
11/8/2023,-2.2423,-1.2283,-1.607,-1.2716,5.434
11/9/2023,0.0855,0.0291,0.6195,0.5284,5.429
11/10/2023,2.1922,0.7673,1.1534,0.2628,5.409
11/13/2023,1.574,1.0506,1.7674,1.2451,5.425
11/14/2023,-0.3154,0.3815,0.4202,-1.0032,5.398
11/15/2023,-1.8572,-0.6041,-0.7252,0.2452,5.417
11/16/2023,-4.6117,-1.1576,-1.6016,-2.153,5.401
11/17/2023,3.9677,2.44,1.6848,1.835,5.392
11/20/2023,2.1908,-0.4383,0.7582,1.1903,5.399
11/21/2023,0.3181,-0.0383,-0.3902,-0.6208,5.39
11/22/2023,-1.2684,-0.4308,-1.3151,-2.1207,5.42
11/23/2023,-1.2684,-0.4308,-1.3151,1.3268,5.42
11/24/2023,-1.1032,0.5384,1.5594,0.5967,5.406
11/27/2023,-1.2143,-0.5833,0.335,-0.7744,5.404
11/28/2023,1.8582,-0.0577,0,0.3819,5.419
11/29/2023,1.7682,-1.5014,0.3617,-0.8933,5.401
11/30/2023,-3.2819,0.3909,0.6099,0.5508,5.394
12/1/2023,-1.2831,0.2433,-0.8542,0.8466,5.374
12/4/2023,-1.1121,-0.5437,-1.0839,-1.1687,5.381
12/5/2023,-1.2998,-1.9428,-0.8429,-0.1999,5.366
12/6/2023,-4.1728,-1.3242,-1.2468,-1.5354,5.404
12/7/2023,0.5405,-0.6962,-0.4591,-0.4576,5.395
12/8/2023,2.1809,1.1481,1.7584,1.5154,5.384
12/11/2023,0.4058,0.0703,-0.4816,0.0168,5.391
12/12/2023,-3.8174,-1.576,-1.0532,-1.1068,5.389
12/13/2023,1.6809,0.8873,0.7768,-0.2713,5.384
12/14/2023,2.8012,2.689,2.1981,0.8502,5.381
12/15/2023,-0.0149,-0.6694,-2.7654,-0.4215,5.385
12/18/2023,1.3999,0.7433,0.8905,0.9651,5.387
12/19/2023,1.8652,1.3182,0.7973,0.3522,5.371
12/20/2023,-0.8218,-1.6701,-1.0734,1.0361,5.386
12/21/2023,0.3489,0.4542,1.2564,-1.2239,5.375
12/22/2023,-0.4925,0.1769,-0.3666,0.1172,5.373
12/25/2023,-0.4925,0.1769,-0.3666,0.1172,5.373
12/26/2023,2.2128,0.2257,0.9624,0.1172,5.372
12/27/2023,-1.8373,-0.4699,0.1682,-0.2509,5.4
12/28/2023,-2.5247,-1.446,-1.1195,-0.3353,5.384
12/29/2023,-0.7889,-0.2096,0.1981,0.2692,5.344
1/1/2024,-0.7889,-0.2096,0.1981,0.2692,5.344
1/2/2024,-1.3203,2.3805,0.2825,1.0067,5.368
1/3/2024,3.6795,0.8402,1.4085,1.2791,5.392
1/4/2024,-0.9092,-0.8719,-0.6667,0.0656,5.392
1/5/2024,2.1607,0.303,0.755,-0.672,5.379
1/8/2024,-3.8099,-1.6662,-1.6653,-3.1848,5.387
1/9/2024,1.491,-1.2386,-1.5241,-0.2727,5.383
1/10/2024,-1.2316,-0.9832,-0.5446,-1.4698,5.383
1/11/2024,1.6376,-0.0203,-0.2594,-0.2949,5.377
1/12/2024,0.5469,1.2973,0.7223,0.8525,5.366
1/15/2024,0.5469,1.2973,0.7223,0.0518,5.366
1/16/2024,-1.132,-2.2611,-1.6638,-0.8966,5.364
1/17/2024,1.026,-0.7268,-1.1085,-2.0007,5.377
1/18/2024,1.6485,-0.1856,0.3835,-0.1953,5.365
1/19/2024,-0.3475,0.155,-0.5289,-0.4625,5.354
1/22/2024,1.2642,-0.1341,1.1817,-0.0179,5.361
1/23/2024,-0.043,1.1258,0,0.4468,5.362
1/24/2024,1.2633,1.7261,0.9051,0.2313,5.37
1/25/2024,2.3958,2.5402,1.7072,0.6391,5.358
1/26/2024,1.2045,0.8519,1.3656,1.4994,5.359
1/29/2024,-1.4364,0.1262,0,1.1644,5.361
1/30/2024,1.0548,1.6678,0.7297,0.481,5.36
1/31/2024,-2.5958,-1.9456,-2.2012,-0.6155,5.368
2/1/2024,-2.6086,-0.4085,0.0855,2.0643,5.367
2/2/2024,-2.2586,-0.4102,-1.3948,-1.3484,5.372
2/5/2024,0.9924,-0.4119,-1.1547,-0.2221,5.374
2/6/2024,0.924,0.6893,6.2792,0.9932,5.376
2/7/2024,0.8865,-0.0293,-0.6046,-0.5086,5.382
2/8/2024,3.0251,1.712,0.1106,0.1704,5.386
2/9/2024,0.2097,-2.116,0.4143,0.3403,5.383
2/12/2024,0.6139,1.3757,0.1925,0.3561,5.392
2/13/2024,0.7489,-0.853,-1.0705,0.1352,5.393
2/14/2024,-1.5141,-0.4934,-0.7769,-0.1012,5.392
2/15/2024,1.8029,2.8659,0.8003,-0.3052,5.38
2/16/2024,0.7825,0,-0.4493,1.1646,5.379
2/19/2024,0.7825,0,-0.4493,0.4232,5.379
2/20/2024,-1.3486,-0.9448,-0.1975,-0.826,5.371
2/21/2024,1.0771,2.0438,0.9045,0.5949,5.398
2/22/2024,0.5464,-0.0858,-0.5882,0.1183,5.405
2/23/2024,-2.2826,-0.8782,-0.3099,-0.2869,5.409
2/26/2024,1.2097,0.3948,-0.1696,-1.1341,5.413
2/27/2024,1.4562,-0.211,0.2831,0.1541,5.388
2/28/2024,-0.3114,0.2788,-1.2987,-0.6154,5.398
2/29/2024,-0.3532,0.1917,0.0858,0.0344,5.384
3/1/2024,2.181,1.2629,1.8577,1.2552,5.377
3/4/2024,-1.2673,-1.3983,0.0842,-1.1717,5.381
3/5/2024,-0.7567,1.2265,0.3645,-0.1203,5.372
3/6/2024,1.2117,1.0697,1.7318,1.187,5.391
3/7/2024,-0.148,0.562,0.0275,-0.17,5.388
3/8/2024,-1.172,0.9407,-0.0549,-0.0681,5.387
3/11/2024,0.3544,0.5905,0.2197,-0.1534,5.4
3/12/2024,-0.3667,-0.6421,0.4385,0.8363,5.393
3/13/2024,2.3722,1.1171,1.8281,1.1002,5.401
3/14/2024,1.6114,1.7712,0.4555,0.5023,5.402
3/15/2024,0.0393,-0.1794,0,0.3165,5.396
3/18/2024,2.1617,0.9257,0.8002,0.5314,5.395
3/19/2024,0.5771,0.7035,0.1323,1.371,5.385
3/20/2024,-1.5045,-0.0884,0.1321,-0.1955,5.392
3/21/2024,-0.5566,0.4425,-0.4223,0.6367,5.394
3/22/2024,-0.1822,0,0.1855,0.3245,5.376
3/25/2024,1.4085,1.0221,1.2169,0.8571,5.391
3/26/2024,-0.6044,-0.7501,-1.8035,-0.2405,5.363
3/27/2024,0.2846,1.037,-0.2928,-1.334,5.375
3/28/2024,1.574,1.1046,0.5873,0.847,5.371
3/29/2024,1.574,1.1046,0.5873,0.847,5.371
4/1/2024,1.194,0.6452,0.69,0.847,5.375
4/2/2024,1.4058,1.9574,1.8714,3.2143,5.365
4/3/2024,0.5694,0.0168,0.414,0.9546,5.366
4/4/2024,1.2554,0.3521,-1.0564,0.465,5.361
4/5/2024,0.158,1.3782,0.6771,0.4938,5.373
4/8/2024,-0.2427,-0.6756,0.6467,1.259,5.376
4/9/2024,-1.2774,0.5226,0.9766,0.561,5.363
4/10/2024,1.1583,0.8417,0.3309,1.4626,5.408
4/11/2024,-0.6578,-0.3355,0.5835,-0.2526,5.402
4/12/2024,-0.0245,-1.1659,-0.5296,3.0095,5.39
4/15/2024,0.1472,-0.5732,-0.9381,-1.4753,5.388
4/16/2024,-0.3919,-0.8272,-1.1262,-1.7029,5.375
4/17/2024,-2.9755,-0.0506,-0.6731,0.1493,5.407
4/18/2024,-0.1647,-0.0927,-1.1728,-0.1789,5.407
4/19/2024,0.0889,1.1475,1.5823,-0.0149,5.405
4/22/2024,-0.0888,0.5672,1.0125,1.3447,5.405
4/23/2024,1.5232,0.3898,0.9766,-0.1032,5.377
4/24/2024,-0.4251,0.0165,0.1273,0.3985,5.425
4/25/2024,1.0045,0.2313,0.7117,0.0735,5.412
4/26/2024,-0.0622,-2.7775,-0.3786,0.0147,5.402
4/29/2024,-1.1071,1.4242,0,-0.0881,5.403
4/30/2024,-1.4088,-1.1451,-1.7735,-0.8232,5.4
5/1/2024,-3.1258,-1.894,-1.4186,-0.8232,5.415
5/2/2024,0,0.181,1.1774,0.0445,5.402
5/3/2024,-1.0536,-0.2065,0.0776,-0.8148,5.396
5/6/2024,0.7054,0.6466,0.8786,0.8813,5.399
5/7/2024,-0.2115,-0.4968,-3.7398,0.3405,5.402
5/8/2024,0.8079,-0.0172,-0.133,-0.3394,5.407
5/9/2024,0.5387,1.9716,1.3589,0.5626,5.402
5/10/2024,-1.5944,-0.4053,-0.5258,1.3104,5.402
5/13/2024,1.1023,-0.0424,0.6871,-0.2035,5.396
5/14/2024,-1.2085,0.6022,-0.3675,-1.1504,5.391
5/15/2024,0.8908,0.7733,-0.5269,-0.9428,5.404
5/16/2024,0.4876,-0.5988,-0.5662,-0.5462,5.401
5/17/2024,0.9443,1.5017,1.024,-0.6643,5.4
5/20/2024,-0.3118,-0.8108,-0.6135,0.0608,5.399
5/21/2024,-0.7429,-0.691,-0.5368,0.1215,5.393
5/22/2024,-1.6938,-2.011,-1.3492,-1.0771,5.411
5/23/2024,-0.561,-1.7059,-0.3829,0.3987,5.41
5/24/2024,1.2089,-0.0793,0.8237,-0.1222,5.405
5/27/2024,1.2089,-0.0793,0.8237,0.4741,5.405
5/28/2024,3.0657,1.2696,1.8519,-0.1522,5.407
5/29/2024,-1.4036,-1.0709,-0.7487,0.8232,5.413
5/30/2024,-1.3582,0.3168,-0.5119,-0.2873,5.411
5/31/2024,-0.94,2.8687,1.733,0.6975,5.405
6/3/2024,-3.9963,-2.3964,-3.1142,-0.9788,5.404
6/4/2024,-1.0302,-1.5553,-2.3077,-2.2658,5.4
6/5/2024,1.1253,0.3994,-0.6468,-0.1089,5.405
6/6/2024,1.9057,0.7514,0.3397,0.6854,5.398
6/7/2024,-0.3276,-1.0705,-0.536,0.0464,5.396
6/10/2024,3.3416,0.2927,1.8718,1.1443,5.39
6/11/2024,0.0663,-0.8047,-0.696,-0.0612,5.372
6/12/2024,0.6224,-1.1055,-0.3084,-0.2601,5.392
6/13/2024,-0.3159,-0.8023,-1.0405,-0.6135,5.389
6/14/2024,0.4489,-0.8451,-0.8525,-0.463,5.385
6/17/2024,2.2476,-0.6874,0.6306,0.3411,5.388
6/18/2024,1.1313,0.9413,0.7975,0.3399,5.383
6/19/2024,1.1313,0.9413,0.7975,0.4312,5.383
6/20/2024,0.9406,2.1576,0.9042,0.7666,5.374
6/21/2024,-0.9571,-0.877,-0.5601,0.0304,5.364
6/24/2024,1.335,2.9704,2.0839,0.8823,5.352
6/25/2024,-1.0038,0.2806,-0.469,0.6031,5.351
6/26/2024,-0.1901,0.035,-0.9978,-0.7944,5.378
6/27/2024,1.4857,0.4283,0.6999,0.8309,5.372
6/28/2024,-0.4129,0.1915,0.3614,0.6743,5.358
7/1/2024,2.4501,-0.139,0.9141,0.8483,5.361
7/2/2024,-0.5273,-0.6785,0.9058,0.5165,5.37
7/3/2024,0.1973,0.508,0.5713,-0.5139,5.388
7/4/2024,0.1973,0.508,0.5713,1.2397,5.388
7/5/2024,0.0492,-1.2112,0.2164,-1.0641,5.38
7/8/2024,-1.0946,-1.0497,-1.3495,-0.8398,5.375
7/9/2024,-0.8083,-1.1054,-4.788,-0.2675,5.358
7/10/2024,0.8901,0.8834,0.2874,0.2086,5.372
7/11/2024,0.5716,1.1883,0.4298,-0.2974,5.344
7/12/2024,-0.8525,0.0177,0.3994,0.0596,5.338
7/15/2024,-0.162,1.7127,-0.4547,-0.1937,5.332
7/16/2024,-1.323,0.7204,-0.3997,-0.7018,5.335
7/17/2024,1.9732,1.3788,1.5191,0.6165,5.342
7/18/2024,-0.8931,0.9861,0.48,1.2704,5.34
7/19/2024,-2.378,-2.298,-0.5901,-1.6086,5.334
7/22/2024,-0.4872,-0.6892,-0.1413,-0.12,5.326
7/23/2024,-1.2883,-1.6136,-1.0756,-1.1864,5.303
7/24/2024,0.248,1.4108,-0.8584,0.3647,5.314
7/25/2024,0.8462,2.1042,1.5296,-0.2877,5.309
7/26/2024,-1.7428,-0.0852,0.199,0.4252,5.295
7/29/2024,-1.2088,-1.0483,-0.8227,-0.0302,5.287
7/30/2024,-0.9709,1.7829,-0.4291,-0.1059,5.289
7/31/2024,4.405,0.3554,1.6662,2.3471,5.287
8/1/2024,-1.8652,-1.3829,-1.7802,-0.577,5.257
8/2/2024,-3.8013,-0.0599,-1.9563,-2.3512,5.181
8/5/2024,-0.2316,-1.8053,-3.1984,-3.566,5.214
8/6/2024,-1.0516,-0.5315,-0.1516,0.4425,5.204
8/7/2024,3.0918,1.3315,0.3339,2.297,5.223
8/8/2024,0.897,1.9104,1.3616,0.3999,5.222
8/9/2024,1.1412,0.8143,0.7164,0.2604,5.215
8/12/2024,3.1619,0.1262,1.1726,0.9167,5.213
8/13/2024,-1.2591,-0.958,0.1783,-0.3785,5.181
8/14/2024,-1.3524,0.9248,-0.0297,0.228,5.208
8/15/2024,1.0706,0.6137,1.2463,1.2054,5.223
8/16/2024,-1.4081,-0.4717,-0.0293,-0.3479,5.213
8/19/2024,-2.5419,0.3046,0.088,0.774,5.197
8/20/2024,-0.7394,-3.3325,-2.2261,-2.7108,5.174
8/21/2024,-1.666,-0.6371,0.4194,-0.356,5.149
8/22/2024,1.3499,0.7729,-0.0597,-0.2175,5.165
8/23/2024,2.6774,1.3859,1.8209,0.5916,5.134
8/26/2024,3.0179,2.1406,0.8209,1.1144,5.132
8/27/2024,-1.7217,-0.9511,-0.0291,-0.3521,5.108
8/28/2024,-1.3204,-0.9857,-0.4363,-0.7373,5.11
8/29/2024,1.7091,1.3817,0.7011,0.6654,5.125
8/30/2024,-3.1653,-0.1608,-1.4795,-1.2913,5.117
9/2/2024,-3.1653,-0.1608,-1.4795,0.2803,5.117
9/3/2024,-4.3718,-2.0943,-3.2097,-2.6246,5.117
9/4/2024,-2.0819,-1.2211,-1.3995,-1.1005,5.081
9/5/2024,0.4022,-0.7803,-0.1851,-0.3387,5.066
9/6/2024,-1.3736,-0.4683,-1.391,-2.2492,5.057
9/9/2024,0.4933,2.104,-0.3135,1.076,5.027
9/10/2024,-3.3348,-3.6432,-2.044,-1.4903,4.969
9/11/2024,1.3292,-0.9926,0.4494,-0.2826,5.006
9/12/2024,3.0066,1.3762,0.9268,1.0504,4.971
9/13/2024,-0.0715,-0.0719,0.8233,0.6765,4.886
9/16/2024,1.4891,1.4035,1.4447,-0.3769,4.87
9/17/2024,1.1851,1.3042,0.774,0.7732,4.856
9/18/2024,-1.478,0.3503,-0.3687,0.0653,4.759
9/19/2024,2.9578,1.2393,1.0176,1.7292,4.719
9/20/2024,0.2337,-0.6293,-0.3663,-1.2187,4.663
9/23/2024,-0.9188,1.8131,0.674,1.1526,4.62
9/24/2024,1.4394,-0.2641,-0.0913,-0.016,4.615
9/25/2024,-2.4696,-1.9479,-3.5029,-1.6854,4.619
9/26/2024,-3.4555,-1.7165,-2.8093,-4.2776,4.619
9/27/2024,1.8258,2.6773,2.0461,0.5117,4.611
9/30/2024,-0.4981,1.2088,-0.0955,0.3394,4.627
10/1/2024,3.1322,2.3119,2.23,1.8772,4.578
10/2/2024,0.9014,1.3258,0.8725,1.7928,4.593
10/3/2024,4.0819,0.8723,0.278,0.6034,4.588
10/4/2024,0.8187,1.8355,1.2939,0.9564,4.622
10/7/2024,3.7328,0.4326,0.7908,1.8304,4.651
10/8/2024,-4.3056,-2.6561,-3.3494,-2.1287,4.634
10/9/2024,-0.7125,0.041,-0.1561,0.3705,4.658
10/10/2024,3.3488,0.86,1.1257,0.3692,4.646
10/11/2024,-0.36,0.3817,-0.7112,0,4.634
10/14/2024,-2.0132,0.3802,-0.3737,0.048,4.634
10/15/2024,-4.1749,-3.0061,-3.9075,-3.0051,4.628
10/16/2024,-0.4948,0.2576,0.6181,0.8075,4.628
10/17/2024,0.3039,-0.2569,1.2609,1.2261,4.644
10/18/2024,-1.7075,-0.2825,0.0319,-0.7429,4.636
10/21/2024,1.2328,0.0583,0.4469,0.5207,4.632
10/22/2024,2.3803,0.5163,0.3495,0.6636,4.633
10/23/2024,-0.5812,-0.3563,-0.855,-0.9648,4.638
10/24/2024,-0.6662,-0.5654,-0.0319,-0.0162,4.619
10/25/2024,1.6014,-0.0836,0.7029,0.406,4.642
10/28/2024,-5.1192,-0.4938,-1.4911,-1.3586,4.614
10/29/2024,-1.0933,-1.3625,-5.4428,-0.9674,4.595
10/30/2024,2.4404,-0.5031,-1.158,-0.2483,4.579
10/31/2024,2.4103,0.0771,1.1716,2.2905,4.548
11/1/2024,-1.4505,-1.567,-0.4428,1.0547,4.516
11/4/2024,3.1519,3.184,1.7106,0.2087,4.527
11/5/2024,0.5923,0.2951,0.7736,0.6409,4.535
11/6/2024,-0.2542,1.7149,0.6676,0.0796,4.54
11/7/2024,0.161,0.124,0.431,0.5886,4.542
11/8/2024,-2.0493,-0.033,-2.9052,-1.1545,4.533
11/11/2024,-2.9947,-0.5284,-0.0346,-0.16,4.533
11/12/2024,-0.3524,-0.0996,-2.6279,-1.8269,4.535
11/13/2024,0.0566,0.9306,1.456,0.2775,4.5
11/14/2024,0.7917,0.0659,1.6801,1.3873,4.529
11/15/2024,-2.1602,-1.0368,-0.241,0.7788,4.501
11/18/2024,3.3262,0.8382,1.5183,0.8211,4.516
11/19/2024,0.333,-1.3964,-1.1217,-0.527,4.523
11/20/2024,-0.4011,1.4246,-0.0344,-0.4013,4.537
11/21/2024,1.6384,1.3381,1.5131,1.628,4.545
11/22/2024,1.4344,-0.1148,0.6775,0.2696,4.545
11/25/2024,-2.8956,-1.4944,-1.3459,-1.566,4.527
11/26/2024,-0.6796,-1.6671,-1.2278,-0.7713,4.492
11/27/2024,0.1536,-0.2628,0.587,-0.5182,4.5
11/28/2024,0.1536,-0.2628,0.587,-0.1465,4.5
11/29/2024,-0.1534,0.255,0.6179,0.163,4.492
12/2/2024,-0.796,-0.0933,-1.0918,-0.6022,4.467
12/3/2024,2.8153,-0.1527,1.5868,1.6375,4.459
12/4/2024,-1.5882,-2.8809,-1.0866,-0.8378,4.458
12/5/2024,-0.5704,0.4375,0.0343,-1.5435,4.446
12/6/2024,-1.721,-1.0542,-1.51,-0.7096,4.398
12/9/2024,1.324,-0.5899,4.8432,2.5096,4.399
12/10/2024,0.3232,-0.2037,0.0332,-0.1621,4.38
12/11/2024,2.7031,-0.6657,0.7641,-0.8444,4.364
12/12/2024,-0.1636,-0.0893,-0.5935,0.1638,4.332
12/13/2024,1.3659,-0.8764,-0.5638,-0.7521,4.325
12/16/2024,-0.6872,-2.1382,-3.4356,-1.2356,4.313
12/17/2024,-0.5427,-0.4241,0.4491,-1.8182,4.329
12/18/2024,-0.4911,-1.4721,-1.8569,0.4927,4.343
12/19/2024,-0.4524,-0.8551,-0.4555,-0.7777,4.333
12/20/2024,0.6748,0.3412,0.6688,-0.5112,4.325
12/23/2024,-0.0547,0.4062,0.5245,0.2569,4.321
12/24/2024,0.8076,0.0941,0.1391,0.9395,4.32
12/25/2024,0.8076,0.0941,0.1391,0.9395,4.32
12/26/2024,-0.706,0.0846,0.2084,0.9395,4.331
12/27/2024,0.9845,-0.0094,0.3813,0.6939,4.283
12/30/2024,1.3135,-0.6762,0.4489,0,4.283
12/31/2024,0.9757,1.7114,1.6157,1.2269,4.321
1/1/2025,0.9757,1.7114,1.6157,1.2269,4.321
1/2/2025,1.8266,-0.2417,1.2517,2.3078,4.311
1/3/2025,1.2869,0.5125,1.8042,1.5417,4.299
1/6/2025,-0.7957,-0.1113,1.8051,0.3516,4.298
1/7/2025,1.1255,0.9374,2.6112,1.2104,4.31
1/8/2025,-1.113,-1.6736,-2.2306,-1.6837,4.312
1/9/2025,-1.113,-1.6736,-2.2306,0.9923,4.309
1/10/2025,4.3208,-0.3647,0.5463,0.2219,4.324
1/13/2025,1.9717,2.5812,-0.2237,1.2492,4.323
1/14/2025,-0.681,0.3934,-0.4164,-0.3904,4.314
1/15/2025,3.2693,1.6314,0.6755,0.7526,4.307
1/16/2025,-1.6599,-0.1704,1.5335,0.1089,4.304
1/17/2025,-0.5064,0.8983,-0.2832,0.9016,4.3
1/20/2025,-0.5064,0.8983,-0.2832,-0.2619,4.3
1/21/2025,-1.7087,-0.7568,-0.5364,-0.7723,4.304
1/22/2025,-0.8384,-1.7404,-1.2373,-0.2491,4.322
1/23/2025,-1.5168,0.5661,1.1564,-0.2029,4.318
1/24/2025,0.4924,-1.3527,-0.127,-2.1579,4.31
1/27/2025,-2.098,1.3897,0,-1.1187,4.298
1/28/2025,1.1934,-1.9334,-0.9221,0.1131,4.29
1/29/2025,-1.3695,0.5831,-0.0963,0.4198,4.294
1/30/2025,-0.0386,0.8282,1.5419,2.91,4.291
1/31/2025,0.3473,-2.5007,-1.74,0.4687,4.289
2/3/2025,-0.2563,0.2434,-0.6117,-0.9485,4.296
2/4/2025,-0.3984,2.68,2.4943,0.6907,4.314
2/5/2025,-1.832,-0.0728,0.0948,-0.2962,4.32
2/6/2025,-0.8411,-1.3196,0.9157,-0.1876,4.323
2/7/2025,0.5434,0.4242,0.97,0.2037,4.333
2/10/2025,2.0301,1.9102,6.6625,0.0156,4.335
2/11/2025,1.124,0.6308,0.3777,1.9697,4.324
2/12/2025,-2.4914,-2.982,0.3763,-0.184,4.333
2/13/2025,0.0917,0.7266,-0.5479,-0.7739,4.323
2/14/2025,-0.7462,0.1017,1.4787,0.8135,4.318
2/17/2025,-0.7462,0.1017,1.4787,0.7138,4.318
2/18/2025,1.5036,1.7554,0.8857,0.0616,4.319
2/19/2025,0.6367,0.1453,-2.1807,0.3542,4.326
2/20/2025,0.4003,1.5413,0.3185,0.0153,4.315
2/21/2025,-3.0993,-1.1696,-0.8081,-1.3348,4.305
2/24/2025,0.8228,0.524,-0.4426,-0.4043,4.295
2/25/2025,-2.422,-1.384,-1.5116,-0.5308,4.29
2/26/2025,-0.3777,-0.2461,-1.6551,0.9418,4.303
2/27/2025,1.9364,0.6304,1.3464,0.793,4.3
2/28/2025,-0.0797,1.0713,0,-0.7868,4.299
3/3/2025,-2.5259,-3.2067,-3.9553,0.7775,4.299
3/4/2025,-0.0136,-0.2042,-1.1632,-3.7957,4.29
3/5/2025,-2.5781,-1.9528,1.3995,-2.3416,4.309
3/6/2025,-0.406,2.0675,-0.5332,0.0493,4.304
3/7/2025,1.3496,1.3009,1.1353,0.5745,4.303
3/10/2025,-1.6646,2.55,0.4365,0.5386,4.283
3/11/2025,0.79,-2.3614,-0.7141,-0.9578,4.288
3/12/2025,1.8894,-0.0275,0.6879,0.9998,4.303
3/13/2025,-1.6209,-0.4215,0.528,1.5255,4.298
3/14/2025,0.9215,2.9723,3.1511,0.6714,4.294
3/17/2025,0.5949,1.6622,1.1081,1.6037,4.291
3/18/2025,-0.6877,-0.1055,1.3626,0.7814,4.284
3/19/2025,0.2908,1.5576,1.1397,1.9693,4.299
3/20/2025,1.8089,0.4246,0.4045,0.4562,4.292
3/21/2025,0.0814,-0.3451,-0.5755,-0.6509,4.29
3/24/2025,1.4772,0.2597,-1.2735,0.1676,4.288
3/25/2025,-0.0801,0.6822,0.5277,1.5211,4.28
3/26/2025,0.8019,1.4409,0.3791,1.9029,4.296
3/27/2025,0.0796,-0.3213,-0.0291,0.2353,4.296
3/28/2025,-0.9406,-0.1357,-1.5984,-1.4816,4.294
3/31/2025,3.4238,1.0193,-0.2067,1.0423,4.299
4/1/2025,-0.3233,0.0925,0.0592,-0.4274,4.299
4/2/2025,0.8563,-0.3108,0,-1.1248,4.305
4/3/2025,-7.062,-5.2583,-7.3055,-4.5652,4.294
4/4/2025,-5.9931,-7.1956,-9.4448,-7.4655,4.253
4/7/2025,-2.8563,-1.3418,-4.2636,-5.2542,4.272
4/8/2025,-4.0012,-2.108,-3.9014,1.3417,4.301
4/9/2025,6.694,4.9916,6.8556,-5.5075,4.331
4/10/2025,-3.3442,-5.5482,-5.9857,1.5879,4.318
4/11/2025,1.7453,3.2122,1.3725,-1.4895,4.323
4/14/2025,0.3009,0.2424,1.2035,2.7067,4.311
4/15/2025,-0.27,-0.2805,1.1148,1.6721,4.305
4/16/2025,1.9103,1.0572,1.6538,1.7876,4.313
4/17/2025,2.5535,2.6202,2.3861,0.5093,4.319
4/18/2025,2.5535,2.6202,2.3861,0.5093,4.319
4/21/2025,-1.2378,-1.4684,-0.8475,0.5093,4.323
4/22/2025,1.093,2.8002,2.8134,-0.2621,4.312
4/23/2025,-1.9028,-0.8587,-0.9352,0.035,4.317
4/24/2025,0.6025,1.1735,1.3986,0.3678,4.306
4/25/2025,0.8326,-0.0552,0.6552,1.0818,4.301
4/28/2025,-1.8398,0.0553,-0.2055,0.1726,4.295
4/29/2025,-2.8188,-0.2486,-3.6389,-0.3963,4.288
4/30/2025,-3.4776,-2.5194,-2.1731,-0.3114,4.288
5/1/2025,1.5104,0.142,1.5295,-0.3114,4.297
5/2/2025,-0.7905,0.4065,0.8608,1.8223,4.319
5/5/2025,-2.5621,-2.7681,3.7696,-1.9431,4.316
5/6/2025,3.5754,1.3944,-2.6731,0.4172,4.311
5/7/2025,-1.6873,-0.0955,-0.9507,-0.4674,4.323
5/8/2025,3.2908,1.3957,1.6353,0.6435,4.329
5/9/2025,1.5396,1.169,4.1273,0.9158,4.324
5/12/2025,1.4863,1.724,1.4108,2.1062,4.388
